{"stats":{"minecraft:mined":{"iceandfire:lightning_lily":1,"minecraft:acacia_leaves":5,"iceandfire:copper_pile":2,"minecraft:crafting_table":2,"minecraft:acacia_log":18,"minecraft:jungle_log":8,"minecraft:moss_block":1,"minecraft:hay_block":26,"iceandfire:silver_pile":8,"iceandfire:gold_pile":6,"minecraft:grass":4,"minecraft:oak_log":8,"minecraft:coal_ore":7,"minecraft:stone":31,"minecraft:birch_fence":2},"minecraft:picked_up":{"minecraft:wooden_axe":3,"memory_of_the_past:lesser_drop_of_knowledge":16,"minecraft:crafting_table":3,"minecraft:feather":2,"minecraft:jungle_log":8,"minecraft:wooden_pickaxe":1,"doggytalents:rice_grains":1,"minecraft:oak_log":8,"minecraft:string":2,"minecraft:wooden_sword":1,"memory_of_the_past:better_drop_of_knowledge":4,"minecraft:birch_fence":2,"minecraft:bone":1,"minecraft:gold_nugget":48,"minecraft:stone_pickaxe":1,"minecraft:azalea":4,"minecraft:sugar_cane":2,"minecraft:oak_planks":22,"minecraft:acacia_sapling":4,"minecraft:stick":17,"iceandfire:copper_nugget":14,"minecraft:acacia_log":18,"iceandfire:lightning_lily":1,"alexsmobs:kangaroo_hide":4,"minecraft:arrow":2,"minecraft:rotten_flesh":10,"minecraft:stone_axe":2,"minecraft:hay_block":26,"iceandfire:silver_nugget":48,"minecraft:coal":6,"alexsmobs:kangaroo_meat":4,"minecraft:white_wool":1,"minecraft:cobblestone":30},"minecraft:killed":{"minecraft:spider":1,"minecraft:sheep":1,"minecraft:zombie":4,"iceandfire:ghost":4,"alexsmobs:gazelle":1,"alexsmobs:roadrunner":2,"alexsmobs:skelewag":1,"alexsmobs:kangaroo":3},"minecraft:killed_by":{"minecraft:player":2,"minecraft:skeleton":1,"iceandfire:siren":1,"alexsmobs:komodo_dragon":1},"minecraft:dropped":{"minecraft:stone_axe":2,"alexsmobs:kangaroo_meat":1,"wom:ender_blaster":1,"minecraft:rotten_flesh":11,"minecraft:oak_planks":22,"minecraft:wooden_axe":3,"minecraft:acacia_sapling":1,"minecraft:azalea":2,"minecraft:wooden_sword":1,"minecraft:wooden_pickaxe":1,"minecraft:stone_pickaxe":1,"minecraft:acacia_planks":4},"minecraft:used":{"wom:satsujin":76,"minecraft:stone_pickaxe":30,"minecraft:wooden_pickaxe":8,"minecraft:crafting_table":4,"wom:ender_blaster":1,"minecraft:wooden_axe":21,"iceandfire:lightning_lily":1,"minecraft:bread":2,"alexsmobs:kangaroo_meat":3,"epicfight:stone_greatsword":2,"minecraft:stone_axe":21,"minecraft:wooden_sword":8,"minecraft:golden_carrot":3},"minecraft:custom":{"minecraft:interact_with_furnace":2,"minecraft:mob_kills":17,"minecraft:interact_with_crafting_table":10,"minecraft:open_barrel":1,"minecraft:time_since_death":6898,"minecraft:climb_one_cm":1868,"minecraft:time_since_rest":6943,"minecraft:sprint_one_cm":134221,"minecraft:damage_taken":1625,"minecraft:walk_one_cm":175695,"minecraft:trigger_trapped_chest":2,"minecraft:drop":19,"minecraft:damage_dealt":3386,"minecraft:talked_to_villager":4,"minecraft:swim_one_cm":16612,"minecraft:fly_one_cm":134188,"minecraft:player_kills":4,"minecraft:open_chest":12,"minecraft:crouch_one_cm":1000,"minecraft:play_time":45935,"minecraft:deaths":5,"minecraft:sneak_time":386,"minecraft:walk_under_water_one_cm":6654,"minecraft:boat_one_cm":77447,"minecraft:jump":1042,"minecraft:walk_on_water_one_cm":10735,"minecraft:total_world_time":45935,"minecraft:fall_one_cm":22708},"minecraft:crafted":{"minecraft:wooden_sword":1,"minecraft:oak_planks":8,"minecraft:crafting_table":1,"epicfight:stone_greatsword":1,"minecraft:stone_axe":1,"minecraft:jungle_planks":32,"minecraft:leather":2,"minecraft:stick":16,"minecraft:wooden_axe":2,"minecraft:stone_pickaxe":1,"minecraft:acacia_planks":40,"minecraft:wheat":234}},"DataVersion":3465}