{"stats":{"minecraft:mined":{"iceandfire:lightning_lily":1,"iceandfire:silver_ore":4,"minecraft:deepslate_diamond_ore":5,"iceandfire:copper_pile":2,"minecraft:jungle_leaves":2,"minecraft:granite":1,"minecraft:budding_amethyst":1,"minecraft:acacia_log":21,"minecraft:jungle_log":28,"minecraft:moss_block":2,"minecraft:spawner":1,"minecraft:hay_block":26,"minecraft:furnace":1,"minecraft:carrots":23,"minecraft:iron_ore":12,"minecraft:vine":1,"minecraft:potatoes":15,"iceandfire:gold_pile":10,"minecraft:deepslate_iron_ore":13,"minecraft:stone":50,"minecraft:tripwire":1,"minecraft:acacia_leaves":5,"minecraft:crafting_table":4,"minecraft:torch":3,"minecraft:tall_grass":2,"minecraft:cobblestone":9,"minecraft:deepslate_gold_ore":11,"minecraft:sugar_cane":1,"minecraft:wall_torch":7,"minecraft:wheat":5,"iceandfire:podium_birch":1,"iceandfire:silver_pile":16,"minecraft:grass":7,"minecraft:oak_log":8,"minecraft:coal_ore":18,"minecraft:beetroots":7,"minecraft:small_dripleaf":2,"minecraft:gold_ore":9,"minecraft:deepslate":10,"minecraft:birch_fence":3},"minecraft:picked_up":{"minecraft:crafting_table":5,"minecraft:iron_chestplate":2,"minecraft:allium":1,"minecraft:wheat":5,"minecraft:clay_ball":10,"minecraft:wooden_pickaxe":1,"alexsmobs:gazelle_horn":3,"minecraft:string":12,"minecraft:moss_carpet":1,"minecraft:wooden_sword":1,"memory_of_the_past:better_drop_of_knowledge":17,"minecraft:iron_leggings":1,"minecraft:birch_fence":3,"minecraft:beetroot":7,"iceandfire:bestiary":1,"minecraft:gold_nugget":322,"minecraft:cobbled_deepslate":9,"minecraft:azalea":5,"minecraft:iron_pickaxe":1,"minecraft:sugar_cane":6,"minecraft:iron_boots":1,"minecraft:furnace":1,"minecraft:stick":24,"minecraft:raw_iron":22,"minecraft:sandstone":1,"minecraft:torch":17,"minecraft:acacia_log":21,"epicfight:skillbook":2,"minecraft:carrot":129,"iceandfire:lightning_lily":1,"iceandfire:silver_ingot":1,"minecraft:arrow":19,"minecraft:rotten_flesh":38,"minecraft:beetroot_seeds":20,"minecraft:hay_block":26,"minecraft:gold_ingot":9,"minecraft:mutton":22,"alexsmobs:kangaroo_meat":4,"minecraft:white_wool":14,"minecraft:cobblestone":79,"memory_of_the_past:lesser_drop_of_knowledge":94,"minecraft:feather":2,"minecraft:water_bucket":1,"minecraft:jungle_log":27,"minecraft:potato":49,"wom:iron_greataxe":1,"doggytalents:rice_grains":1,"minecraft:oak_log":8,"minecraft:golden_boots":1,"minecraft:gunpowder":3,"minecraft:dirt":14,"minecraft:bone":11,"jet_and_elias_armors:knight_m_pink_boots":1,"epicfight:iron_greatsword":1,"minecraft:bow":1,"minecraft:wheat_seeds":15,"minecraft:raw_gold":20,"iceandfire:armor_silver_metal_helmet":2,"minecraft:iron_ingot":10,"minecraft:stone_pickaxe":2,"minecraft:moss_block":1,"minecraft:oak_planks":22,"minecraft:acacia_sapling":4,"minecraft:book":1,"iceandfire:copper_nugget":14,"minecraft:sand":3,"minecraft:spider_eye":4,"iceandfire:silver_pickaxe":2,"alexsmobs:kangaroo_hide":6,"jet_and_elias_armors:hedge_knight_armor_helmet":1,"minecraft:diamond":5,"minecraft:stone_axe":2,"iceandfire:silver_sword":1,"minecraft:iron_helmet":1,"minecraft:granite":5,"jet_and_elias_armors:knight_m_pink_leggings":1,"minecraft:bread":1,"iceandfire:silver_nugget":127,"minecraft:coal":17,"iceandfire:raw_silver":4,"minecraft:ender_pearl":1,"minecraft:wooden_axe":3},"minecraft:killed":{"minecraft:spider":4,"minecraft:skeleton":15,"takesapillage:clay_golem":1,"alexsmobs:skelewag":1,"alexsmobs:kangaroo":4,"minecraft:cat":1,"minecraft:husk":1,"alexsmobs:guster":1,"minecraft:creeper":6,"minecraft:sheep":14,"minecraft:pillager":3,"minecraft:zombie":41,"iceandfire:ghost":4,"alexsmobs:gazelle":7,"alexsmobs:rain_frog":1,"alexsmobs:roadrunner":2,"alexsmobs:komodo_dragon":1,"minecraft:cow":1,"minecraft:enderman":3},"minecraft:killed_by":{"minecraft:player":2,"minecraft:creeper":1,"iceandfire:siren":1,"minecraft:skeleton":6,"alexsmobs:komodo_dragon":2},"minecraft:used":{"wom:satsujin":251,"minecraft:chest":1,"minecraft:shield":10,"minecraft:torch":46,"minecraft:jungle_planks":22,"minecraft:carrot":4,"iceandfire:armor_silver_metal_helmet":2,"wom:iron_greataxe":2,"wom:ender_blaster":1,"minecraft:wooden_axe":21,"doggytalents:sussy_sickle":5,"iceandfire:lightning_lily":1,"epicfight:iron_greatsword":92,"epicfight:stone_greatsword":2,"minecraft:golden_carrot":17,"minecraft:furnace":1,"minecraft:golden_boots":1,"epicfight:skillbook":4,"minecraft:water_bucket":17,"minecraft:stone_pickaxe":34,"minecraft:wooden_pickaxe":22,"minecraft:jungle_boat":1,"minecraft:crafting_table":9,"iceandfire:armor_silver_metal_chestplate":1,"iceandfire:silver_pickaxe":3,"minecraft:bread":32,"minecraft:iron_pickaxe":87,"alexsmobs:kangaroo_meat":3,"minecraft:stone_axe":38,"minecraft:wooden_sword":8,"minecraft:cobblestone":31,"minecraft:bucket":17,"minecraft:experience_bottle":4},"minecraft:dropped":{"minecraft:iron_ingot":1,"minecraft:golden_boots":2,"iceandfire:raw_silver":1,"minecraft:moss_block":1,"minecraft:wheat_seeds":15,"alexsmobs:kangaroo_meat":1,"minecraft:feather":2,"minecraft:cobblestone":4,"minecraft:iron_helmet":1,"wom:iron_greataxe":2,"minecraft:granite":5,"minecraft:stick":4,"minecraft:dirt":14,"minecraft:birch_fence":3,"iceandfire:copper_nugget":14,"iceandfire:silver_sword":1,"minecraft:wooden_axe":3,"jet_and_elias_armors:knight_m_pink_boots":1,"iceandfire:armor_silver_metal_chestplate":1,"minecraft:iron_leggings":1,"minecraft:wooden_sword":2,"minecraft:gold_nugget":89,"minecraft:sand":3,"iceandfire:armor_silver_metal_helmet":3,"minecraft:paper":4,"minecraft:string":6,"minecraft:acacia_planks":4,"minecraft:gold_ingot":18,"minecraft:bone":7,"minecraft:stone_axe":3,"minecraft:sugar_cane":6,"minecraft:iron_nugget":8,"wom:ender_blaster":1,"minecraft:beetroot":7,"minecraft:rotten_flesh":44,"minecraft:clay_ball":10,"minecraft:oak_planks":22,"minecraft:iron_boots":1,"alexsmobs:kangaroo_hide":2,"minecraft:gunpowder":3,"minecraft:allium":1,"minecraft:iron_chestplate":1,"minecraft:beetroot_seeds":20,"iceandfire:silver_ingot":2,"minecraft:azalea":3,"minecraft:acacia_sapling":2,"minecraft:spider_eye":4,"minecraft:sandstone":1,"minecraft:stone_pickaxe":3,"minecraft:wooden_pickaxe":2,"minecraft:raw_gold":13,"minecraft:bread":42,"iceandfire:silver_pickaxe":2,"iceandfire:manuscript":1},"minecraft:custom":{"minecraft:mob_kills":113,"minecraft:interact_with_crafting_table":35,"minecraft:open_barrel":4,"minecraft:eat_cake_slice":2,"minecraft:leave_game":2,"minecraft:time_since_death":70296,"minecraft:climb_one_cm":6054,"minecraft:sprint_one_cm":367992,"minecraft:walk_one_cm":658673,"minecraft:damage_blocked_by_shield":405,"minecraft:drop":129,"minecraft:talked_to_villager":4,"minecraft:play_time":158894,"minecraft:deaths":12,"minecraft:sneak_time":1843,"minecraft:walk_under_water_one_cm":23874,"minecraft:boat_one_cm":144240,"minecraft:interact_with_lectern":4,"minecraft:jump":2698,"minecraft:walk_on_water_one_cm":28782,"minecraft:total_world_time":158894,"minecraft:interact_with_furnace":21,"minecraft:sleep_in_bed":1,"minecraft:time_since_rest":70321,"minecraft:damage_taken":6511,"minecraft:trigger_trapped_chest":4,"minecraft:damage_dealt":21559,"minecraft:swim_one_cm":53517,"minecraft:fly_one_cm":369097,"minecraft:player_kills":4,"minecraft:open_chest":43,"minecraft:crouch_one_cm":4691,"minecraft:fall_one_cm":61116},"minecraft:crafted":{"minecraft:golden_carrot":23,"minecraft:wooden_sword":2,"minecraft:oak_planks":8,"iceandfire:armor_silver_metal_chestplate":1,"minecraft:leather":2,"doggytalents:sussy_sickle":1,"minecraft:iron_axe":1,"wom:iron_greataxe":1,"minecraft:stone_pickaxe":2,"epicfight:iron_greatsword":1,"minecraft:chest":1,"minecraft:wheat":234,"iceandfire:silver_ingot":14,"minecraft:crafting_table":4,"minecraft:jungle_boat":1,"minecraft:wooden_pickaxe":1,"epicfight:stone_greatsword":1,"minecraft:stone_axe":2,"minecraft:bread":83,"minecraft:air":0,"minecraft:jungle_planks":108,"iceandfire:armor_silver_metal_helmet":1,"minecraft:gold_nugget":243,"minecraft:shield":1,"minecraft:stick":32,"minecraft:iron_pickaxe":2,"minecraft:iron_ingot":23,"minecraft:wooden_axe":2,"minecraft:gold_ingot":28,"minecraft:acacia_planks":52,"minecraft:torch":40}},"DataVersion":3465}