{"stats":{"minecraft:mined":{"iceandfire:lightning_lily":1,"minecraft:acacia_leaves":5,"iceandfire:silver_ore":1,"iceandfire:copper_pile":2,"minecraft:crafting_table":3,"minecraft:acacia_log":18,"minecraft:jungle_log":24,"minecraft:moss_block":2,"minecraft:hay_block":26,"minecraft:iron_ore":1,"minecraft:carrots":23,"minecraft:wheat":5,"iceandfire:podium_birch":1,"minecraft:beetroots":7,"minecraft:coal_ore":7,"minecraft:grass":5,"minecraft:potatoes":15,"minecraft:oak_log":8,"iceandfire:silver_pile":16,"iceandfire:gold_pile":10,"minecraft:stone":31,"minecraft:small_dripleaf":2,"minecraft:birch_fence":3},"minecraft:picked_up":{"minecraft:wooden_axe":3,"memory_of_the_past:lesser_drop_of_knowledge":26,"minecraft:wheat":5,"minecraft:crafting_table":4,"minecraft:feather":2,"minecraft:clay_ball":10,"minecraft:jungle_log":24,"minecraft:wooden_pickaxe":1,"minecraft:potato":49,"doggytalents:rice_grains":1,"minecraft:oak_log":8,"minecraft:string":4,"minecraft:wooden_sword":1,"memory_of_the_past:better_drop_of_knowledge":6,"minecraft:birch_fence":3,"minecraft:bone":3,"minecraft:beetroot":7,"iceandfire:bestiary":1,"minecraft:wheat_seeds":15,"minecraft:gold_nugget":202,"minecraft:stone_pickaxe":1,"minecraft:azalea":5,"minecraft:moss_block":1,"minecraft:sugar_cane":4,"minecraft:acacia_sapling":4,"minecraft:oak_planks":22,"minecraft:raw_iron":1,"minecraft:stick":24,"iceandfire:copper_nugget":14,"minecraft:torch":6,"minecraft:acacia_log":18,"minecraft:spider_eye":1,"minecraft:sand":3,"minecraft:carrot":65,"alexsmobs:kangaroo_hide":4,"iceandfire:silver_ingot":1,"iceandfire:lightning_lily":1,"minecraft:arrow":6,"minecraft:rotten_flesh":13,"minecraft:stone_axe":2,"minecraft:beetroot_seeds":20,"minecraft:hay_block":26,"minecraft:gold_ingot":9,"iceandfire:raw_silver":1,"iceandfire:silver_nugget":127,"minecraft:coal":6,"alexsmobs:kangaroo_meat":4,"minecraft:white_wool":1,"minecraft:cobblestone":41,"minecraft:allium":1},"minecraft:killed":{"alexsmobs:guster":1,"minecraft:spider":1,"minecraft:creeper":4,"minecraft:sheep":1,"takesapillage:clay_golem":1,"minecraft:zombie":9,"iceandfire:ghost":4,"alexsmobs:gazelle":1,"alexsmobs:rain_frog":1,"alexsmobs:roadrunner":2,"alexsmobs:skelewag":1,"alexsmobs:kangaroo":3},"minecraft:killed_by":{"minecraft:player":2,"minecraft:skeleton":1,"iceandfire:siren":1,"alexsmobs:komodo_dragon":2},"minecraft:used":{"wom:satsujin":176,"minecraft:stone_pickaxe":33,"minecraft:shield":1,"minecraft:wooden_pickaxe":8,"minecraft:torch":6,"minecraft:crafting_table":5,"minecraft:jungle_planks":4,"minecraft:carrot":4,"iceandfire:armor_silver_metal_helmet":1,"iceandfire:armor_silver_metal_chestplate":1,"wom:ender_blaster":1,"minecraft:wooden_axe":21,"iceandfire:lightning_lily":1,"minecraft:bread":8,"alexsmobs:kangaroo_meat":3,"minecraft:stone_axe":37,"minecraft:wooden_sword":8,"epicfight:stone_greatsword":2,"minecraft:golden_carrot":3,"minecraft:golden_boots":1},"minecraft:dropped":{"minecraft:bread":33,"minecraft:iron_ingot":1,"minecraft:stone_axe":2,"minecraft:moss_block":1,"minecraft:sugar_cane":4,"minecraft:wheat_seeds":15,"alexsmobs:kangaroo_meat":1,"wom:ender_blaster":1,"minecraft:beetroot":7,"minecraft:rotten_flesh":19,"minecraft:clay_ball":10,"minecraft:oak_planks":22,"minecraft:birch_fence":3,"minecraft:spider_eye":1,"minecraft:allium":1,"iceandfire:copper_nugget":14,"minecraft:azalea":3,"minecraft:wooden_sword":1,"minecraft:wooden_axe":3,"minecraft:acacia_sapling":2,"minecraft:gold_nugget":80,"minecraft:beetroot_seeds":20,"iceandfire:silver_ingot":2,"minecraft:sand":3,"minecraft:wooden_pickaxe":1,"minecraft:stone_pickaxe":1,"minecraft:bone":2,"minecraft:acacia_planks":4,"minecraft:gold_ingot":18},"minecraft:custom":{"minecraft:interact_with_furnace":3,"minecraft:mob_kills":29,"minecraft:interact_with_crafting_table":18,"minecraft:open_barrel":1,"minecraft:leave_game":1,"minecraft:time_since_death":7093,"minecraft:sleep_in_bed":1,"minecraft:climb_one_cm":2155,"minecraft:time_since_rest":6345,"minecraft:sprint_one_cm":177386,"minecraft:damage_taken":2154,"minecraft:walk_one_cm":302308,"minecraft:damage_blocked_by_shield":30,"minecraft:trigger_trapped_chest":2,"minecraft:drop":49,"minecraft:damage_dealt":5836,"minecraft:swim_one_cm":16954,"minecraft:talked_to_villager":4,"minecraft:fly_one_cm":172864,"minecraft:player_kills":4,"minecraft:open_chest":27,"minecraft:crouch_one_cm":1397,"minecraft:play_time":69511,"minecraft:deaths":6,"minecraft:sneak_time":608,"minecraft:walk_under_water_one_cm":7072,"minecraft:boat_one_cm":103909,"minecraft:jump":1300,"minecraft:walk_on_water_one_cm":12288,"minecraft:total_world_time":69511,"minecraft:fall_one_cm":26671},"minecraft:crafted":{"minecraft:wooden_sword":1,"minecraft:oak_planks":8,"iceandfire:silver_ingot":14,"minecraft:crafting_table":2,"epicfight:stone_greatsword":1,"minecraft:stone_axe":2,"minecraft:bread":83,"minecraft:jungle_planks":40,"iceandfire:armor_silver_metal_helmet":1,"iceandfire:armor_silver_metal_chestplate":1,"minecraft:leather":2,"minecraft:shield":1,"minecraft:stick":16,"minecraft:iron_ingot":2,"minecraft:stone_pickaxe":2,"minecraft:wooden_axe":2,"minecraft:gold_ingot":14,"minecraft:acacia_planks":40,"minecraft:wheat":234}},"DataVersion":3465}