{"stats":{"minecraft:mined":{"iceandfire:lightning_lily":1,"minecraft:acacia_leaves":5,"minecraft:crafting_table":2,"minecraft:coal_ore":7,"minecraft:grass":2,"minecraft:acacia_log":14,"minecraft:oak_log":8,"minecraft:jungle_log":8,"minecraft:stone":31},"minecraft:picked_up":{"minecraft:wooden_axe":3,"memory_of_the_past:lesser_drop_of_knowledge":8,"minecraft:stick":17,"minecraft:crafting_table":3,"minecraft:jungle_log":8,"minecraft:wooden_pickaxe":1,"minecraft:acacia_log":14,"doggytalents:rice_grains":1,"minecraft:oak_log":8,"minecraft:bone":1,"minecraft:string":2,"iceandfire:lightning_lily":1,"minecraft:wooden_sword":1,"memory_of_the_past:better_drop_of_knowledge":2,"alexsmobs:kangaroo_hide":4,"minecraft:arrow":2,"minecraft:stone_axe":2,"minecraft:stone_pickaxe":1,"minecraft:azalea":4,"minecraft:coal":6,"minecraft:oak_planks":22,"minecraft:acacia_sapling":2,"alexsmobs:kangaroo_meat":4,"minecraft:white_wool":1,"minecraft:cobblestone":30},"minecraft:killed":{"minecraft:sheep":1,"minecraft:zombie":1,"alexsmobs:gazelle":1,"minecraft:spider":1,"alexsmobs:skelewag":1,"alexsmobs:kangaroo":3},"minecraft:killed_by":{"alexsmobs:komodo_dragon":1,"minecraft:player":2},"minecraft:dropped":{"minecraft:stone_axe":2,"minecraft:wooden_axe":3,"minecraft:rotten_flesh":6,"alexsmobs:kangaroo_meat":1,"minecraft:azalea":2,"minecraft:oak_planks":22,"minecraft:wooden_sword":1,"minecraft:stone_pickaxe":1,"minecraft:wooden_pickaxe":1,"minecraft:acacia_planks":4},"minecraft:used":{"minecraft:wooden_axe":21,"iceandfire:lightning_lily":1,"minecraft:stone_pickaxe":30,"alexsmobs:kangaroo_meat":3,"minecraft:wooden_pickaxe":8,"epicfight:stone_greatsword":2,"minecraft:stone_axe":21,"minecraft:wooden_sword":8,"minecraft:crafting_table":3},"minecraft:custom":{"minecraft:time_since_rest":10738,"minecraft:sprint_one_cm":47546,"minecraft:damage_taken":1035,"minecraft:walk_one_cm":78462,"minecraft:mob_kills":8,"minecraft:drop":16,"minecraft:damage_dealt":1700,"minecraft:open_chest":2,"minecraft:swim_one_cm":2523,"minecraft:interact_with_crafting_table":9,"minecraft:player_kills":3,"minecraft:fly_one_cm":57422,"minecraft:crouch_one_cm":540,"minecraft:play_time":21935,"minecraft:deaths":3,"minecraft:sneak_time":223,"minecraft:walk_under_water_one_cm":3967,"minecraft:boat_one_cm":33183,"minecraft:jump":463,"minecraft:walk_on_water_one_cm":1586,"minecraft:time_since_death":10685,"minecraft:climb_one_cm":24,"minecraft:total_world_time":21935,"minecraft:fall_one_cm":10004,"minecraft:interact_with_furnace":1},"minecraft:crafted":{"minecraft:wooden_sword":1,"minecraft:oak_planks":8,"minecraft:leather":2,"minecraft:stick":12,"minecraft:stone_pickaxe":1,"minecraft:wooden_axe":2,"epicfight:stone_greatsword":1,"minecraft:acacia_planks":24,"minecraft:stone_axe":1,"minecraft:jungle_planks":32}},"DataVersion":3465}