{"stats":{"minecraft:mined":{"iceandfire:lightning_lily":1,"minecraft:acacia_leaves":5,"minecraft:crafting_table":1,"minecraft:grass":2,"minecraft:acacia_log":13,"minecraft:oak_log":8,"minecraft:stone":8},"minecraft:picked_up":{"minecraft:wooden_axe":3,"memory_of_the_past:lesser_drop_of_knowledge":3,"minecraft:stick":17,"minecraft:crafting_table":2,"minecraft:wooden_pickaxe":1,"minecraft:acacia_log":13,"doggytalents:rice_grains":1,"minecraft:oak_log":8,"minecraft:string":2,"iceandfire:lightning_lily":1,"minecraft:wooden_sword":1,"memory_of_the_past:better_drop_of_knowledge":2,"alexsmobs:kangaroo_hide":2,"minecraft:arrow":2,"minecraft:stone_axe":2,"minecraft:stone_pickaxe":1,"minecraft:oak_planks":22,"minecraft:acacia_sapling":2,"alexsmobs:kangaroo_meat":2,"minecraft:white_wool":1,"minecraft:cobblestone":8},"minecraft:killed":{"minecraft:sheep":1,"minecraft:zombie":1,"alexsmobs:gazelle":1,"alexsmobs:kangaroo":1},"minecraft:killed_by":{"minecraft:player":2},"minecraft:dropped":{"minecraft:stone_axe":2,"minecraft:wooden_axe":3,"minecraft:wooden_sword":1,"minecraft:stone_pickaxe":1,"minecraft:wooden_pickaxe":1,"minecraft:acacia_planks":4},"minecraft:used":{"minecraft:wooden_axe":21,"alexsmobs:kangaroo_meat":2,"minecraft:wooden_pickaxe":8,"minecraft:stone_axe":3,"minecraft:wooden_sword":8,"minecraft:crafting_table":1},"minecraft:custom":{"minecraft:time_since_rest":4376,"minecraft:sprint_one_cm":19433,"minecraft:damage_taken":670,"minecraft:walk_one_cm":42924,"minecraft:mob_kills":4,"minecraft:drop":12,"minecraft:damage_dealt":936,"minecraft:interact_with_crafting_table":6,"minecraft:player_kills":3,"minecraft:fly_one_cm":13846,"minecraft:crouch_one_cm":508,"minecraft:play_time":9935,"minecraft:deaths":2,"minecraft:sneak_time":147,"minecraft:jump":141,"minecraft:walk_on_water_one_cm":933,"minecraft:time_since_death":4349,"minecraft:total_world_time":9935,"minecraft:fall_one_cm":3179},"minecraft:crafted":{"minecraft:wooden_sword":1,"minecraft:oak_planks":8,"minecraft:stick":12,"minecraft:stone_pickaxe":1,"minecraft:wooden_axe":2,"minecraft:acacia_planks":20,"minecraft:stone_axe":1}},"DataVersion":3465}