{"stats":{"minecraft:mined":{"iceandfire:lightning_lily":1,"iceandfire:silver_ore":4,"iceandfire:copper_pile":2,"minecraft:granite":1,"minecraft:acacia_log":21,"minecraft:jungle_log":28,"minecraft:moss_block":2,"minecraft:hay_block":26,"minecraft:furnace":1,"minecraft:carrots":23,"minecraft:iron_ore":7,"minecraft:potatoes":15,"minecraft:deepslate_iron_ore":5,"iceandfire:gold_pile":10,"minecraft:stone":49,"minecraft:acacia_leaves":5,"minecraft:crafting_table":4,"minecraft:torch":3,"minecraft:cobblestone":2,"minecraft:deepslate_gold_ore":10,"minecraft:sugar_cane":1,"minecraft:wall_torch":7,"minecraft:wheat":5,"iceandfire:podium_birch":1,"iceandfire:silver_pile":16,"minecraft:grass":5,"minecraft:oak_log":8,"minecraft:coal_ore":7,"minecraft:beetroots":7,"minecraft:small_dripleaf":2,"minecraft:gold_ore":9,"minecraft:deepslate":4,"minecraft:birch_fence":3},"minecraft:picked_up":{"minecraft:wooden_axe":3,"minecraft:iron_chestplate":2,"minecraft:allium":1,"minecraft:crafting_table":5,"minecraft:wheat":5,"minecraft:clay_ball":10,"minecraft:wooden_pickaxe":1,"minecraft:string":11,"minecraft:wooden_sword":1,"memory_of_the_past:better_drop_of_knowledge":12,"minecraft:iron_leggings":1,"minecraft:birch_fence":3,"minecraft:beetroot":7,"iceandfire:bestiary":1,"minecraft:gold_nugget":322,"minecraft:cobbled_deepslate":3,"minecraft:azalea":5,"minecraft:sugar_cane":6,"minecraft:iron_boots":1,"minecraft:furnace":1,"minecraft:sandstone":1,"minecraft:stick":24,"minecraft:raw_iron":9,"minecraft:torch":15,"minecraft:acacia_log":21,"epicfight:skillbook":1,"minecraft:carrot":129,"iceandfire:lightning_lily":1,"iceandfire:silver_ingot":1,"minecraft:arrow":17,"minecraft:rotten_flesh":36,"minecraft:beetroot_seeds":20,"minecraft:hay_block":26,"minecraft:gold_ingot":9,"minecraft:cobblestone":71,"alexsmobs:kangaroo_meat":4,"minecraft:white_wool":1,"memory_of_the_past:lesser_drop_of_knowledge":61,"minecraft:feather":2,"minecraft:water_bucket":1,"minecraft:jungle_log":27,"minecraft:potato":49,"doggytalents:rice_grains":1,"minecraft:oak_log":8,"minecraft:golden_boots":1,"minecraft:gunpowder":3,"minecraft:dirt":14,"minecraft:bone":8,"jet_and_elias_armors:knight_m_pink_boots":1,"minecraft:wheat_seeds":15,"iceandfire:armor_silver_metal_helmet":2,"minecraft:raw_gold":19,"minecraft:iron_ingot":10,"minecraft:stone_pickaxe":2,"minecraft:moss_block":1,"minecraft:oak_planks":22,"minecraft:acacia_sapling":4,"iceandfire:copper_nugget":14,"minecraft:sand":3,"minecraft:spider_eye":4,"iceandfire:silver_pickaxe":2,"alexsmobs:kangaroo_hide":4,"jet_and_elias_armors:hedge_knight_armor_helmet":1,"minecraft:stone_axe":2,"iceandfire:silver_sword":1,"minecraft:iron_helmet":1,"minecraft:granite":5,"jet_and_elias_armors:knight_m_pink_leggings":1,"minecraft:coal":6,"iceandfire:silver_nugget":127,"minecraft:ender_pearl":1,"iceandfire:raw_silver":4},"minecraft:killed":{"minecraft:spider":4,"minecraft:skeleton":12,"takesapillage:clay_golem":1,"alexsmobs:skelewag":1,"alexsmobs:kangaroo":3,"alexsmobs:guster":1,"minecraft:creeper":6,"minecraft:sheep":1,"minecraft:zombie":31,"iceandfire:ghost":4,"alexsmobs:gazelle":1,"alexsmobs:roadrunner":2,"alexsmobs:rain_frog":1,"minecraft:enderman":3},"minecraft:killed_by":{"minecraft:player":2,"minecraft:creeper":1,"iceandfire:siren":1,"minecraft:skeleton":6,"alexsmobs:komodo_dragon":2},"minecraft:dropped":{"minecraft:iron_ingot":1,"minecraft:bread":41,"iceandfire:raw_silver":1,"minecraft:moss_block":1,"minecraft:wheat_seeds":15,"alexsmobs:kangaroo_meat":1,"minecraft:iron_helmet":1,"minecraft:feather":2,"minecraft:cobblestone":3,"wom:iron_greataxe":1,"minecraft:granite":5,"minecraft:stick":4,"minecraft:dirt":14,"minecraft:birch_fence":3,"iceandfire:copper_nugget":14,"iceandfire:silver_sword":1,"minecraft:wooden_axe":3,"iceandfire:armor_silver_metal_chestplate":1,"minecraft:iron_leggings":1,"minecraft:gold_nugget":89,"minecraft:wooden_sword":2,"minecraft:sand":3,"iceandfire:armor_silver_metal_helmet":3,"minecraft:paper":4,"minecraft:string":6,"minecraft:acacia_planks":4,"minecraft:gold_ingot":18,"minecraft:bone":7,"minecraft:stone_axe":3,"minecraft:sugar_cane":6,"minecraft:iron_nugget":8,"wom:ender_blaster":1,"minecraft:beetroot":7,"minecraft:rotten_flesh":36,"minecraft:clay_ball":10,"minecraft:oak_planks":22,"minecraft:iron_boots":1,"minecraft:gunpowder":3,"minecraft:allium":1,"minecraft:iron_chestplate":1,"minecraft:beetroot_seeds":20,"iceandfire:silver_ingot":2,"minecraft:acacia_sapling":2,"minecraft:azalea":3,"minecraft:spider_eye":4,"minecraft:sandstone":1,"minecraft:stone_pickaxe":3,"minecraft:wooden_pickaxe":2,"minecraft:raw_gold":13,"iceandfire:silver_pickaxe":1,"iceandfire:manuscript":1,"minecraft:golden_boots":2},"minecraft:used":{"wom:satsujin":251,"minecraft:shield":9,"minecraft:torch":41,"minecraft:jungle_planks":4,"minecraft:carrot":4,"iceandfire:armor_silver_metal_helmet":2,"wom:iron_greataxe":2,"minecraft:wooden_axe":21,"wom:ender_blaster":1,"epicfight:iron_greatsword":29,"iceandfire:lightning_lily":1,"epicfight:stone_greatsword":2,"minecraft:golden_carrot":6,"minecraft:furnace":1,"minecraft:golden_boots":1,"minecraft:water_bucket":5,"epicfight:skillbook":1,"minecraft:stone_pickaxe":34,"minecraft:wooden_pickaxe":22,"minecraft:jungle_boat":1,"minecraft:crafting_table":8,"iceandfire:armor_silver_metal_chestplate":1,"iceandfire:silver_pickaxe":3,"minecraft:bread":22,"minecraft:iron_pickaxe":41,"alexsmobs:kangaroo_meat":3,"minecraft:stone_axe":38,"minecraft:wooden_sword":8,"minecraft:cobblestone":17,"minecraft:bucket":5},"minecraft:custom":{"minecraft:mob_kills":73,"minecraft:interact_with_crafting_table":31,"minecraft:open_barrel":1,"minecraft:leave_game":1,"minecraft:time_since_death":22913,"minecraft:climb_one_cm":2155,"minecraft:sprint_one_cm":244875,"minecraft:walk_one_cm":492031,"minecraft:damage_blocked_by_shield":405,"minecraft:drop":121,"minecraft:talked_to_villager":4,"minecraft:play_time":111511,"minecraft:deaths":12,"minecraft:sneak_time":1094,"minecraft:walk_under_water_one_cm":19665,"minecraft:boat_one_cm":144240,"minecraft:jump":1926,"minecraft:walk_on_water_one_cm":24606,"minecraft:total_world_time":111511,"minecraft:interact_with_furnace":14,"minecraft:sleep_in_bed":1,"minecraft:time_since_rest":22938,"minecraft:damage_taken":5056,"minecraft:trigger_trapped_chest":2,"minecraft:damage_dealt":15592,"minecraft:swim_one_cm":31131,"minecraft:fly_one_cm":247567,"minecraft:player_kills":4,"minecraft:open_chest":29,"minecraft:crouch_one_cm":2006,"minecraft:fall_one_cm":37811},"minecraft:crafted":{"minecraft:wooden_sword":2,"minecraft:oak_planks":8,"iceandfire:armor_silver_metal_chestplate":1,"minecraft:leather":2,"minecraft:iron_axe":1,"wom:iron_greataxe":1,"epicfight:iron_greatsword":1,"minecraft:stone_pickaxe":2,"minecraft:wheat":234,"iceandfire:silver_ingot":14,"minecraft:crafting_table":4,"minecraft:jungle_boat":1,"minecraft:wooden_pickaxe":1,"epicfight:stone_greatsword":1,"minecraft:stone_axe":2,"minecraft:bread":83,"minecraft:air":0,"minecraft:jungle_planks":108,"iceandfire:armor_silver_metal_helmet":1,"minecraft:gold_nugget":243,"minecraft:shield":1,"minecraft:stick":28,"minecraft:iron_pickaxe":1,"minecraft:iron_ingot":9,"minecraft:wooden_axe":2,"minecraft:gold_ingot":21,"minecraft:acacia_planks":52,"minecraft:torch":28,"minecraft:golden_carrot":23}},"DataVersion":3465}