{"stats":{"minecraft:mined":{"iceandfire:lightning_lily":1,"iceandfire:silver_ore":2,"iceandfire:copper_pile":2,"minecraft:granite":1,"minecraft:acacia_log":21,"minecraft:jungle_log":28,"minecraft:moss_block":2,"minecraft:hay_block":26,"minecraft:furnace":1,"minecraft:carrots":23,"minecraft:iron_ore":1,"minecraft:potatoes":15,"iceandfire:gold_pile":10,"minecraft:stone":45,"minecraft:acacia_leaves":5,"minecraft:crafting_table":4,"minecraft:deepslate_gold_ore":4,"minecraft:sugar_cane":1,"minecraft:wheat":5,"iceandfire:podium_birch":1,"iceandfire:silver_pile":16,"minecraft:grass":5,"minecraft:oak_log":8,"minecraft:coal_ore":7,"minecraft:beetroots":7,"minecraft:small_dripleaf":2,"minecraft:gold_ore":6,"minecraft:deepslate":2,"minecraft:birch_fence":3},"minecraft:picked_up":{"minecraft:wooden_axe":3,"minecraft:allium":1,"minecraft:crafting_table":5,"minecraft:wheat":5,"minecraft:clay_ball":10,"minecraft:wooden_pickaxe":1,"minecraft:string":6,"minecraft:wooden_sword":1,"memory_of_the_past:better_drop_of_knowledge":7,"minecraft:birch_fence":3,"minecraft:beetroot":7,"iceandfire:bestiary":1,"minecraft:gold_nugget":202,"minecraft:cobbled_deepslate":2,"minecraft:azalea":5,"minecraft:sugar_cane":6,"minecraft:furnace":1,"minecraft:stick":24,"minecraft:raw_iron":1,"minecraft:torch":6,"minecraft:acacia_log":21,"epicfight:skillbook":1,"minecraft:carrot":65,"iceandfire:lightning_lily":1,"iceandfire:silver_ingot":1,"minecraft:arrow":11,"minecraft:rotten_flesh":25,"minecraft:beetroot_seeds":20,"minecraft:hay_block":26,"minecraft:gold_ingot":9,"minecraft:cobblestone":55,"alexsmobs:kangaroo_meat":4,"minecraft:white_wool":1,"memory_of_the_past:lesser_drop_of_knowledge":41,"minecraft:feather":2,"minecraft:water_bucket":1,"minecraft:jungle_log":27,"minecraft:potato":49,"doggytalents:rice_grains":1,"minecraft:oak_log":8,"minecraft:bone":5,"minecraft:wheat_seeds":15,"iceandfire:armor_silver_metal_helmet":1,"minecraft:raw_gold":10,"minecraft:iron_ingot":1,"minecraft:stone_pickaxe":2,"minecraft:moss_block":1,"minecraft:oak_planks":22,"minecraft:acacia_sapling":4,"iceandfire:copper_nugget":14,"minecraft:sand":3,"minecraft:spider_eye":3,"alexsmobs:kangaroo_hide":4,"minecraft:stone_axe":2,"minecraft:granite":1,"minecraft:coal":6,"iceandfire:silver_nugget":127,"iceandfire:raw_silver":2},"minecraft:killed":{"minecraft:spider":2,"minecraft:skeleton":4,"takesapillage:clay_golem":1,"alexsmobs:skelewag":1,"alexsmobs:kangaroo":3,"alexsmobs:guster":1,"minecraft:creeper":4,"minecraft:sheep":1,"minecraft:zombie":19,"iceandfire:ghost":4,"alexsmobs:gazelle":1,"alexsmobs:roadrunner":2,"alexsmobs:rain_frog":1},"minecraft:killed_by":{"minecraft:player":2,"minecraft:creeper":1,"iceandfire:siren":1,"minecraft:skeleton":1,"alexsmobs:komodo_dragon":2},"minecraft:dropped":{"minecraft:iron_ingot":1,"minecraft:bread":33,"iceandfire:raw_silver":1,"minecraft:moss_block":1,"minecraft:wheat_seeds":15,"alexsmobs:kangaroo_meat":1,"minecraft:feather":2,"minecraft:granite":1,"minecraft:stick":4,"minecraft:birch_fence":3,"iceandfire:copper_nugget":14,"minecraft:wooden_axe":3,"minecraft:gold_nugget":85,"minecraft:wooden_sword":1,"minecraft:sand":3,"minecraft:paper":4,"minecraft:string":4,"minecraft:acacia_planks":4,"minecraft:gold_ingot":18,"minecraft:bone":4,"minecraft:stone_axe":2,"minecraft:sugar_cane":6,"wom:ender_blaster":1,"minecraft:beetroot":7,"minecraft:rotten_flesh":31,"minecraft:clay_ball":10,"minecraft:oak_planks":22,"minecraft:allium":1,"minecraft:beetroot_seeds":20,"iceandfire:silver_ingot":2,"minecraft:acacia_sapling":2,"minecraft:azalea":3,"minecraft:spider_eye":3,"minecraft:stone_pickaxe":2,"minecraft:wooden_pickaxe":1,"iceandfire:manuscript":1},"minecraft:used":{"wom:satsujin":223,"minecraft:shield":6,"minecraft:torch":6,"minecraft:jungle_planks":4,"minecraft:carrot":4,"iceandfire:armor_silver_metal_helmet":1,"minecraft:wooden_axe":21,"wom:ender_blaster":1,"iceandfire:lightning_lily":1,"epicfight:stone_greatsword":2,"minecraft:golden_carrot":3,"minecraft:golden_boots":1,"epicfight:skillbook":1,"minecraft:stone_pickaxe":34,"minecraft:wooden_pickaxe":22,"minecraft:jungle_boat":1,"minecraft:crafting_table":8,"iceandfire:armor_silver_metal_chestplate":1,"minecraft:bread":12,"minecraft:iron_pickaxe":14,"alexsmobs:kangaroo_meat":3,"minecraft:stone_axe":38,"minecraft:wooden_sword":8},"minecraft:custom":{"minecraft:mob_kills":44,"minecraft:interact_with_crafting_table":21,"minecraft:open_barrel":1,"minecraft:leave_game":1,"minecraft:time_since_death":6119,"minecraft:climb_one_cm":2155,"minecraft:sprint_one_cm":203690,"minecraft:walk_one_cm":353627,"minecraft:damage_blocked_by_shield":255,"minecraft:drop":64,"minecraft:talked_to_villager":4,"minecraft:play_time":81511,"minecraft:deaths":7,"minecraft:sneak_time":1026,"minecraft:walk_under_water_one_cm":13561,"minecraft:boat_one_cm":144240,"minecraft:jump":1499,"minecraft:walk_on_water_one_cm":17358,"minecraft:total_world_time":81511,"minecraft:interact_with_furnace":4,"minecraft:sleep_in_bed":1,"minecraft:time_since_rest":6202,"minecraft:damage_taken":2583,"minecraft:trigger_trapped_chest":2,"minecraft:damage_dealt":8661,"minecraft:swim_one_cm":31104,"minecraft:fly_one_cm":206328,"minecraft:player_kills":4,"minecraft:open_chest":28,"minecraft:crouch_one_cm":1841,"minecraft:fall_one_cm":29732},"minecraft:crafted":{"minecraft:wooden_sword":2,"minecraft:oak_planks":8,"iceandfire:armor_silver_metal_chestplate":1,"minecraft:leather":2,"minecraft:stone_pickaxe":2,"minecraft:wheat":234,"iceandfire:silver_ingot":14,"minecraft:crafting_table":4,"minecraft:jungle_boat":1,"minecraft:wooden_pickaxe":1,"epicfight:stone_greatsword":1,"minecraft:stone_axe":2,"minecraft:bread":83,"minecraft:air":0,"minecraft:jungle_planks":52,"iceandfire:armor_silver_metal_helmet":1,"minecraft:shield":1,"minecraft:stick":24,"minecraft:iron_pickaxe":1,"minecraft:iron_ingot":3,"minecraft:wooden_axe":2,"minecraft:gold_ingot":14,"minecraft:acacia_planks":52}},"DataVersion":3465}