{"stats":{"minecraft:mined":{"iceandfire:lightning_lily":1,"minecraft:acacia_leaves":5,"iceandfire:copper_pile":2,"minecraft:crafting_table":2,"minecraft:acacia_log":18,"minecraft:jungle_log":10,"minecraft:moss_block":2,"minecraft:hay_block":26,"minecraft:carrots":9,"minecraft:wheat":5,"iceandfire:podium_birch":1,"minecraft:beetroots":7,"minecraft:coal_ore":7,"minecraft:grass":4,"minecraft:potatoes":7,"minecraft:oak_log":8,"iceandfire:silver_pile":16,"iceandfire:gold_pile":10,"minecraft:stone":31,"minecraft:small_dripleaf":2,"minecraft:birch_fence":3},"minecraft:picked_up":{"minecraft:wooden_axe":3,"memory_of_the_past:lesser_drop_of_knowledge":17,"minecraft:wheat":5,"minecraft:crafting_table":3,"minecraft:feather":2,"minecraft:jungle_log":10,"minecraft:wooden_pickaxe":1,"minecraft:potato":23,"doggytalents:rice_grains":1,"minecraft:oak_log":8,"minecraft:string":2,"minecraft:wooden_sword":1,"memory_of_the_past:better_drop_of_knowledge":5,"minecraft:birch_fence":3,"minecraft:bone":3,"minecraft:beetroot":7,"iceandfire:bestiary":1,"minecraft:wheat_seeds":15,"minecraft:gold_nugget":202,"minecraft:stone_pickaxe":1,"minecraft:azalea":4,"minecraft:moss_block":1,"minecraft:sugar_cane":2,"minecraft:acacia_sapling":4,"minecraft:oak_planks":22,"minecraft:stick":17,"iceandfire:copper_nugget":14,"minecraft:acacia_log":18,"minecraft:sand":3,"minecraft:carrot":30,"alexsmobs:kangaroo_hide":4,"iceandfire:silver_ingot":1,"iceandfire:lightning_lily":1,"minecraft:arrow":4,"minecraft:rotten_flesh":10,"minecraft:stone_axe":2,"minecraft:beetroot_seeds":20,"minecraft:hay_block":26,"minecraft:gold_ingot":9,"iceandfire:silver_nugget":127,"minecraft:coal":6,"alexsmobs:kangaroo_meat":4,"minecraft:white_wool":1,"minecraft:cobblestone":41},"minecraft:killed":{"alexsmobs:guster":1,"minecraft:spider":1,"minecraft:sheep":1,"minecraft:zombie":4,"iceandfire:ghost":4,"alexsmobs:gazelle":1,"alexsmobs:rain_frog":1,"alexsmobs:roadrunner":2,"alexsmobs:skelewag":1,"alexsmobs:kangaroo":3},"minecraft:killed_by":{"minecraft:player":2,"minecraft:skeleton":1,"iceandfire:siren":1,"alexsmobs:komodo_dragon":1},"minecraft:used":{"wom:satsujin":123,"minecraft:stone_pickaxe":30,"minecraft:wooden_pickaxe":8,"minecraft:crafting_table":5,"iceandfire:armor_silver_metal_helmet":1,"iceandfire:armor_silver_metal_chestplate":1,"wom:ender_blaster":1,"minecraft:wooden_axe":21,"iceandfire:lightning_lily":1,"minecraft:bread":4,"alexsmobs:kangaroo_meat":3,"minecraft:stone_axe":21,"minecraft:wooden_sword":8,"epicfight:stone_greatsword":2,"minecraft:golden_carrot":3},"minecraft:dropped":{"minecraft:bread":33,"minecraft:iron_ingot":1,"minecraft:stone_axe":2,"minecraft:moss_block":1,"minecraft:wheat_seeds":15,"alexsmobs:kangaroo_meat":1,"wom:ender_blaster":1,"minecraft:beetroot":7,"minecraft:rotten_flesh":16,"minecraft:oak_planks":22,"minecraft:birch_fence":3,"iceandfire:copper_nugget":14,"minecraft:azalea":2,"minecraft:wooden_sword":1,"minecraft:wooden_axe":3,"minecraft:acacia_sapling":2,"minecraft:gold_nugget":80,"minecraft:beetroot_seeds":20,"iceandfire:silver_ingot":2,"minecraft:sand":3,"minecraft:wooden_pickaxe":1,"minecraft:stone_pickaxe":1,"minecraft:acacia_planks":4,"minecraft:gold_ingot":18},"minecraft:custom":{"minecraft:interact_with_furnace":2,"minecraft:mob_kills":19,"minecraft:interact_with_crafting_table":18,"minecraft:open_barrel":1,"minecraft:leave_game":1,"minecraft:time_since_death":18474,"minecraft:climb_one_cm":2122,"minecraft:time_since_rest":18519,"minecraft:sprint_one_cm":152737,"minecraft:damage_taken":1686,"minecraft:walk_one_cm":230059,"minecraft:trigger_trapped_chest":2,"minecraft:drop":38,"minecraft:damage_dealt":3567,"minecraft:swim_one_cm":16612,"minecraft:talked_to_villager":4,"minecraft:fly_one_cm":159400,"minecraft:player_kills":4,"minecraft:open_chest":16,"minecraft:crouch_one_cm":1029,"minecraft:play_time":57511,"minecraft:deaths":5,"minecraft:sneak_time":482,"minecraft:walk_under_water_one_cm":6748,"minecraft:boat_one_cm":77447,"minecraft:jump":1145,"minecraft:walk_on_water_one_cm":11693,"minecraft:total_world_time":57511,"minecraft:fall_one_cm":24672},"minecraft:crafted":{"minecraft:wooden_sword":1,"minecraft:oak_planks":8,"iceandfire:silver_ingot":14,"minecraft:crafting_table":2,"epicfight:stone_greatsword":1,"minecraft:stone_axe":1,"minecraft:bread":83,"minecraft:jungle_planks":40,"iceandfire:armor_silver_metal_helmet":1,"iceandfire:armor_silver_metal_chestplate":1,"minecraft:leather":2,"minecraft:shield":1,"minecraft:stick":16,"minecraft:iron_ingot":2,"minecraft:stone_pickaxe":1,"minecraft:wooden_axe":2,"minecraft:gold_ingot":3,"minecraft:acacia_planks":40,"minecraft:wheat":234}},"DataVersion":3465}