{"stats":{"minecraft:mined":{"iceandfire:lightning_lily":1,"minecraft:acacia_leaves":5,"minecraft:crafting_table":2,"minecraft:acacia_log":18,"minecraft:jungle_log":8,"minecraft:grass":4,"minecraft:oak_log":8,"minecraft:coal_ore":7,"minecraft:stone":31},"minecraft:picked_up":{"minecraft:wooden_axe":3,"memory_of_the_past:lesser_drop_of_knowledge":16,"minecraft:crafting_table":3,"minecraft:feather":2,"minecraft:jungle_log":8,"minecraft:wooden_pickaxe":1,"doggytalents:rice_grains":1,"minecraft:oak_log":8,"minecraft:string":2,"minecraft:wooden_sword":1,"memory_of_the_past:better_drop_of_knowledge":4,"minecraft:bone":1,"minecraft:stone_pickaxe":1,"minecraft:azalea":4,"minecraft:sugar_cane":2,"minecraft:oak_planks":22,"minecraft:acacia_sapling":3,"minecraft:stick":17,"minecraft:acacia_log":18,"iceandfire:lightning_lily":1,"alexsmobs:kangaroo_hide":4,"minecraft:arrow":2,"minecraft:rotten_flesh":5,"minecraft:stone_axe":2,"minecraft:coal":6,"alexsmobs:kangaroo_meat":4,"minecraft:white_wool":1,"minecraft:cobblestone":30},"minecraft:killed":{"minecraft:spider":1,"minecraft:sheep":1,"minecraft:zombie":4,"iceandfire:ghost":4,"alexsmobs:gazelle":1,"alexsmobs:roadrunner":2,"alexsmobs:skelewag":1,"alexsmobs:kangaroo":3},"minecraft:killed_by":{"minecraft:player":2,"iceandfire:siren":1,"alexsmobs:komodo_dragon":1},"minecraft:dropped":{"minecraft:stone_axe":2,"alexsmobs:kangaroo_meat":1,"minecraft:rotten_flesh":6,"minecraft:oak_planks":22,"minecraft:wooden_axe":3,"minecraft:azalea":2,"minecraft:wooden_sword":1,"minecraft:wooden_pickaxe":1,"minecraft:stone_pickaxe":1,"minecraft:acacia_planks":4},"minecraft:used":{"wom:satsujin":31,"minecraft:stone_pickaxe":30,"minecraft:wooden_pickaxe":8,"minecraft:crafting_table":4,"minecraft:wooden_axe":21,"iceandfire:lightning_lily":1,"alexsmobs:kangaroo_meat":3,"epicfight:stone_greatsword":2,"minecraft:stone_axe":21,"minecraft:wooden_sword":8,"minecraft:golden_carrot":2},"minecraft:custom":{"minecraft:interact_with_furnace":1,"minecraft:mob_kills":17,"minecraft:interact_with_crafting_table":10,"minecraft:time_since_death":10372,"minecraft:climb_one_cm":202,"minecraft:time_since_rest":10453,"minecraft:sprint_one_cm":82773,"minecraft:damage_taken":1280,"minecraft:walk_one_cm":137263,"minecraft:trigger_trapped_chest":2,"minecraft:drop":16,"minecraft:damage_dealt":3348,"minecraft:swim_one_cm":16612,"minecraft:fly_one_cm":91312,"minecraft:player_kills":4,"minecraft:open_chest":3,"minecraft:crouch_one_cm":738,"minecraft:play_time":33935,"minecraft:deaths":4,"minecraft:sneak_time":320,"minecraft:walk_under_water_one_cm":6554,"minecraft:boat_one_cm":77447,"minecraft:jump":707,"minecraft:walk_on_water_one_cm":9698,"minecraft:total_world_time":33935,"minecraft:fall_one_cm":13968},"minecraft:crafted":{"minecraft:wooden_sword":1,"minecraft:oak_planks":8,"minecraft:crafting_table":1,"epicfight:stone_greatsword":1,"minecraft:stone_axe":1,"minecraft:jungle_planks":32,"minecraft:leather":2,"minecraft:stick":16,"minecraft:wooden_axe":2,"minecraft:stone_pickaxe":1,"minecraft:acacia_planks":40}},"DataVersion":3465}