{"stats":{"minecraft:killed":{"iceandfire:hippogryph":1,"minecraft:cave_spider":2,"alexsmobs:bald_eagle":2,"minecraft:skeleton":164,"alexsmobs:leafcutter_ant":2,"minecraft:chicken":5,"alexsmobs:centipede_head":1,"alexsmobs:skelewag":1,"minecraft:cat":1,"iceandfire:myrmex_worker":1,"minecraft:magma_cube":7,"iceandfire:cockatrice":2,"minecraft:pillager":57,"minecraft:zombie":226,"alexsmobs:rain_frog":1,"alexsmobs:roadrunner":2,"iceandfire:lightning_dragon":1,"takesapillage:archer":2,"iceandfire:sea_serpent":1,"minecraft:cow":16,"minecraft:vindicator":2,"alexsmobs:gorilla":7,"minecraft:horse":1,"cataclysm:koboleton":1,"alexsmobs:rocky_roller":1,"minecraft:husk":9,"alexsmobs:guster":1,"iceandfire:cyclops":1,"minecraft:ravager":6,"alexsmobs:crocodile":2,"iceandfire:ghost":9,"minecraft:enderman":13,"minecraft:witch":4,"shifu_epic_fight_skill_recipe:martialbanditleader":2,"minecraft:spider":77,"alexsmobs:froststalker":6,"shifu_epic_fight_skill_recipe:bandit_captain":3,"alexsmobs:kangaroo":5,"minecraft:pig":14,"alexsmobs:anteater":2,"minecraft:zombie_villager":2,"alexsmobs:mantis_shrimp":1,"minecraft:creeper":100,"minecraft:sheep":26,"shifu_epic_fight_skill_recipe:martialbandit":22,"alexsmobs:fly":3,"alexsmobs:komodo_dragon":1,"alexsmobs:jerboa":1,"alexsmobs:tiger":1,"shifu_epic_fight_skill_recipe:rogue":6,"minecraft:slime":14,"minecraft:phantom":8,"iceandfire:fire_dragon":3,"takesapillage:clay_golem":1,"alexsmobs:bison":13,"iceandfire:deathworm":3,"takesapillage:skirmisher":1,"iceandfire:troll":2,"minecraft:hoglin":80,"alexsmobs:gazelle":7,"minecraft:wither_skeleton":132,"shifu_epic_fight_skill_recipe:martialbanditnatural":9,"minecraft:villager":2},"minecraft:picked_up":{"minecraft:wooden_axe":3,"minecraft:birch_door":2,"minecraft:iron_chestplate":3,"minecraft:creeper_head":1,"minecraft:anvil":1,"minecraft:smithing_table":2,"minecraft:diamond_sword":2,"minecraft:oak_stairs":2,"minecraft:enchanted_book":2,"minecraft:birch_button":2,"minecraft:amethyst_block":6,"minecraft:string":70,"minecraft:shroomlight":2,"minecraft:beetroot":8,"minecraft:gold_nugget":1566,"minecraft:cobbled_deepslate":265,"minecraft:spruce_planks":1,"shifu_epic_fight_skill_recipe:feather_scroll":3,"minecraft:netherite_upgrade_smithing_template":2,"minecraft:golden_helmet":1,"minecraft:composter":1,"shifu_epic_fight_skill_recipe:sword_scroll":4,"minecraft:acacia_log":24,"minecraft:sandstone_wall":1,"iceandfire:lightning_dragon_flesh":6,"minecraft:golden_chestplate":7,"alexsmobs:centipede_leg":4,"minecraft:brown_carpet":1,"travelersbackpack:iron":2,"iceandfire:lightning_lily":1,"minecraft:stone_sword":3,"iceandfire:deathworm_chitin_yellow":15,"minecraft:waxed_cut_copper":1,"minecraft:snowball":48,"alexsmobs:flying_fish":2,"minecraft:magma_block":1,"minecraft:feather":15,"minecraft:cooked_beef":1,"minecraft:iron_door":1,"minecraft:water_bucket":1,"minecraft:jungle_log":99,"minecraft:dark_oak_boat":2,"alexsmobs:bison_fur":15,"minecraft:flint":4,"iceandfire:dragonegg_sapphire":2,"minecraft:lantern":1,"cataclysm:koboleton_bone":5,"minecraft:purple_carpet":4,"epicfight:iron_greatsword":1,"iceandfire:dragon_meal":1,"minecraft:glowstone_dust":2,"minecraft:moss_block":43,"iceandfire:dragonscales_amythest":8,"minecraft:stripped_acacia_wood":4,"iceandfire:dragon_skull_fire":3,"minecraft:ink_sac":5,"iceandfire:lightning_dragon_heart":2,"iceandfire:myrmex_stinger":1,"minecraft:dark_oak_log":89,"iceandfire:chared_cobblestone":16,"minecraft:polished_andesite":7,"alexsmobs:kangaroo_hide":6,"epicfight:iron_dagger":1,"minecraft:blue_ice":17,"minecraft:granite":12,"jet_and_elias_armors:knight_m_pink_leggings":1,"minecraft:bread":1,"alexsmobs:maggot":3,"iceandfire:raw_silver":5,"minecraft:coarse_dirt":9,"minecraft:crafting_table":13,"minecraft:sandstone_slab":1,"iceandfire:witherbone":63,"minecraft:nether_wart":4,"minecraft:clay_ball":42,"minecraft:redstone_lamp":1,"minecraft:leather_leggings":2,"travelersbackpack:sandstone":1,"alexsmobs:froststalker_horn":2,"minecraft:cornflower":9,"minecraft:elytra":2,"minecraft:acacia_door":1,"minecraft:netherite_scrap":2,"minecraft:iron_shovel":3,"wom:diamond_crown":1,"iceandfire:bestiary":1,"minecraft:netherite_sword":7,"minecraft:beef":133,"minecraft:jungle_sapling":17,"minecraft:chest":2,"minecraft:egg":2,"minecraft:sandstone":60,"minecraft:glow_item_frame":1,"minecraft:spruce_fence":1,"minecraft:carrot":189,"minecraft:redstone":3,"minecraft:blue_carpet":2,"iceandfire:dragon_skull_ice":1,"minecraft:diamond_chestplate":2,"minecraft:beetroot_seeds":23,"minecraft:diamond_boots":1,"minecraft:hay_block":32,"minecraft:gold_ingot":12,"minecraft:glow_berries":3,"minecraft:mutton":41,"minecraft:rail":2,"minecraft:white_wool":24,"alexsmobs:kangaroo_meat":5,"minecraft:bone_block":161,"minecraft:stripped_oak_log":1,"minecraft:mud_bricks":6,"iceandfire:sea_serpent_fang":12,"minecraft:red_mushroom":4,"doggytalents:rice_grains":53,"wom:iron_greataxe":1,"minecraft:filled_map":2,"shifu_epic_fight_skill_recipe:shield_scroll":1,"minecraft:packed_mud":2,"minecraft:oak_log":67,"minecraft:golden_boots":1,"iceandfire:dragonscales_blue":11,"minecraft:white_banner":12,"minecraft:apple":6,"minecraft:stone_bricks":2,"iceandfire:cannoli":1,"minecraft:stone_pickaxe":2,"minecraft:glass_bottle":1,"shifu_epic_fight_skill_recipe:boot_scroll":4,"minecraft:iron_sword":1,"minecraft:dark_oak_stairs":3,"iceandfire:chared_stone":9,"iceandfire:copper_nugget":26,"minecraft:smooth_basalt":5,"epicfight:stone_greatsword":2,"epicfight:iron_spear":2,"minecraft:red_wool":5,"minecraft:gravel":17,"minecraft:birch_stairs":2,"minecraft:leather_helmet":1,"minecraft:slime_ball":11,"minecraft:stone_axe":3,"iceandfire:silver_sword":1,"wom:netherite_manicle":1,"iceandfire:ice_dragon_flesh":1,"minecraft:baked_potato":128,"minecraft:mangrove_propagule":1,"minecraft:ender_pearl":6,"minecraft:wheat":7,"alexsmobs:gazelle_horn":3,"minecraft:raw_copper":28,"travelersbackpack:diamond":3,"minecraft:iron_leggings":1,"minecraft:smooth_quartz":1,"minecraft:calcite":4,"minecraft:azalea":5,"minecraft:iron_pickaxe":1,"minecraft:iron_boots":2,"minecraft:furnace":1,"minecraft:stick":56,"minecraft:acacia_fence":1,"minecraft:birch_trapdoor":1,"minecraft:torch":26,"minecraft:spruce_stairs":6,"epicfight:skillbook":44,"minecraft:porkchop":289,"iceandfire:crackled_gravel":1,"minecraft:diorite":2,"minecraft:cactus":5,"minecraft:rotten_flesh":286,"alexsmobs:emu_egg":1,"minecraft:mangrove_roots":2,"minecraft:stripped_birch_wood":1,"minecraft:obsidian":4,"minecraft:cobblestone":162,"minecraft:leather_chestplate":2,"minecraft:repeater":1,"minecraft:andesite":140,"minecraft:golden_leggings":1,"minecraft:potato":3467,"alexsmobs:bear_fur":2,"minecraft:tuff":1,"minecraft:wither_skeleton_skull":6,"alexsmobs:rocky_shell":1,"minecraft:lapis_lazuli":83,"minecraft:dirt":281,"minecraft:bone":504,"minecraft:acacia_planks":2,"minecraft:bow":8,"minecraft:orange_tulip":1,"minecraft:wheat_seeds":97,"minecraft:raw_gold":74,"minecraft:grindstone":1,"minecraft:bamboo":1,"minecraft:oak_planks":23,"minecraft:black_terracotta":3,"minecraft:cooked_porkchop":23,"iceandfire:podium_spruce":1,"minecraft:poisonous_potato":11,"minecraft:jungle_planks":26,"minecraft:sand":31,"minecraft:nether_brick_stairs":1,"minecraft:grass_block":2,"minecraft:diamond_block":5,"minecraft:mossy_cobblestone":4,"minecraft:dark_prismarine":9,"minecraft:light_gray_terracotta":2,"minecraft:dark_prismarine_slab":1,"minecraft:diamond":111,"waystones:waystone":2,"iceandfire:dragon_ice":2,"alexsmobs:rattlesnake_rattle":1,"minecraft:crossbow":2,"minecraft:bone_meal":175,"cataclysm:ancient_metal_nugget":4,"minecraft:emerald":140,"minecraft:oak_leaves":1,"minecraft:oak_sapling":19,"minecraft:netherrack":116,"minecraft:chorus_fruit":6,"iceandfire:silver_nugget":219,"wom:satsujin":2,"minecraft:charcoal":8,"minecraft:cocoa_beans":16,"minecraft:allium":4,"minecraft:azure_bluet":2,"minecraft:splash_potion":1,"minecraft:chicken":5,"minecraft:packed_ice":12,"minecraft:wooden_pickaxe":1,"minecraft:gold_block":3,"minecraft:diamond_horse_armor":1,"iceandfire:frozen_cobblestone":30,"minecraft:chain":2,"minecraft:shield":3,"minecraft:brick":1,"epicfight:iron_tachi":1,"minecraft:moss_carpet":33,"iceandfire:frozen_stone":25,"minecraft:wooden_sword":1,"memory_of_the_past:better_drop_of_knowledge":205,"minecraft:item_frame":7,"minecraft:warped_fence":3,"minecraft:birch_fence":3,"takesapillage:ravager_horn":5,"minecraft:player_head":5,"minecraft:light_gray_wool":1,"minecraft:lectern":1,"minecraft:sugar_cane":101,"minecraft:spruce_trapdoor":1,"minecraft:phantom_membrane":3,"iceandfire:ice_dragon_heart":1,"minecraft:dark_oak_sapling":4,"iceandfire:dragonscales_green":15,"iceandfire:dragonscales_gray":29,"minecraft:raw_iron":172,"iceandfire:dragonbone":29,"iceandfire:troll_tusk":1,"minecraft:note_block":2,"minecraft:stone_button":3,"alexsmobs:crocodile_scute":8,"iceandfire:deathworm_egg_giant":3,"alexsmobs:leafcutter_ant_pupa":2,"minecraft:stone_pressure_plate":2,"minecraft:iron_horse_armor":4,"minecraft:purple_terracotta":1,"minecraft:dark_oak_planks":24,"iceandfire:silver_ingot":1,"minecraft:arrow":206,"minecraft:pink_tulip":2,"iceandfire:troll_weapon_trunk":1,"wom:netherite_mask":1,"memory_of_the_past:lesser_drop_of_knowledge":826,"minecraft:netherite_boots":4,"minecraft:air":0,"travelersbackpack:melon":1,"minecraft:golden_carrot":16,"minecraft:glow_ink_sac":3,"minecraft:leather":74,"minecraft:cut_sandstone":1,"minecraft:birch_planks":3,"minecraft:ice":5,"minecraft:gunpowder":121,"minecraft:orange_terracotta":1,"minecraft:smooth_sandstone":7,"minecraft:red_carpet":2,"minecraft:gray_carpet":5,"jet_and_elias_armors:knight_m_pink_boots":1,"iceandfire:armor_silver_metal_helmet":2,"minecraft:iron_ingot":31,"minecraft:cooked_chicken":10,"minecraft:acacia_sapling":4,"iceandfire:sea_serpent_scales_deepblue":47,"iceandfire:fire_dragon_flesh":12,"minecraft:book":2,"iceandfire:ash":11,"minecraft:dandelion":17,"minecraft:spider_eye":41,"iceandfire:silver_pickaxe":2,"minecraft:music_disc_mall":1,"jet_and_elias_armors:hedge_knight_armor_helmet":2,"minecraft:iron_helmet":1,"minecraft:damaged_anvil":1,"memory_of_the_past:great_drop_of_knowledge":9,"minecraft:coal":288},"minecraft:dropped":{"minecraft:iron_sword":1,"iceandfire:raw_silver":1,"minecraft:porkchop":29,"minecraft:lapis_lazuli":32,"minecraft:glow_ink_sac":3,"minecraft:chorus_fruit":6,"minecraft:glass_bottle":1,"alexsmobs:kangaroo_meat":1,"minecraft:cooked_porkchop":20,"minecraft:orange_tulip":1,"minecraft:crossbow":2,"minecraft:glow_berries":3,"minecraft:glow_item_frame":1,"travelersbackpack:iron_tier_upgrade":1,"minecraft:elytra":1,"iceandfire:dragonegg_sapphire":1,"minecraft:rail":2,"minecraft:leather_helmet":1,"minecraft:red_mushroom":4,"minecraft:red_carpet":2,"minecraft:item_frame":7,"minecraft:dirt":18,"minecraft:packed_mud":2,"minecraft:birch_fence":3,"minecraft:stone_button":2,"alexsmobs:flying_fish":1,"minecraft:netherite_boots":1,"minecraft:chain":4,"minecraft:jungle_sapling":17,"minecraft:gold_nugget":165,"minecraft:wooden_sword":2,"minecraft:bone_meal":128,"cataclysm:ancient_metal_nugget":2,"minecraft:phantom_membrane":3,"minecraft:sand":9,"minecraft:iron_pickaxe":1,"iceandfire:armor_silver_metal_helmet":3,"minecraft:dark_oak_planks":23,"minecraft:white_wool":13,"minecraft:birch_stairs":2,"minecraft:bone":77,"minecraft:note_block":2,"alexsmobs:centipede_leg":2,"minecraft:stone_axe":4,"minecraft:sugar_cane":9,"minecraft:iron_nugget":25,"minecraft:cooked_chicken":10,"minecraft:golden_chestplate":6,"minecraft:cobbled_deepslate":9,"minecraft:netherite_sword":2,"minecraft:wheat":10,"wom:ender_blaster":1,"minecraft:rotten_flesh":257,"minecraft:grindstone":1,"minecraft:oak_planks":23,"minecraft:glowstone_dust":2,"minecraft:azure_bluet":2,"iceandfire:crackled_gravel":1,"alexsmobs:leafcutter_ant_pupa":2,"minecraft:charcoal":2,"minecraft:jungle_log":1,"minecraft:music_disc_mall":1,"minecraft:acacia_sapling":2,"minecraft:leather_leggings":2,"minecraft:beef":11,"minecraft:acacia_fence":1,"iceandfire:manuscript":1,"minecraft:egg":2,"minecraft:iron_ingot":3,"minecraft:golden_boots":2,"minecraft:wheat_seeds":96,"minecraft:dark_prismarine_slab":1,"minecraft:feather":14,"minecraft:cobblestone":6,"minecraft:iron_helmet":1,"alexsmobs:rattlesnake_rattle":1,"minecraft:apple":1,"minecraft:granite":12,"minecraft:coal":20,"minecraft:golden_apple":3,"minecraft:polished_andesite":7,"travelersbackpack:sandstone":1,"minecraft:golden_carrot":16,"minecraft:ink_sac":3,"iceandfire:copper_nugget":26,"minecraft:wooden_axe":3,"jet_and_elias_armors:knight_m_pink_boots":1,"memory_of_the_past:lesser_drop_of_knowledge":13,"minecraft:oak_stairs":2,"minecraft:white_banner":12,"iceandfire:cannoli":1,"minecraft:iron_shovel":3,"minecraft:paper":4,"minecraft:string":45,"minecraft:smooth_sandstone":7,"minecraft:blue_carpet":2,"minecraft:acacia_planks":5,"minecraft:gray_carpet":5,"minecraft:pink_tulip":2,"iceandfire:silver_nugget":72,"minecraft:moss_carpet":24,"minecraft:creeper_head":1,"alexsmobs:crocodile_scute":8,"minecraft:player_head":5,"minecraft:stone_sword":2,"minecraft:cocoa_beans":16,"minecraft:chicken":4,"iceandfire:myrmex_stinger":1,"minecraft:clay_ball":42,"minecraft:iron_boots":3,"minecraft:spruce_fence":1,"iceandfire:armor_amythest_chestplate":1,"minecraft:diamond_sword":1,"minecraft:potato":1636,"takesapillage:ravager_horn":3,"minecraft:shroomlight":1,"minecraft:allium":3,"minecraft:waxed_cut_copper":1,"minecraft:spruce_trapdoor":1,"iceandfire:silver_ingot":2,"minecraft:stone_pressure_plate":1,"minecraft:stone_bricks":2,"minecraft:spider_eye":11,"minecraft:bamboo":1,"minecraft:brown_carpet":1,"minecraft:sandstone":52,"minecraft:bow":5,"waystones:waystone":1,"minecraft:magma_block":1,"minecraft:dark_prismarine":2,"epicfight:skillbook":13,"minecraft:moss_block":32,"minecraft:birch_planks":3,"minecraft:dark_oak_stairs":2,"minecraft:oak_log":35,"minecraft:baked_potato":314,"minecraft:dark_oak_sapling":4,"minecraft:sandstone_slab":1,"minecraft:stripped_birch_wood":1,"minecraft:netherite_upgrade_smithing_template":1,"iceandfire:fire_dragon_flesh":2,"minecraft:lantern":1,"minecraft:leather":22,"minecraft:jungle_planks":37,"minecraft:red_wool":5,"minecraft:iron_horse_armor":2,"alexsmobs:bison_fur":15,"minecraft:flint":2,"minecraft:redstone_lamp":1,"minecraft:dark_oak_log":33,"minecraft:packed_ice":6,"jet_and_elias_armors:knight_m_pink_leggings":1,"minecraft:cornflower":7,"minecraft:mutton":3,"minecraft:snowball":20,"iceandfire:ash":11,"minecraft:gold_ingot":18,"minecraft:gravel":2,"minecraft:mangrove_roots":2,"wom:netherite_mask":1,"wom:netherite_manicle":1,"minecraft:beetroot":8,"minecraft:black_terracotta":3,"jet_and_elias_armors:hedge_knight_armor_helmet":1,"minecraft:carrot":8,"alexsmobs:kangaroo_hide":2,"minecraft:sandstone_wall":1,"minecraft:leather_chestplate":2,"minecraft:trident":1,"minecraft:gunpowder":54,"minecraft:birch_trapdoor":1,"minecraft:dune_armor_trim_smithing_template":1,"minecraft:skeleton_skull":2,"minecraft:beetroot_seeds":23,"minecraft:azalea":3,"shifu_epic_fight_skill_recipe:sword_scroll":1,"minecraft:birch_door":1,"minecraft:chest":1,"doggytalents:rice_grains":52,"minecraft:birch_button":2,"minecraft:arrow":15,"iceandfire:deathworm_chitin_yellow":15,"minecraft:oak_leaves":1,"iceandfire:silver_pickaxe":2,"wom:netherite_chains":1,"minecraft:bread":42,"minecraft:purple_terracotta":1,"minecraft:golden_helmet":1,"minecraft:mossy_cobblestone":1,"minecraft:smithing_table":1,"iceandfire:dragonscales_green":15,"minecraft:diamond_leggings":1,"minecraft:mangrove_propagule":1,"wom:iron_greataxe":2,"minecraft:amethyst_block":6,"minecraft:spruce_stairs":3,"iceandfire:lightning_dragon_flesh":3,"minecraft:grass_block":2,"minecraft:stick":11,"minecraft:diorite":2,"iceandfire:silver_sword":1,"minecraft:repeater":1,"minecraft:smooth_quartz":1,"minecraft:iron_door":1,"iceandfire:armor_silver_metal_chestplate":1,"minecraft:iron_leggings":2,"epicfight:stone_greatsword":1,"minecraft:cactus":5,"minecraft:dandelion":17,"minecraft:smooth_basalt":5,"shifu_epic_fight_skill_recipe:boot_scroll":2,"alexsmobs:maggot":3,"travelersbackpack:diamond":1,"iceandfire:lightning_dragon_heart":1,"minecraft:coarse_dirt":9,"minecraft:nether_wart":4,"iceandfire:sickly_dragon_meal":1,"minecraft:raw_copper":28,"wom:satsujin":2,"minecraft:tuff":1,"iceandfire:witherbone":6,"alexsmobs:bear_fur":2,"minecraft:flint_and_steel":1,"minecraft:filled_map":3,"minecraft:mud_bricks":6,"minecraft:shield":4,"iceandfire:chared_cobblestone":16,"minecraft:iron_chestplate":3,"minecraft:andesite":84,"minecraft:warped_fence":3,"minecraft:blue_ice":8,"minecraft:golden_leggings":1,"minecraft:oak_sapling":18,"minecraft:slime_ball":11,"minecraft:stone_pickaxe":3,"minecraft:wooden_pickaxe":2,"minecraft:raw_gold":23,"minecraft:calcite":4,"wom:diamond_crown":1,"minecraft:brick":1,"iceandfire:chared_stone":9},"minecraft:killed_by":{"iceandfire:siren":1,"minecraft:zombie":2,"alexsmobs:komodo_dragon":2,"shifu_epic_fight_skill_recipe:martialbanditnatural":3,"minecraft:slime":1,"minecraft:wither_skeleton":4,"minecraft:creeper":2,"iceandfire:ice_dragon":11,"iceandfire:fire_dragon":1,"minecraft:player":4,"shifu_epic_fight_skill_recipe:martialbandit":3,"minecraft:hoglin":1,"minecraft:skeleton":10,"iceandfire:lightning_dragon":3},"minecraft:used":{"minecraft:moss_block":11,"minecraft:chest":13,"travelersbackpack:diamond":27,"minecraft:packed_ice":1,"doggytalents:sussy_sickle":14,"minecraft:netherite_hoe":905,"minecraft:bow":172,"minecraft:dark_oak_boat":4,"minecraft:furnace":9,"minecraft:potato":1361,"iceandfire:frozen_cobblestone":20,"minecraft:wooden_pickaxe":22,"minecraft:jungle_boat":1,"minecraft:golden_apple":68,"minecraft:blue_ice":8,"iceandfire:silver_pickaxe":3,"iceandfire:lightning_dragon_flesh":1,"minecraft:diamond_sword":45,"minecraft:wooden_sword":8,"minecraft:smithing_table":1,"minecraft:ice":3,"travelersbackpack:sandstone":1,"minecraft:stripped_acacia_wood":4,"minecraft:netherrack":34,"minecraft:torch":135,"minecraft:anvil":2,"iceandfire:dragonegg_sapphire":1,"minecraft:nether_brick_stairs":1,"wom:iron_greataxe":2,"minecraft:shroomlight":1,"wom:ender_blaster":1,"epicfight:iron_greatsword":101,"minecraft:iron_axe":187,"epicfight:stone_greatsword":2,"minecraft:diamond_chestplate":1,"minecraft:cobbled_deepslate":79,"minecraft:water_bucket":200,"epicfight:iron_spear":3,"wom:golden_chrono":1,"minecraft:crafting_table":22,"minecraft:white_bed":1,"iceandfire:armor_silver_metal_chestplate":1,"alexsmobs:flying_fish":1,"minecraft:dark_prismarine":1,"minecraft:diamond_shovel":190,"minecraft:iron_pickaxe":154,"alexsmobs:kangaroo_meat":4,"minecraft:cobblestone":63,"travelersbackpack:standard":5,"minecraft:porkchop":1,"epicfight:uchigatana":8,"wom:satsujin":2536,"iceandfire:tide_trident":1,"minecraft:moss_carpet":8,"minecraft:iron_shovel":18,"minecraft:shield":74,"minecraft:iron_sword":6,"minecraft:iron_chestplate":1,"minecraft:jungle_planks":160,"minecraft:carrot":4,"iceandfire:frozen_stone":12,"travelersbackpack:iron":2,"minecraft:obsidian":10,"iceandfire:lightning_lily":1,"minecraft:deepslate_diamond_ore":2,"minecraft:golden_boots":1,"minecraft:dark_oak_stairs":1,"epicfight:skillbook":55,"minecraft:stone_pickaxe":34,"minecraft:oak_planks":75,"minecraft:ender_pearl":5,"travelersbackpack:melon":3,"minecraft:white_wool":2,"iceandfire:podium_spruce":1,"epicfight:iron_tachi":1,"minecraft:firework_rocket":124,"minecraft:acacia_door":1,"minecraft:bread":75,"minecraft:gravel":15,"iceandfire:dragon_skull_fire":2,"minecraft:andesite":56,"minecraft:bone_meal":1412,"minecraft:golden_pickaxe":10,"minecraft:experience_bottle":27,"minecraft:trident":2,"minecraft:netherite_sword":770,"minecraft:flint_and_steel":2,"minecraft:dirt":240,"iceandfire:armor_silver_metal_helmet":2,"minecraft:dark_oak_planks":96,"minecraft:wooden_axe":21,"minecraft:golden_carrot":157,"minecraft:netherite_pickaxe":1443,"minecraft:enchanted_golden_apple":1,"minecraft:iron_ore":26,"iceandfire:fire_dragon_flesh":10,"minecraft:baked_potato":46,"minecraft:cut_sandstone":1,"minecraft:stone_axe":38,"minecraft:bucket":200,"takesapillage:ravager_horn":2,"minecraft:splash_potion":2,"alexsmobs:emu_egg":1},"minecraft:mined":{"minecraft:dark_oak_planks":7,"minecraft:blue_carpet":2,"minecraft:black_terracotta":3,"iceandfire:copper_pile":2,"alexsmobs:leafcutter_anthill":1,"minecraft:jungle_leaves":6,"minecraft:granite":10,"minecraft:acacia_log":25,"minecraft:jungle_log":63,"travelersbackpack:iron":1,"minecraft:oxeye_daisy":1,"minecraft:spawner":34,"minecraft:magma_block":3,"minecraft:deepslate_lapis_ore":5,"iceandfire:gold_pile":79,"minecraft:iron_block":1,"minecraft:player_head":1,"minecraft:tripwire":1,"minecraft:sandstone_slab":1,"minecraft:note_block":1,"minecraft:torch":3,"minecraft:dead_bush":1,"minecraft:sugar_cane":51,"minecraft:damaged_anvil":1,"minecraft:amethyst_block":3,"travelersbackpack:diamond":1,"minecraft:chain":2,"minecraft:repeater":1,"minecraft:light_gray_stained_glass":2,"minecraft:wheat":7,"iceandfire:podium_birch":1,"minecraft:grass":109,"minecraft:sandstone_wall":1,"minecraft:smooth_basalt":5,"minecraft:deepslate":302,"minecraft:dark_prismarine":2,"iceandfire:silver_ore":4,"minecraft:mossy_cobblestone":4,"minecraft:dark_oak_log":103,"iceandfire:egginice":1,"minecraft:jungle_planks":9,"minecraft:moss_block":11,"minecraft:black_stained_glass_pane":2,"minecraft:packed_mud":1,"minecraft:acacia_trapdoor":1,"iceandfire:chared_gravel":1,"minecraft:andesite":141,"minecraft:potatoes":1021,"minecraft:vine":4,"minecraft:rail":1,"minecraft:bone_block":169,"minecraft:smithing_table":2,"minecraft:dandelion":2,"minecraft:smooth_sandstone":8,"minecraft:cornflower":2,"minecraft:emerald_ore":19,"minecraft:tall_grass":28,"minecraft:copper_ore":2,"minecraft:deepslate_gold_ore":35,"minecraft:diorite":2,"minecraft:coarse_dirt":7,"minecraft:mangrove_leaves":4,"minecraft:dark_prismarine_slab":1,"iceandfire:silver_pile":16,"minecraft:acacia_door":1,"minecraft:gravel":20,"minecraft:stone_bricks":2,"minecraft:gold_ore":9,"minecraft:fern":1,"minecraft:stone_pressure_plate":1,"minecraft:spruce_planks":2,"minecraft:cave_vines_plant":1,"minecraft:budding_amethyst":1,"minecraft:grass_block":147,"minecraft:polished_diorite":1,"minecraft:mud_bricks":6,"minecraft:composter":1,"minecraft:iron_ore":70,"minecraft:anvil":1,"iceandfire:chared_cobblestone":16,"minecraft:waxed_cut_copper":1,"minecraft:waxed_cut_copper_stairs":2,"minecraft:orange_terracotta":1,"iceandfire:dragon_ice_spikes":4,"minecraft:light_gray_terracotta":3,"minecraft:calcite":4,"minecraft:cobblestone":10,"minecraft:grindstone":1,"minecraft:wall_torch":7,"minecraft:seagrass":13,"minecraft:yellow_wool":1,"minecraft:blue_ice":3,"minecraft:oak_log":46,"minecraft:beetroots":10,"minecraft:acacia_fence":1,"minecraft:sand":6,"minecraft:dirt":34,"minecraft:netherrack":112,"minecraft:oak_leaves":11,"minecraft:daylight_detector":1,"iceandfire:chared_stone":13,"minecraft:tuff":6,"iceandfire:lightning_lily":1,"minecraft:red_carpet":1,"minecraft:diamond_ore":2,"minecraft:deepslate_diamond_ore":58,"iceandfire:frozen_cobblestone":32,"minecraft:purple_terracotta":1,"iceandfire:frozen_stone":26,"minecraft:decorated_pot":2,"iceandfire:dragon_ice":3,"minecraft:sandstone":71,"minecraft:mangrove_propagule":1,"minecraft:hay_block":33,"minecraft:furnace":1,"minecraft:carrots":41,"minecraft:chiseled_sandstone":1,"minecraft:gold_block":3,"minecraft:shroomlight":2,"minecraft:deepslate_iron_ore":13,"minecraft:stripped_oak_log":1,"minecraft:packed_ice":20,"minecraft:stone":132,"minecraft:acacia_leaves":7,"minecraft:crafting_table":12,"minecraft:sculk_sensor":2,"minecraft:lectern":1,"minecraft:lapis_ore":1,"minecraft:ice":23,"minecraft:coal_ore":116,"minecraft:stripped_acacia_wood":1,"minecraft:polished_andesite":9,"minecraft:small_dripleaf":2,"minecraft:birch_fence":3},"minecraft:broken":{"takesapillage:ravager_horn":2,"jet_and_elias_armors:hedge_knight_armor_helmet":1,"minecraft:bow":1,"minecraft:diamond_leggings":1,"minecraft:shield":2},"minecraft:crafted":{"iceandfire:dragonarmor_iron_head":1,"iceandfire:armor_amythest_chestplate":1,"minecraft:diamond_shovel":1,"travelersbackpack:diamond":1,"iceandfire:armor_silver_metal_chestplate":1,"minecraft:diamond_helmet":3,"minecraft:diamond_leggings":3,"minecraft:netherite_boots":2,"doggytalents:sussy_sickle":1,"wom:iron_greataxe":1,"minecraft:diamond_axe":1,"minecraft:jungle_boat":1,"minecraft:iron_pickaxe":3,"minecraft:iron_block":34,"minecraft:gold_ingot":506,"minecraft:netherite_ingot":5,"minecraft:golden_carrot":122,"iceandfire:dragonarmor_iron_body":1,"iceandfire:dragon_flute":1,"minecraft:bone_meal":1593,"minecraft:stone_pickaxe":2,"minecraft:diamond_boots":3,"minecraft:dark_oak_planks":224,"minecraft:wheat":234,"epicfight:stone_greatsword":1,"minecraft:enchanted_book":10,"minecraft:golden_apple":56,"iceandfire:sickly_dragon_meal":2,"minecraft:wooden_axe":2,"minecraft:iron_shovel":1,"minecraft:iron_leggings":1,"minecraft:white_bed":1,"iceandfire:dragonarmor_iron_neck":1,"minecraft:oak_planks":108,"minecraft:dark_oak_boat":2,"minecraft:chest":13,"minecraft:netherite_helmet":1,"minecraft:netherite_upgrade_smithing_template":20,"minecraft:crafting_table":12,"minecraft:wooden_pickaxe":1,"minecraft:baked_potato":303,"minecraft:gold_block":30,"minecraft:paper":90,"minecraft:shield":3,"minecraft:stick":64,"minecraft:iron_ingot":120,"minecraft:wooden_sword":2,"minecraft:netherite_sword":4,"minecraft:furnace":8,"minecraft:diamond_block":15,"minecraft:flint_and_steel":1,"minecraft:netherite_chestplate":1,"minecraft:netherite_leggings":2,"minecraft:leather":2,"minecraft:iron_axe":3,"epicfight:iron_greatsword":1,"minecraft:netherite_scrap":5,"iceandfire:silver_ingot":14,"iceandfire:dragon_meal":79,"iceandfire:tide_trident":1,"minecraft:stone_axe":2,"minecraft:bread":83,"minecraft:air":0,"minecraft:jungle_planks":392,"iceandfire:armor_silver_metal_helmet":1,"minecraft:gold_nugget":1332,"minecraft:anvil":1,"iceandfire:dragonarmor_iron_tail":1,"minecraft:acacia_planks":64,"minecraft:torch":132,"minecraft:diamond_chestplate":6,"minecraft:firework_rocket":270},"minecraft:custom":{"minecraft:interact_with_crafting_table":131,"minecraft:open_barrel":111,"minecraft:bell_ring":1,"minecraft:eat_cake_slice":5,"minecraft:leave_game":32,"minecraft:time_since_death":207930,"minecraft:damage_blocked_by_shield":2223,"minecraft:play_time":962515,"minecraft:deaths":53,"minecraft:jump":12845,"minecraft:interact_with_furnace":115,"minecraft:traded_with_villager":10,"minecraft:sleep_in_bed":7,"minecraft:waystone_activated":3,"minecraft:damage_dealt":269394,"minecraft:interact_with_smoker":4,"minecraft:inspect_dispenser":4,"minecraft:interact_with_smithing_table":16,"minecraft:interact_with_anvil":18,"minecraft:inspect_hopper":1,"minecraft:sneak_time":13204,"minecraft:interact_with_lectern":4,"minecraft:interact_with_blast_furnace":16,"minecraft:total_world_time":962515,"minecraft:time_since_rest":153603,"minecraft:swim_one_cm":145627,"minecraft:fly_one_cm":1899770,"minecraft:open_chest":811,"minecraft:fall_one_cm":366181,"minecraft:damage_resisted":173,"minecraft:sprint_one_cm":2088635,"minecraft:drop":714,"minecraft:play_noteblock":1,"minecraft:talked_to_villager":49,"minecraft:interact_with_brewingstand":4,"minecraft:walk_on_water_one_cm":210552,"minecraft:interact_with_loom":2,"minecraft:open_enderchest":1,"minecraft:player_kills":7,"minecraft:crouch_one_cm":50649,"minecraft:mob_kills":1130,"minecraft:climb_one_cm":47928,"minecraft:walk_one_cm":5496274,"minecraft:walk_under_water_one_cm":112809,"minecraft:boat_one_cm":318938,"minecraft:raid_trigger":2,"minecraft:interact_with_grindstone":2,"minecraft:damage_taken":44426,"minecraft:damage_absorbed":2133,"minecraft:trigger_trapped_chest":9,"minecraft:aviate_one_cm":5072682}},"DataVersion":3465}