{"stats":{"minecraft:broken":{"minecraft:stone_pickaxe":2,"minecraft:golden_sword":1,"minecraft:iron_pickaxe":1,"minecraft:golden_pickaxe":1},"minecraft:killed":{"alexsmobs:murmur":1,"minecraft:skeleton":2,"minecraft:creeper":1,"minecraft:zombie":11,"iceandfire:ghost":2,"alexsmobs:roadrunner":1},"minecraft:killed_by":{"shifu_epic_fight_skill_recipe:martialbanditnatural":1,"cataclysm:deepling":1,"alexsmobs:centipede_head":1,"cataclysm:deepling_brute":1},"minecraft:dropped":{"iceandfire:raw_silver":2,"minecraft:wheat_seeds":6,"minecraft:cobblestone":5,"minecraft:book":1,"minecraft:rail":2,"minecraft:stick":1,"minecraft:dirt":3,"minecraft:birch_fence":2,"memory_of_the_past:great_drop_of_knowledge":1,"minecraft:golden_hoe":1,"minecraft:string":1,"minecraft:lily_pad":2,"minecraft:acacia_planks":6,"minecraft:skull_pottery_sherd":1,"minecraft:gold_ingot":3,"minecraft:bone":2,"minecraft:stone_sword":1,"minecraft:cobbled_deepslate":116,"minecraft:tuff":27,"minecraft:wheat":6,"minecraft:beetroot":9,"minecraft:azure_bluet":1,"minecraft:potato":3,"minecraft:beetroot_seeds":27,"minecraft:yellow_banner":3,"minecraft:golden_sword":1,"minecraft:bamboo":2,"minecraft:wooden_pickaxe":1,"alexsmobs:shark_tooth":1,"minecraft:brick":3},"minecraft:used":{"minecraft:stone_sword":19,"minecraft:flint_and_steel":1,"minecraft:torch":9,"minecraft:jungle_planks":3,"minecraft:carrot":49,"minecraft:acacia_sapling":4,"minecraft:obsidian":2,"minecraft:smooth_sandstone":1,"minecraft:light_blue_bed":2,"minecraft:golden_sword":35,"minecraft:furnace":2,"minecraft:acacia_planks":20,"minecraft:golden_axe":2,"minecraft:wheat_seeds":10,"minecraft:acacia_boat":2,"minecraft:stone_pickaxe":336,"minecraft:wooden_pickaxe":16,"minecraft:cut_sandstone":2,"minecraft:sand":2,"minecraft:crafting_table":7,"minecraft:melon_slice":6,"minecraft:iron_pickaxe":304,"minecraft:pink_bed":1,"minecraft:diamond_sword":22,"minecraft:wooden_sword":38,"minecraft:cobblestone":182,"alexsmobs:animal_dictionary":1,"minecraft:golden_pickaxe":32},"minecraft:picked_up":{"minecraft:crafting_table":4,"minecraft:wheat":6,"minecraft:azure_bluet":1,"minecraft:golden_sword":1,"minecraft:brick":3,"minecraft:string":1,"memory_of_the_past:better_drop_of_knowledge":1,"minecraft:birch_fence":3,"minecraft:beetroot":9,"minecraft:cobbled_deepslate":204,"alexsmobs:elastic_tendon":1,"minecraft:melon_slice":30,"minecraft:furnace":3,"minecraft:stick":1,"minecraft:raw_iron":30,"minecraft:torch":5,"minecraft:acacia_log":15,"minecraft:skull_pottery_sherd":1,"minecraft:carrot":58,"minecraft:light_blue_bed":3,"minecraft:yellow_banner":3,"minecraft:stone_sword":1,"minecraft:rotten_flesh":3,"minecraft:beetroot_seeds":27,"minecraft:rail":4,"minecraft:cobblestone":319,"memory_of_the_past:lesser_drop_of_knowledge":10,"minecraft:feather":2,"minecraft:jungle_log":8,"minecraft:cut_sandstone":2,"minecraft:jungle_wood":4,"minecraft:potato":3,"minecraft:tuff":27,"minecraft:lily_pad":2,"minecraft:lapis_lazuli":18,"minecraft:dirt":3,"minecraft:smooth_sandstone":1,"minecraft:bone":2,"minecraft:wheat_seeds":16,"minecraft:bamboo":2,"minecraft:acacia_sapling":4,"minecraft:pink_bed":1,"alexsmobs:shark_tooth":1,"minecraft:sand":2,"minecraft:diamond":3,"minecraft:coal":91,"memory_of_the_past:great_drop_of_knowledge":1,"iceandfire:raw_silver":5},"minecraft:custom":{"minecraft:mob_kills":20,"minecraft:interact_with_crafting_table":18,"minecraft:leave_game":14,"minecraft:time_since_death":696,"minecraft:climb_one_cm":5505,"minecraft:sprint_one_cm":131313,"minecraft:walk_one_cm":292279,"minecraft:drop":33,"minecraft:talked_to_villager":9,"minecraft:play_time":123995,"minecraft:deaths":4,"minecraft:sneak_time":7510,"minecraft:walk_under_water_one_cm":16143,"minecraft:boat_one_cm":1411695,"minecraft:jump":1160,"minecraft:walk_on_water_one_cm":39684,"minecraft:total_world_time":123995,"minecraft:interact_with_furnace":14,"minecraft:interact_with_cartography_table":1,"minecraft:sleep_in_bed":5,"minecraft:time_since_rest":1166,"minecraft:damage_taken":2075,"minecraft:trigger_trapped_chest":2,"minecraft:damage_dealt":3727,"minecraft:swim_one_cm":87709,"minecraft:fly_one_cm":183580,"minecraft:open_chest":35,"minecraft:crouch_one_cm":14195,"minecraft:fall_one_cm":20270},"minecraft:crafted":{"minecraft:wooden_sword":1,"minecraft:furnace":1,"minecraft:iron_boots":1,"minecraft:stone_pickaxe":3,"minecraft:diamond_sword":1,"iceandfire:silver_ingot":3,"minecraft:crafting_table":4,"minecraft:wooden_pickaxe":2,"minecraft:iron_helmet":1,"minecraft:acacia_boat":2,"minecraft:air":0,"minecraft:jungle_planks":48,"minecraft:stick":24,"minecraft:iron_ingot":29,"minecraft:iron_pickaxe":3,"minecraft:stone_sword":1,"minecraft:acacia_planks":60,"minecraft:torch":16},"minecraft:mined":{"minecraft:tuff":27,"minecraft:yellow_wall_banner":2,"iceandfire:silver_ore":5,"minecraft:pink_bed":1,"minecraft:deepslate_diamond_ore":3,"minecraft:acacia_log":15,"minecraft:grass_block":1,"minecraft:decorated_pot":1,"minecraft:jungle_log":8,"minecraft:furnace":3,"minecraft:carrots":17,"minecraft:iron_ore":24,"minecraft:fire":1,"minecraft:deepslate_lapis_ore":4,"minecraft:potatoes":1,"minecraft:deepslate_iron_ore":6,"minecraft:rail":5,"minecraft:azalea_leaves":1,"minecraft:stone":306,"minecraft:cut_sandstone":2,"minecraft:acacia_leaves":1,"minecraft:yellow_banner":2,"minecraft:crafting_table":4,"minecraft:smooth_sandstone":1,"minecraft:torch":1,"minecraft:melon":6,"minecraft:tall_grass":1,"minecraft:cobblestone":22,"minecraft:deepslate_coal_ore":4,"minecraft:wall_torch":4,"minecraft:jungle_wood":4,"minecraft:light_blue_bed":3,"minecraft:wheat":7,"minecraft:grass":1,"minecraft:coal_ore":68,"minecraft:beetroots":9,"minecraft:sand":2,"minecraft:gravel":2,"minecraft:dirt":2,"minecraft:cobweb":1,"minecraft:deepslate":208,"minecraft:birch_fence":3}},"DataVersion":3465}