{"stats":{"minecraft:mined":{"minecraft:sandstone_slab":2,"iceandfire:silver_ore":6,"minecraft:crafting_table":15,"minecraft:grass_block":1,"minecraft:jungle_log":8,"minecraft:dead_bush":4,"iceandfire:lectern":1,"minecraft:moss_block":1,"minecraft:sugar_cane":6,"minecraft:large_fern":1,"minecraft:hay_block":12,"minecraft:jungle_wood":5,"minecraft:furnace":5,"iceandfire:podium_birch":1,"minecraft:grass":2,"iceandfire:silver_pile":17,"iceandfire:gold_pile":23,"minecraft:coal_ore":32,"minecraft:vine":1,"minecraft:iron_bars":1,"minecraft:sand":1,"minecraft:stone":59,"minecraft:birch_fence":2},"minecraft:picked_up":{"memory_of_the_past:lesser_drop_of_knowledge":17,"minecraft:crafting_table":15,"minecraft:sandstone_slab":2,"minecraft:jungle_log":8,"minecraft:jungle_wood":5,"minecraft:wooden_pickaxe":2,"doggytalents:rice_grains":1,"minecraft:lily_pad":2,"minecraft:gunpowder":2,"minecraft:acacia_boat":1,"minecraft:dirt":1,"minecraft:string":2,"memory_of_the_past:better_drop_of_knowledge":2,"minecraft:birch_fence":3,"minecraft:bone":8,"minecraft:acacia_planks":4,"minecraft:gold_nugget":134,"minecraft:rabbit_hide":1,"minecraft:iron_ingot":1,"minecraft:oak_boat":2,"minecraft:azalea":3,"minecraft:rabbit":2,"minecraft:sugar_cane":14,"minecraft:oak_planks":22,"minecraft:furnace":5,"minecraft:stick":6,"iceandfire:podium_birch":2,"minecraft:jungle_planks":30,"iceandfire:silver_ingot":1,"minecraft:arrow":5,"minecraft:rotten_flesh":4,"iceandfire:lectern":1,"minecraft:hay_block":10,"alexsmobs:rattlesnake_rattle":1,"minecraft:gold_ingot":9,"minecraft:bread":33,"minecraft:emerald":3,"iceandfire:silver_nugget":86,"minecraft:iron_bars":1,"minecraft:mutton":1,"alexsmobs:kangaroo_meat":3,"minecraft:coal":86,"wom:satsujin":1,"iceandfire:raw_silver":6,"minecraft:cobblestone":62},"minecraft:killed":{"minecraft:husk":1,"minecraft:rabbit":2,"alexsmobs:rattlesnake":3,"minecraft:creeper":2,"minecraft:skeleton":4,"minecraft:zombie":2,"shifu_epic_fight_skill_recipe:martialbanditnatural":1,"alexsmobs:kangaroo":1},"minecraft:killed_by":{"minecraft:player":4,"minecraft:skeleton":1,"alexsmobs:rhinoceros":2,"minecraft:enderman":1,"iceandfire:ghost":1},"minecraft:used":{"wom:satsujin":13,"minecraft:acacia_boat":1,"minecraft:stone_pickaxe":43,"minecraft:wooden_pickaxe":6,"minecraft:shield":1,"minecraft:dirt":1,"minecraft:mutton":1,"minecraft:crafting_table":15,"alexsmobs:cooked_kangaroo_meat":2,"minecraft:acacia_sapling":1,"iceandfire:silver_axe":28,"iceandfire:armor_silver_metal_helmet":1,"iceandfire:silver_pickaxe":86,"minecraft:wooden_axe":4,"wom:ender_blaster":4,"minecraft:iron_axe":6,"minecraft:bread":11,"minecraft:iron_pickaxe":13,"minecraft:stone_axe":34,"iceandfire:podium_birch":2,"minecraft:furnace":3,"minecraft:sandstone_slab":2,"alexsmobs:animal_dictionary":1,"minecraft:oak_boat":2},"minecraft:dropped":{"iceandfire:silver_nugget":23,"minecraft:stone_axe":2,"minecraft:crafting_table":1,"minecraft:cobblestone":11,"minecraft:rotten_flesh":4,"minecraft:oak_planks":22,"minecraft:jungle_planks":30,"minecraft:stick":11,"minecraft:potato":3,"minecraft:birch_fence":3,"minecraft:gunpowder":2,"minecraft:wooden_axe":2,"minecraft:rabbit":2,"minecraft:azalea":2,"minecraft:wooden_sword":1,"doggytalents:rice_grains":2,"minecraft:arrow":5,"minecraft:wooden_pickaxe":4,"minecraft:stone_pickaxe":2,"minecraft:paper":17,"minecraft:string":2,"minecraft:bone":8},"minecraft:custom":{"minecraft:interact_with_furnace":16,"minecraft:mob_kills":16,"minecraft:interact_with_crafting_table":36,"minecraft:leave_game":3,"minecraft:time_since_death":29691,"minecraft:climb_one_cm":4293,"minecraft:time_since_rest":29726,"minecraft:sprint_one_cm":215074,"minecraft:damage_taken":3062,"minecraft:walk_one_cm":104966,"minecraft:damage_blocked_by_shield":60,"minecraft:trigger_trapped_chest":2,"minecraft:drop":54,"minecraft:damage_dealt":4932,"minecraft:talked_to_villager":1,"minecraft:swim_one_cm":26166,"minecraft:fly_one_cm":347968,"minecraft:player_kills":4,"minecraft:open_chest":26,"minecraft:crouch_one_cm":12596,"minecraft:play_time":76720,"minecraft:deaths":10,"minecraft:sneak_time":3614,"minecraft:walk_under_water_one_cm":5097,"minecraft:boat_one_cm":126787,"minecraft:jump":1655,"minecraft:interact_with_brewingstand":2,"minecraft:walk_on_water_one_cm":17570,"minecraft:total_world_time":76720,"minecraft:fall_one_cm":49189},"minecraft:crafted":{"iceandfire:silver_axe":1,"minecraft:oak_planks":24,"iceandfire:silver_ingot":12,"minecraft:crafting_table":3,"minecraft:wooden_pickaxe":2,"alexsmobs:cooked_kangaroo_meat":3,"minecraft:furnace":2,"minecraft:stone_axe":2,"minecraft:jungle_planks":52,"minecraft:bread":24,"minecraft:acacia_boat":1,"minecraft:air":0,"iceandfire:armor_silver_metal_helmet":1,"minecraft:oak_boat":1,"minecraft:iron_chestplate":1,"minecraft:shield":2,"minecraft:iron_axe":1,"minecraft:stick":16,"minecraft:iron_pickaxe":1,"minecraft:stone_pickaxe":2,"minecraft:gold_ingot":14,"minecraft:torch":12,"iceandfire:silver_sword":1,"minecraft:acacia_planks":32,"iceandfire:silver_pickaxe":1}},"DataVersion":3465}