{"stats":{"minecraft:mined":{"iceandfire:silver_ore":1,"minecraft:crafting_table":2,"minecraft:coal_ore":12,"minecraft:grass":2,"minecraft:stone":22},"minecraft:picked_up":{"minecraft:crafting_table":2,"memory_of_the_past:lesser_drop_of_knowledge":5,"doggytalents:rice_grains":1,"minecraft:string":2,"memory_of_the_past:better_drop_of_knowledge":1,"minecraft:rotten_flesh":2,"minecraft:arrow":2,"minecraft:acacia_planks":4,"alexsmobs:kangaroo_meat":2,"iceandfire:raw_silver":1,"minecraft:mutton":1,"minecraft:coal":12,"wom:satsujin":1,"minecraft:cobblestone":24},"minecraft:killed":{"minecraft:skeleton":1,"alexsmobs:kangaroo":1},"minecraft:killed_by":{"minecraft:player":3,"minecraft:skeleton":1,"alexsmobs:rhinoceros":2,"minecraft:enderman":1},"minecraft:dropped":{"minecraft:stone_axe":1,"minecraft:wooden_axe":2,"minecraft:crafting_table":1,"minecraft:rotten_flesh":2,"minecraft:oak_planks":22,"minecraft:wooden_sword":1,"doggytalents:rice_grains":2,"minecraft:arrow":2,"minecraft:stone_pickaxe":1,"minecraft:wooden_pickaxe":1,"minecraft:string":2,"minecraft:stick":11},"minecraft:used":{"wom:satsujin":13,"minecraft:wooden_axe":4,"wom:ender_blaster":4,"minecraft:iron_axe":3,"minecraft:stone_pickaxe":20,"minecraft:iron_pickaxe":12,"minecraft:shield":1,"minecraft:wooden_pickaxe":3,"minecraft:stone_axe":2,"minecraft:mutton":1,"minecraft:crafting_table":3,"minecraft:furnace":1,"alexsmobs:animal_dictionary":1,"minecraft:acacia_sapling":1},"minecraft:custom":{"minecraft:time_since_rest":7940,"minecraft:interact_with_furnace":2,"minecraft:sprint_one_cm":37335,"minecraft:damage_taken":1941,"minecraft:walk_one_cm":41117,"minecraft:damage_blocked_by_shield":60,"minecraft:mob_kills":2,"minecraft:drop":15,"minecraft:damage_dealt":2269,"minecraft:swim_one_cm":3933,"minecraft:interact_with_crafting_table":6,"minecraft:fly_one_cm":77404,"minecraft:player_kills":4,"minecraft:crouch_one_cm":2904,"minecraft:play_time":28861,"minecraft:deaths":7,"minecraft:sneak_time":850,"minecraft:walk_under_water_one_cm":1562,"minecraft:jump":350,"minecraft:leave_game":2,"minecraft:time_since_death":7909,"minecraft:walk_on_water_one_cm":5477,"minecraft:total_world_time":28861,"minecraft:fall_one_cm":11339},"minecraft:crafted":{"minecraft:oak_planks":24,"minecraft:iron_chestplate":1,"minecraft:shield":1,"minecraft:iron_axe":1,"minecraft:crafting_table":3,"minecraft:stick":4,"minecraft:iron_pickaxe":1,"minecraft:wooden_pickaxe":1,"minecraft:stone_pickaxe":1,"alexsmobs:cooked_kangaroo_meat":1,"minecraft:furnace":1,"minecraft:acacia_planks":32,"minecraft:stone_axe":1,"minecraft:air":0}},"DataVersion":3465}