{"stats":{"minecraft:mined":{"minecraft:tuff":3,"iceandfire:silver_ore":7,"minecraft:deepslate_diamond_ore":29,"minecraft:granite":5,"minecraft:grass_block":1,"minecraft:decorated_pot":1,"minecraft:jungle_log":8,"iceandfire:pixie_house_oak":1,"iceandfire:lectern":1,"minecraft:coal_block":5,"minecraft:moss_block":1,"minecraft:sandstone":1,"minecraft:spawner":2,"minecraft:large_fern":1,"minecraft:hay_block":12,"minecraft:furnace":12,"minecraft:fire":8,"minecraft:iron_ore":60,"minecraft:cobbled_deepslate":4,"minecraft:deepslate_iron_ore":23,"iceandfire:gold_pile":29,"minecraft:vine":1,"minecraft:iron_bars":1,"minecraft:stone":128,"minecraft:iron_block":1,"minecraft:sandstone_slab":2,"minecraft:acacia_leaves":1,"minecraft:crafting_table":22,"minecraft:dead_bush":4,"minecraft:cobblestone":34,"minecraft:deepslate_coal_ore":2,"minecraft:oak_planks":1,"minecraft:sugar_cane":6,"minecraft:jungle_wood":5,"iceandfire:podium_birch":1,"minecraft:grass":3,"minecraft:coal_ore":33,"iceandfire:silver_pile":17,"minecraft:sand":1,"minecraft:stone_bricks":3,"minecraft:deepslate":32,"minecraft:oak_leaves":4,"minecraft:birch_fence":2},"minecraft:picked_up":{"minecraft:iron_chestplate":3,"minecraft:crafting_table":22,"minecraft:wheat":2,"minecraft:sandstone_slab":2,"iceandfire:pixie_house_oak":1,"minecraft:wooden_pickaxe":2,"iceandfire:armor_silver_metal_chestplate":1,"minecraft:string":7,"minecraft:experience_bottle":3,"memory_of_the_past:better_drop_of_knowledge":12,"minecraft:iron_leggings":2,"minecraft:birch_fence":3,"minecraft:gold_nugget":286,"minecraft:cobbled_deepslate":32,"minecraft:oak_boat":3,"minecraft:azalea":3,"minecraft:coal_block":5,"minecraft:sugar_cane":14,"minecraft:iron_boots":1,"minecraft:furnace":12,"minecraft:sandstone":1,"minecraft:raw_iron":107,"minecraft:stick":6,"minecraft:carrot":64,"alexsmobs:centipede_leg":1,"minecraft:stone_sword":1,"minecraft:rotten_flesh":43,"iceandfire:silver_ingot":1,"minecraft:arrow":29,"minecraft:decorated_pot":1,"minecraft:hay_block":10,"minecraft:iron_block":1,"minecraft:gold_ingot":42,"minecraft:mutton":1,"minecraft:iron_bars":1,"alexsmobs:kangaroo_meat":3,"minecraft:cobblestone":161,"memory_of_the_past:lesser_drop_of_knowledge":94,"minecraft:leather_chestplate":1,"minecraft:jungle_boat":3,"minecraft:feather":2,"minecraft:jungle_log":8,"minecraft:jungle_wood":5,"minecraft:potato":1,"wom:iron_greataxe":1,"doggytalents:rice_grains":2,"alexsmobs:bear_fur":2,"minecraft:tuff":5,"minecraft:lily_pad":2,"minecraft:gunpowder":18,"minecraft:acacia_boat":1,"alexsmobs:rocky_shell":1,"minecraft:dirt":15,"minecraft:bone":31,"minecraft:acacia_planks":4,"minecraft:stone_bricks":3,"minecraft:wheat_seeds":7,"alexsmobs:cockroach_wing_fragment":1,"minecraft:raw_gold":13,"iceandfire:armor_silver_metal_helmet":1,"minecraft:rabbit_hide":1,"minecraft:iron_ingot":11,"minecraft:rabbit":2,"minecraft:oak_planks":23,"minecraft:book":2,"iceandfire:podium_birch":2,"minecraft:jungle_planks":71,"minecraft:sand":16,"minecraft:spider_eye":5,"iceandfire:silver_pickaxe":1,"jet_and_elias_armors:hedge_knight_armor_helmet":1,"minecraft:diamond":29,"iceandfire:silver_sword":1,"iceandfire:lectern":1,"minecraft:iron_helmet":1,"alexsmobs:rattlesnake_rattle":2,"minecraft:granite":5,"minecraft:emerald":8,"minecraft:bread":41,"alexsmobs:maggot":2,"minecraft:oak_sapling":1,"minecraft:coal":142,"iceandfire:silver_nugget":86,"wom:satsujin":1,"iceandfire:raw_silver":8},"minecraft:killed":{"minecraft:witch":1,"alexsmobs:tiger":1,"minecraft:spider":12,"alexsmobs:rattlesnake":4,"minecraft:skeleton":26,"alexsmobs:centipede_head":1,"alexsmobs:kangaroo":1,"alexsmobs:rocky_roller":1,"minecraft:husk":5,"alexsmobs:grizzly_bear":1,"minecraft:zombie_villager":1,"minecraft:rabbit":2,"minecraft:creeper":13,"alexsmobs:cockroach":1,"minecraft:zombie":31,"alexsmobs:fly":1,"shifu_epic_fight_skill_recipe:martialbanditnatural":2,"alexsmobs:komodo_dragon":1},"minecraft:killed_by":{"minecraft:husk":2,"minecraft:player":4,"shifu_epic_fight_skill_recipe:martialbanditnatural":1,"minecraft:creeper":1,"minecraft:enderman":1,"minecraft:skeleton":3,"alexsmobs:rhinoceros":2,"iceandfire:ghost":1},"minecraft:used":{"wom:satsujin":13,"iceandfire:silver_sword":50,"minecraft:decorated_pot":1,"minecraft:shield":13,"minecraft:iron_chestplate":1,"minecraft:torch":6,"minecraft:dirt":1,"minecraft:mutton":1,"alexsmobs:cooked_kangaroo_meat":2,"minecraft:acacia_sapling":1,"minecraft:tuff":3,"minecraft:granite":1,"iceandfire:armor_silver_metal_helmet":1,"wom:iron_greataxe":24,"wom:ender_blaster":4,"minecraft:wooden_axe":4,"minecraft:iron_axe":6,"epicfight:diamond_greatsword":95,"minecraft:stone_bricks":3,"minecraft:diamond_chestplate":1,"jet_and_elias_armors:knight_m_pink_leggings":1,"jet_and_elias_armors:knight_m_pink_boots":1,"iceandfire:podium_birch":2,"minecraft:furnace":10,"minecraft:cobbled_deepslate":20,"minecraft:iron_leggings":1,"epicfight:skillbook":13,"minecraft:water_bucket":25,"minecraft:acacia_boat":1,"minecraft:stone_pickaxe":43,"minecraft:oak_planks":1,"minecraft:wooden_pickaxe":6,"minecraft:diamond_axe":9,"minecraft:jungle_boat":2,"minecraft:crafting_table":26,"iceandfire:silver_axe":47,"iceandfire:silver_pickaxe":179,"minecraft:diamond_pickaxe":45,"minecraft:string":1,"minecraft:bread":99,"minecraft:iron_pickaxe":163,"minecraft:stone_axe":34,"minecraft:potion":1,"minecraft:cobblestone":104,"minecraft:bucket":27,"minecraft:sandstone_slab":2,"minecraft:oak_boat":3,"alexsmobs:animal_dictionary":1,"minecraft:experience_bottle":3},"minecraft:dropped":{"minecraft:water_bucket":1,"minecraft:iron_ingot":23,"iceandfire:raw_silver":2,"minecraft:wheat_seeds":7,"iceandfire:silver_axe":1,"minecraft:crafting_table":1,"alexsmobs:rocky_shell":1,"minecraft:iron_helmet":1,"minecraft:feather":2,"minecraft:cobblestone":11,"alexsmobs:rattlesnake_rattle":1,"wom:iron_greataxe":1,"minecraft:granite":4,"minecraft:jungle_planks":30,"minecraft:stick":11,"minecraft:dirt":14,"minecraft:birch_fence":3,"jet_and_elias_armors:knight_m_pink_leggings":1,"minecraft:torch":8,"iceandfire:silver_sword":2,"jet_and_elias_armors:knight_m_pink_boots":1,"minecraft:wooden_axe":2,"minecraft:rabbit":2,"iceandfire:armor_silver_metal_chestplate":1,"minecraft:iron_leggings":2,"minecraft:gold_nugget":124,"minecraft:wooden_sword":1,"minecraft:sand":16,"minecraft:jungle_boat":1,"minecraft:iron_pickaxe":1,"iceandfire:armor_silver_metal_helmet":2,"minecraft:paper":17,"minecraft:string":6,"minecraft:gold_ingot":31,"minecraft:bone":8,"alexsmobs:centipede_leg":1,"iceandfire:silver_nugget":23,"minecraft:stone_axe":2,"alexsmobs:maggot":2,"minecraft:iron_nugget":1,"minecraft:stone_sword":1,"minecraft:tuff":2,"minecraft:wheat":2,"jet_and_elias_armors:hedge_knight_armor_helmet":2,"minecraft:rotten_flesh":43,"minecraft:oak_planks":22,"minecraft:iron_boots":1,"alexsmobs:bear_fur":2,"minecraft:carrot":64,"minecraft:leather_chestplate":1,"minecraft:potato":4,"minecraft:gunpowder":18,"alexsmobs:cockroach_wing_fragment":1,"minecraft:iron_chestplate":5,"minecraft:oak_sapling":1,"minecraft:oak_boat":1,"minecraft:azalea":3,"minecraft:spider_eye":3,"doggytalents:rice_grains":3,"minecraft:sandstone":1,"minecraft:arrow":29,"minecraft:stone_pickaxe":2,"minecraft:wooden_pickaxe":4,"minecraft:raw_gold":13,"iceandfire:silver_pickaxe":2},"minecraft:custom":{"minecraft:mob_kills":107,"minecraft:interact_with_crafting_table":82,"minecraft:open_barrel":15,"minecraft:leave_game":3,"minecraft:time_since_death":27516,"minecraft:climb_one_cm":8332,"minecraft:sprint_one_cm":736069,"minecraft:walk_one_cm":301575,"minecraft:damage_blocked_by_shield":1245,"minecraft:drop":173,"minecraft:talked_to_villager":1,"minecraft:play_time":190720,"minecraft:deaths":17,"minecraft:sneak_time":10065,"minecraft:walk_under_water_one_cm":20579,"minecraft:boat_one_cm":185740,"minecraft:interact_with_brewingstand":2,"minecraft:jump":3884,"minecraft:walk_on_water_one_cm":43118,"minecraft:total_world_time":190720,"minecraft:interact_with_furnace":64,"minecraft:sleep_in_bed":2,"minecraft:time_since_rest":27596,"minecraft:damage_taken":9037,"minecraft:trigger_trapped_chest":2,"minecraft:damage_dealt":23415,"minecraft:swim_one_cm":96020,"minecraft:player_kills":4,"minecraft:fly_one_cm":697124,"minecraft:open_chest":54,"minecraft:crouch_one_cm":30136,"minecraft:fall_one_cm":98392},"minecraft:crafted":{"epicfight:diamond_greatsword":1,"minecraft:oak_planks":24,"minecraft:coal":45,"minecraft:furnace":2,"jet_and_elias_armors:hedge_knight_armor_helmet":2,"minecraft:iron_boots":2,"minecraft:iron_axe":1,"minecraft:stone_pickaxe":2,"minecraft:wheat":90,"iceandfire:silver_axe":1,"iceandfire:silver_ingot":12,"minecraft:crafting_table":7,"minecraft:wooden_pickaxe":2,"minecraft:iron_helmet":2,"alexsmobs:cooked_kangaroo_meat":3,"minecraft:bucket":2,"minecraft:stone_axe":2,"jet_and_elias_armors:knight_m_pink_boots":2,"minecraft:acacia_boat":1,"minecraft:bread":59,"minecraft:air":0,"minecraft:jungle_planks":52,"minecraft:oak_boat":1,"iceandfire:armor_silver_metal_helmet":1,"minecraft:diamond_pickaxe":1,"minecraft:iron_chestplate":3,"minecraft:shield":2,"minecraft:stick":20,"minecraft:iron_ingot":104,"minecraft:iron_pickaxe":2,"jet_and_elias_armors:knight_m_pink_leggings":2,"minecraft:iron_leggings":2,"minecraft:gold_ingot":18,"minecraft:acacia_planks":32,"minecraft:torch":12,"iceandfire:silver_pickaxe":1,"iceandfire:silver_sword":1}},"DataVersion":3465}