{"stats":{"minecraft:mined":{"iceandfire:silver_ore":6,"minecraft:crafting_table":6,"minecraft:grass_block":1,"minecraft:dead_bush":4,"minecraft:sugar_cane":6,"minecraft:large_fern":1,"minecraft:furnace":2,"minecraft:grass":2,"minecraft:coal_ore":32,"minecraft:vine":1,"minecraft:iron_bars":1,"minecraft:stone":59},"minecraft:picked_up":{"memory_of_the_past:lesser_drop_of_knowledge":16,"minecraft:crafting_table":6,"minecraft:wooden_pickaxe":2,"doggytalents:rice_grains":1,"minecraft:gunpowder":2,"minecraft:acacia_boat":1,"minecraft:dirt":1,"minecraft:string":2,"memory_of_the_past:better_drop_of_knowledge":1,"minecraft:bone":4,"minecraft:acacia_planks":4,"minecraft:rabbit_hide":1,"minecraft:oak_boat":1,"minecraft:azalea":2,"minecraft:rabbit":2,"minecraft:sugar_cane":14,"minecraft:oak_planks":22,"minecraft:furnace":2,"minecraft:stick":4,"minecraft:arrow":5,"minecraft:rotten_flesh":4,"alexsmobs:rattlesnake_rattle":1,"minecraft:emerald":3,"minecraft:iron_bars":1,"minecraft:mutton":1,"alexsmobs:kangaroo_meat":3,"minecraft:coal":49,"wom:satsujin":1,"iceandfire:raw_silver":6,"minecraft:cobblestone":62},"minecraft:killed":{"minecraft:husk":1,"minecraft:rabbit":2,"alexsmobs:rattlesnake":2,"minecraft:creeper":1,"minecraft:skeleton":3,"minecraft:zombie":2,"shifu_epic_fight_skill_recipe:martialbanditnatural":1,"alexsmobs:kangaroo":1},"minecraft:killed_by":{"minecraft:player":4,"minecraft:skeleton":1,"alexsmobs:rhinoceros":2,"minecraft:enderman":1,"iceandfire:ghost":1},"minecraft:dropped":{"minecraft:stone_axe":1,"minecraft:crafting_table":1,"minecraft:rotten_flesh":4,"minecraft:oak_planks":22,"minecraft:stick":11,"minecraft:wooden_axe":2,"minecraft:azalea":2,"minecraft:wooden_sword":1,"doggytalents:rice_grains":2,"minecraft:arrow":2,"minecraft:wooden_pickaxe":4,"minecraft:stone_pickaxe":2,"minecraft:string":2},"minecraft:used":{"wom:satsujin":13,"minecraft:acacia_boat":1,"minecraft:stone_pickaxe":43,"minecraft:wooden_pickaxe":6,"minecraft:shield":1,"minecraft:dirt":1,"minecraft:mutton":1,"minecraft:crafting_table":6,"alexsmobs:cooked_kangaroo_meat":2,"minecraft:acacia_sapling":1,"iceandfire:silver_pickaxe":39,"minecraft:wooden_axe":4,"wom:ender_blaster":4,"minecraft:iron_axe":6,"minecraft:bread":2,"minecraft:iron_pickaxe":13,"minecraft:stone_axe":30,"minecraft:furnace":2,"alexsmobs:animal_dictionary":1,"minecraft:oak_boat":1},"minecraft:custom":{"minecraft:interact_with_furnace":10,"minecraft:mob_kills":13,"minecraft:interact_with_crafting_table":18,"minecraft:leave_game":3,"minecraft:time_since_death":5691,"minecraft:climb_one_cm":57,"minecraft:time_since_rest":5726,"minecraft:sprint_one_cm":125146,"minecraft:damage_taken":2822,"minecraft:walk_one_cm":68289,"minecraft:damage_blocked_by_shield":60,"minecraft:trigger_trapped_chest":2,"minecraft:drop":21,"minecraft:damage_dealt":4431,"minecraft:swim_one_cm":19092,"minecraft:fly_one_cm":231422,"minecraft:player_kills":4,"minecraft:open_chest":6,"minecraft:crouch_one_cm":8266,"minecraft:play_time":52720,"minecraft:deaths":10,"minecraft:sneak_time":2382,"minecraft:walk_under_water_one_cm":3993,"minecraft:boat_one_cm":125080,"minecraft:jump":1113,"minecraft:walk_on_water_one_cm":14973,"minecraft:total_world_time":52720,"minecraft:fall_one_cm":33905},"minecraft:crafted":{"minecraft:oak_planks":24,"iceandfire:silver_ingot":3,"minecraft:crafting_table":3,"minecraft:wooden_pickaxe":2,"alexsmobs:cooked_kangaroo_meat":3,"minecraft:furnace":2,"minecraft:stone_axe":2,"minecraft:bread":3,"minecraft:acacia_boat":1,"minecraft:air":0,"minecraft:oak_boat":1,"minecraft:iron_chestplate":1,"minecraft:shield":1,"minecraft:iron_axe":1,"minecraft:stick":12,"minecraft:iron_pickaxe":1,"minecraft:stone_pickaxe":2,"minecraft:acacia_planks":32,"iceandfire:silver_pickaxe":1}},"DataVersion":3465}