{"stats":{"minecraft:mined":{"iceandfire:silver_ore":7,"minecraft:granite":4,"minecraft:grass_block":1,"minecraft:jungle_log":8,"iceandfire:lectern":1,"minecraft:moss_block":1,"minecraft:large_fern":1,"minecraft:hay_block":12,"minecraft:furnace":7,"minecraft:iron_ore":32,"minecraft:deepslate_iron_ore":6,"iceandfire:gold_pile":23,"minecraft:vine":1,"minecraft:iron_bars":1,"minecraft:stone":78,"minecraft:sandstone_slab":2,"minecraft:crafting_table":15,"minecraft:dead_bush":4,"minecraft:cobblestone":1,"minecraft:sugar_cane":6,"minecraft:jungle_wood":5,"iceandfire:podium_birch":1,"minecraft:grass":3,"minecraft:coal_ore":32,"iceandfire:silver_pile":17,"minecraft:sand":1,"minecraft:oak_leaves":4,"minecraft:birch_fence":2},"minecraft:picked_up":{"minecraft:crafting_table":15,"minecraft:sandstone_slab":2,"minecraft:wooden_pickaxe":2,"minecraft:string":3,"memory_of_the_past:better_drop_of_knowledge":5,"minecraft:birch_fence":3,"minecraft:gold_nugget":134,"minecraft:oak_boat":3,"minecraft:azalea":3,"minecraft:sugar_cane":14,"minecraft:furnace":7,"minecraft:raw_iron":59,"minecraft:stick":6,"minecraft:rotten_flesh":5,"iceandfire:silver_ingot":1,"minecraft:arrow":9,"minecraft:hay_block":10,"minecraft:gold_ingot":9,"minecraft:mutton":1,"minecraft:iron_bars":1,"alexsmobs:kangaroo_meat":3,"minecraft:cobblestone":82,"memory_of_the_past:lesser_drop_of_knowledge":24,"minecraft:jungle_boat":2,"minecraft:feather":2,"minecraft:jungle_log":8,"minecraft:jungle_wood":5,"doggytalents:rice_grains":1,"minecraft:lily_pad":2,"minecraft:gunpowder":4,"minecraft:acacia_boat":1,"minecraft:dirt":1,"minecraft:bone":12,"minecraft:acacia_planks":4,"minecraft:rabbit_hide":1,"minecraft:iron_ingot":3,"minecraft:rabbit":2,"minecraft:oak_planks":22,"iceandfire:podium_birch":2,"minecraft:jungle_planks":30,"minecraft:sand":16,"minecraft:spider_eye":1,"iceandfire:lectern":1,"alexsmobs:rattlesnake_rattle":1,"minecraft:granite":4,"minecraft:emerald":4,"minecraft:bread":33,"minecraft:oak_sapling":1,"minecraft:coal":110,"iceandfire:silver_nugget":86,"wom:satsujin":1,"iceandfire:raw_silver":8},"minecraft:killed":{"minecraft:witch":1,"minecraft:spider":3,"alexsmobs:rattlesnake":3,"minecraft:skeleton":8,"alexsmobs:kangaroo":1,"minecraft:husk":1,"minecraft:rabbit":2,"minecraft:creeper":2,"minecraft:zombie":4,"shifu_epic_fight_skill_recipe:martialbanditnatural":2,"alexsmobs:komodo_dragon":1},"minecraft:killed_by":{"minecraft:player":4,"shifu_epic_fight_skill_recipe:martialbanditnatural":1,"minecraft:creeper":1,"minecraft:enderman":1,"minecraft:skeleton":1,"alexsmobs:rhinoceros":2,"iceandfire:ghost":1},"minecraft:used":{"wom:satsujin":13,"iceandfire:silver_sword":34,"minecraft:shield":3,"minecraft:iron_chestplate":1,"minecraft:torch":3,"minecraft:dirt":1,"minecraft:mutton":1,"alexsmobs:cooked_kangaroo_meat":2,"minecraft:acacia_sapling":1,"iceandfire:armor_silver_metal_helmet":1,"wom:ender_blaster":4,"minecraft:wooden_axe":4,"minecraft:iron_axe":6,"iceandfire:podium_birch":2,"minecraft:furnace":6,"minecraft:acacia_boat":1,"minecraft:stone_pickaxe":43,"minecraft:wooden_pickaxe":6,"minecraft:jungle_boat":1,"minecraft:crafting_table":16,"iceandfire:silver_axe":32,"iceandfire:silver_pickaxe":151,"minecraft:string":1,"minecraft:bread":31,"minecraft:iron_pickaxe":13,"minecraft:stone_axe":34,"minecraft:cobblestone":17,"minecraft:bucket":2,"minecraft:sandstone_slab":2,"minecraft:oak_boat":3,"alexsmobs:animal_dictionary":1},"minecraft:dropped":{"minecraft:water_bucket":1,"minecraft:crafting_table":1,"minecraft:cobblestone":11,"minecraft:jungle_planks":30,"minecraft:stick":11,"minecraft:birch_fence":3,"minecraft:torch":6,"minecraft:wooden_axe":2,"minecraft:rabbit":2,"minecraft:wooden_sword":1,"minecraft:sand":16,"iceandfire:armor_silver_metal_helmet":1,"minecraft:paper":17,"minecraft:string":2,"minecraft:bone":8,"iceandfire:silver_nugget":23,"minecraft:stone_axe":2,"minecraft:rotten_flesh":4,"minecraft:oak_planks":22,"minecraft:potato":3,"minecraft:gunpowder":3,"minecraft:azalea":3,"doggytalents:rice_grains":2,"minecraft:arrow":5,"minecraft:stone_pickaxe":2,"minecraft:wooden_pickaxe":4},"minecraft:custom":{"minecraft:mob_kills":28,"minecraft:interact_with_crafting_table":41,"minecraft:leave_game":3,"minecraft:time_since_death":5918,"minecraft:climb_one_cm":4606,"minecraft:sprint_one_cm":301203,"minecraft:walk_one_cm":143039,"minecraft:damage_blocked_by_shield":255,"minecraft:drop":65,"minecraft:talked_to_villager":1,"minecraft:play_time":100720,"minecraft:deaths":13,"minecraft:sneak_time":5412,"minecraft:walk_under_water_one_cm":11160,"minecraft:boat_one_cm":170485,"minecraft:interact_with_brewingstand":2,"minecraft:jump":2285,"minecraft:walk_on_water_one_cm":33062,"minecraft:total_world_time":100720,"minecraft:interact_with_furnace":24,"minecraft:sleep_in_bed":1,"minecraft:time_since_rest":5954,"minecraft:damage_taken":4958,"minecraft:trigger_trapped_chest":2,"minecraft:damage_dealt":7388,"minecraft:swim_one_cm":74232,"minecraft:player_kills":4,"minecraft:fly_one_cm":451883,"minecraft:open_chest":27,"minecraft:crouch_one_cm":17638,"minecraft:fall_one_cm":63695},"minecraft:crafted":{"minecraft:oak_planks":24,"minecraft:furnace":2,"minecraft:iron_axe":1,"minecraft:stone_pickaxe":2,"iceandfire:silver_axe":1,"iceandfire:silver_ingot":12,"minecraft:crafting_table":3,"minecraft:wooden_pickaxe":2,"alexsmobs:cooked_kangaroo_meat":3,"minecraft:bucket":2,"minecraft:stone_axe":2,"minecraft:acacia_boat":1,"minecraft:bread":24,"minecraft:air":0,"minecraft:jungle_planks":52,"minecraft:oak_boat":1,"iceandfire:armor_silver_metal_helmet":1,"minecraft:iron_chestplate":2,"minecraft:shield":2,"minecraft:stick":16,"minecraft:iron_ingot":16,"minecraft:iron_pickaxe":1,"minecraft:gold_ingot":14,"minecraft:acacia_planks":32,"minecraft:torch":12,"iceandfire:silver_pickaxe":1,"iceandfire:silver_sword":1}},"DataVersion":3465}