{"stats":{"minecraft:mined":{"minecraft:tuff":3,"iceandfire:silver_ore":7,"minecraft:deepslate_diamond_ore":29,"minecraft:granite":4,"minecraft:grass_block":1,"minecraft:decorated_pot":1,"minecraft:jungle_log":8,"iceandfire:lectern":1,"minecraft:moss_block":1,"minecraft:sandstone":1,"minecraft:spawner":2,"minecraft:large_fern":1,"minecraft:hay_block":12,"minecraft:furnace":12,"minecraft:fire":8,"minecraft:iron_ore":60,"minecraft:cobbled_deepslate":2,"minecraft:deepslate_iron_ore":23,"iceandfire:gold_pile":23,"minecraft:vine":1,"minecraft:iron_bars":1,"minecraft:stone":128,"minecraft:sandstone_slab":2,"minecraft:crafting_table":19,"minecraft:dead_bush":4,"minecraft:cobblestone":34,"minecraft:deepslate_coal_ore":2,"minecraft:oak_planks":1,"minecraft:sugar_cane":6,"minecraft:jungle_wood":5,"iceandfire:podium_birch":1,"minecraft:grass":3,"minecraft:coal_ore":32,"iceandfire:silver_pile":17,"minecraft:sand":1,"minecraft:deepslate":32,"minecraft:oak_leaves":4,"minecraft:birch_fence":2},"minecraft:picked_up":{"minecraft:iron_chestplate":3,"minecraft:crafting_table":19,"minecraft:sandstone_slab":2,"minecraft:wooden_pickaxe":2,"iceandfire:armor_silver_metal_chestplate":1,"minecraft:string":3,"minecraft:experience_bottle":2,"memory_of_the_past:better_drop_of_knowledge":11,"minecraft:iron_leggings":2,"minecraft:birch_fence":3,"minecraft:gold_nugget":246,"minecraft:cobbled_deepslate":30,"minecraft:oak_boat":3,"minecraft:azalea":3,"minecraft:sugar_cane":14,"minecraft:iron_boots":1,"minecraft:furnace":12,"minecraft:sandstone":1,"minecraft:raw_iron":107,"minecraft:stick":6,"minecraft:carrot":64,"alexsmobs:centipede_leg":1,"minecraft:stone_sword":1,"minecraft:rotten_flesh":27,"iceandfire:silver_ingot":1,"minecraft:arrow":22,"minecraft:decorated_pot":1,"minecraft:hay_block":10,"minecraft:gold_ingot":42,"minecraft:mutton":1,"minecraft:iron_bars":1,"alexsmobs:kangaroo_meat":3,"minecraft:cobblestone":161,"memory_of_the_past:lesser_drop_of_knowledge":54,"minecraft:leather_chestplate":1,"minecraft:jungle_boat":3,"minecraft:feather":2,"minecraft:jungle_log":8,"minecraft:jungle_wood":5,"wom:iron_greataxe":1,"doggytalents:rice_grains":1,"minecraft:tuff":3,"minecraft:lily_pad":2,"minecraft:gunpowder":11,"minecraft:acacia_boat":1,"minecraft:dirt":15,"minecraft:bone":22,"minecraft:acacia_planks":4,"minecraft:wheat_seeds":1,"alexsmobs:cockroach_wing_fragment":1,"minecraft:raw_gold":13,"iceandfire:armor_silver_metal_helmet":1,"minecraft:rabbit_hide":1,"minecraft:iron_ingot":3,"minecraft:rabbit":2,"minecraft:oak_planks":23,"minecraft:book":2,"iceandfire:podium_birch":2,"minecraft:jungle_planks":71,"minecraft:sand":16,"minecraft:spider_eye":2,"iceandfire:silver_pickaxe":1,"jet_and_elias_armors:hedge_knight_armor_helmet":1,"minecraft:diamond":29,"iceandfire:silver_sword":1,"iceandfire:lectern":1,"minecraft:iron_helmet":1,"alexsmobs:rattlesnake_rattle":2,"minecraft:granite":4,"minecraft:emerald":6,"minecraft:bread":41,"minecraft:oak_sapling":1,"minecraft:coal":141,"iceandfire:silver_nugget":86,"wom:satsujin":1,"iceandfire:raw_silver":8},"minecraft:killed":{"minecraft:witch":1,"minecraft:spider":3,"alexsmobs:rattlesnake":4,"minecraft:skeleton":18,"alexsmobs:centipede_head":1,"alexsmobs:kangaroo":1,"minecraft:husk":1,"minecraft:rabbit":2,"minecraft:creeper":7,"alexsmobs:cockroach":1,"minecraft:zombie":22,"shifu_epic_fight_skill_recipe:martialbanditnatural":2,"alexsmobs:komodo_dragon":1},"minecraft:killed_by":{"minecraft:player":4,"shifu_epic_fight_skill_recipe:martialbanditnatural":1,"minecraft:creeper":1,"minecraft:enderman":1,"minecraft:skeleton":3,"alexsmobs:rhinoceros":2,"iceandfire:ghost":1},"minecraft:used":{"wom:satsujin":13,"iceandfire:silver_sword":50,"minecraft:decorated_pot":1,"minecraft:shield":12,"minecraft:iron_chestplate":1,"minecraft:torch":6,"minecraft:dirt":1,"minecraft:mutton":1,"alexsmobs:cooked_kangaroo_meat":2,"minecraft:acacia_sapling":1,"minecraft:tuff":3,"iceandfire:armor_silver_metal_helmet":1,"wom:iron_greataxe":24,"wom:ender_blaster":4,"minecraft:wooden_axe":4,"minecraft:iron_axe":6,"epicfight:diamond_greatsword":26,"jet_and_elias_armors:knight_m_pink_leggings":1,"jet_and_elias_armors:knight_m_pink_boots":1,"iceandfire:podium_birch":2,"minecraft:furnace":10,"minecraft:cobbled_deepslate":7,"minecraft:iron_leggings":1,"epicfight:skillbook":1,"minecraft:water_bucket":15,"minecraft:acacia_boat":1,"minecraft:stone_pickaxe":43,"minecraft:oak_planks":1,"minecraft:wooden_pickaxe":6,"minecraft:jungle_boat":2,"minecraft:crafting_table":21,"iceandfire:silver_axe":47,"iceandfire:silver_pickaxe":179,"minecraft:diamond_pickaxe":26,"minecraft:string":1,"minecraft:bread":75,"minecraft:iron_pickaxe":163,"minecraft:stone_axe":34,"minecraft:cobblestone":104,"minecraft:bucket":17,"minecraft:sandstone_slab":2,"minecraft:oak_boat":3,"alexsmobs:animal_dictionary":1,"minecraft:experience_bottle":2},"minecraft:dropped":{"minecraft:water_bucket":1,"minecraft:iron_ingot":9,"iceandfire:raw_silver":2,"minecraft:wheat_seeds":1,"iceandfire:silver_axe":1,"minecraft:crafting_table":1,"minecraft:iron_helmet":1,"minecraft:feather":2,"minecraft:cobblestone":11,"alexsmobs:rattlesnake_rattle":1,"wom:iron_greataxe":1,"minecraft:granite":4,"minecraft:jungle_planks":30,"minecraft:stick":11,"minecraft:dirt":14,"minecraft:birch_fence":3,"jet_and_elias_armors:knight_m_pink_leggings":1,"minecraft:torch":8,"iceandfire:silver_sword":2,"jet_and_elias_armors:knight_m_pink_boots":1,"minecraft:wooden_axe":2,"minecraft:rabbit":2,"iceandfire:armor_silver_metal_chestplate":1,"minecraft:iron_leggings":2,"minecraft:gold_nugget":120,"minecraft:wooden_sword":1,"minecraft:sand":16,"minecraft:jungle_boat":1,"minecraft:iron_pickaxe":1,"iceandfire:armor_silver_metal_helmet":2,"minecraft:paper":17,"minecraft:string":2,"minecraft:gold_ingot":31,"minecraft:bone":8,"alexsmobs:centipede_leg":1,"iceandfire:silver_nugget":23,"minecraft:stone_axe":2,"minecraft:stone_sword":1,"jet_and_elias_armors:hedge_knight_armor_helmet":2,"minecraft:rotten_flesh":27,"minecraft:oak_planks":22,"minecraft:iron_boots":1,"minecraft:carrot":64,"minecraft:leather_chestplate":1,"minecraft:potato":3,"minecraft:gunpowder":11,"alexsmobs:cockroach_wing_fragment":1,"minecraft:iron_chestplate":4,"minecraft:oak_sapling":1,"minecraft:oak_boat":1,"minecraft:azalea":3,"minecraft:spider_eye":2,"doggytalents:rice_grains":2,"minecraft:sandstone":1,"minecraft:arrow":22,"minecraft:stone_pickaxe":2,"minecraft:wooden_pickaxe":4,"iceandfire:silver_pickaxe":2},"minecraft:custom":{"minecraft:mob_kills":66,"minecraft:interact_with_crafting_table":76,"minecraft:open_barrel":1,"minecraft:leave_game":3,"minecraft:time_since_death":46899,"minecraft:climb_one_cm":4606,"minecraft:sprint_one_cm":508232,"minecraft:walk_one_cm":243736,"minecraft:damage_blocked_by_shield":1185,"minecraft:drop":134,"minecraft:talked_to_villager":1,"minecraft:play_time":154720,"minecraft:deaths":15,"minecraft:sneak_time":9577,"minecraft:walk_under_water_one_cm":19266,"minecraft:boat_one_cm":185740,"minecraft:interact_with_brewingstand":2,"minecraft:jump":3267,"minecraft:walk_on_water_one_cm":39920,"minecraft:total_world_time":154720,"minecraft:interact_with_furnace":63,"minecraft:sleep_in_bed":1,"minecraft:time_since_rest":46940,"minecraft:damage_taken":7448,"minecraft:trigger_trapped_chest":2,"minecraft:damage_dealt":14186,"minecraft:swim_one_cm":90793,"minecraft:player_kills":4,"minecraft:fly_one_cm":579091,"minecraft:open_chest":32,"minecraft:crouch_one_cm":28390,"minecraft:fall_one_cm":83378},"minecraft:crafted":{"epicfight:diamond_greatsword":1,"minecraft:oak_planks":24,"minecraft:furnace":2,"jet_and_elias_armors:hedge_knight_armor_helmet":2,"minecraft:iron_boots":2,"minecraft:iron_axe":1,"minecraft:stone_pickaxe":2,"iceandfire:silver_axe":1,"iceandfire:silver_ingot":12,"minecraft:crafting_table":4,"minecraft:wooden_pickaxe":2,"minecraft:iron_helmet":2,"alexsmobs:cooked_kangaroo_meat":3,"minecraft:bucket":2,"minecraft:stone_axe":2,"jet_and_elias_armors:knight_m_pink_boots":2,"minecraft:acacia_boat":1,"minecraft:bread":26,"minecraft:air":0,"minecraft:jungle_planks":52,"minecraft:oak_boat":1,"iceandfire:armor_silver_metal_helmet":1,"minecraft:diamond_pickaxe":1,"minecraft:iron_chestplate":3,"minecraft:shield":2,"minecraft:stick":20,"minecraft:iron_ingot":78,"minecraft:iron_pickaxe":2,"jet_and_elias_armors:knight_m_pink_leggings":2,"minecraft:iron_leggings":2,"minecraft:gold_ingot":14,"minecraft:acacia_planks":32,"minecraft:torch":12,"iceandfire:silver_pickaxe":1,"iceandfire:silver_sword":1}},"DataVersion":3465}