{"stats":{"minecraft:killed":{"minecraft:cave_spider":30,"iceandfire:hippogryph":1,"iceandfire:gorgon":1,"alexsmobs:bald_eagle":1,"minecraft:skeleton":213,"alexsmobs:centipede_head":1,"minecraft:magma_cube":12,"iceandfire:cockatrice":1,"minecraft:pillager":13,"minecraft:zombie":170,"alexsmobs:roadrunner":6,"iceandfire:lightning_dragon":1,"alexsmobs:raccoon":1,"alexsmobs:seagull":2,"alexsmobs:rocky_roller":1,"cataclysm:koboleton":2,"minecraft:husk":17,"alexsmobs:guster":2,"minecraft:rabbit":3,"minecraft:ravager":4,"alexsmobs:rhinoceros":2,"iceandfire:ghost":1,"iceandfire:ice_dragon":1,"shifu_epic_fight_skill_recipe:banditking":1,"minecraft:enderman":18,"minecraft:zombified_piglin":2,"minecraft:witch":1,"minecraft:spider":101,"shifu_epic_fight_skill_recipe:bandit_captain":5,"minecraft:piglin_brute":4,"alexsmobs:kangaroo":3,"minecraft:piglin":17,"minecraft:pig":1,"alexsmobs:grizzly_bear":3,"minecraft:zombie_villager":6,"minecraft:creeper":89,"alexsmobs:crimson_mosquito":18,"cataclysm:deepling_brute":1,"shifu_epic_fight_skill_recipe:martialbandit":25,"minecraft:ghast":3,"alexsmobs:fly":12,"iceandfire:stone_statue":2,"alexsmobs:komodo_dragon":2,"minecraft:blaze":9,"alexsmobs:tarantula_hawk":5,"alexsmobs:tiger":4,"shifu_epic_fight_skill_recipe:rogue":5,"minecraft:slime":30,"alexsmobs:rattlesnake":19,"minecraft:phantom":4,"iceandfire:fire_dragon":4,"iceandfire:deathworm":3,"alexsmobs:flying_fish":1,"minecraft:hoglin":16,"alexsmobs:cockroach":1,"minecraft:wither_skeleton":59,"shifu_epic_fight_skill_recipe:martialbanditnatural":12},"minecraft:picked_up":{"minecraft:iron_chestplate":3,"minecraft:flower_pot":1,"minecraft:anvil":2,"minecraft:diamond_sword":1,"minecraft:enchanted_book":3,"minecraft:brewing_stand":1,"epicfight:iron_longsword":1,"minecraft:string":126,"minecraft:red_nether_bricks":3,"minecraft:diamond_leggings":3,"minecraft:gold_nugget":293,"minecraft:cobbled_deepslate":198,"minecraft:waxed_exposed_cut_copper":1,"shifu_epic_fight_skill_recipe:feather_scroll":1,"minecraft:netherite_upgrade_smithing_template":2,"minecraft:melon_slice":56,"minecraft:coal_block":5,"epicfight:netherite_greatsword":2,"minecraft:composter":4,"shifu_epic_fight_skill_recipe:sword_scroll":1,"epicfight:diamond_greatsword":1,"minecraft:cherry_log":97,"alexsmobs:centipede_leg":1,"minecraft:orange_bed":5,"minecraft:stone_sword":1,"iceandfire:deathworm_chitin_yellow":8,"minecraft:red_tulip":5,"iceandfire:fire_dragon_heart":5,"minecraft:iron_block":1,"minecraft:blaze_rod":1,"minecraft:iron_bars":1,"alexsmobs:flying_fish":1,"minecraft:birch_log":148,"iceandfire:dragonscales_black":18,"minecraft:magma_block":1,"minecraft:feather":19,"minecraft:cooked_beef":1,"minecraft:jungle_log":8,"minecraft:acacia_leaves":3,"minecraft:jungle_wood":5,"minecraft:flint":12,"minecraft:lantern":2,"cataclysm:koboleton_bone":3,"minecraft:rabbit":3,"minecraft:moss_block":2,"iceandfire:dragonscales_sapphire":17,"minecraft:stripped_acacia_wood":1,"iceandfire:dragon_skull_fire":1,"minecraft:loom":1,"iceandfire:lightning_dragon_heart":2,"minecraft:dark_oak_log":171,"minecraft:barrel":2,"iceandfire:chared_cobblestone":10,"alexsmobs:kangaroo_hide":2,"alexsmobs:guster_eye":2,"iceandfire:lectern":2,"iceandfire:crackled_stone":5,"minecraft:writable_book":1,"minecraft:granite":62,"alexsmobs:tarantula_hawk_wing_fragment":9,"jet_and_elias_armors:knight_m_pink_leggings":1,"minecraft:bread":42,"alexsmobs:maggot":26,"iceandfire:gorgon_head":1,"minecraft:cherry_slab":17,"iceandfire:raw_silver":8,"minecraft:diamond_pickaxe":1,"minecraft:coarse_dirt":3,"minecraft:crafting_table":28,"minecraft:sandstone_slab":2,"iceandfire:witherbone":26,"minecraft:nether_wart":6,"minecraft:clay_ball":16,"minecraft:leather_leggings":2,"minecraft:cornflower":22,"minecraft:netherite_sword":1,"iceandfire:armor_red_helmet":1,"minecraft:poppy":2,"minecraft:spruce_slab":4,"minecraft:chest":1,"iceandfire:dragonscales_electric":24,"minecraft:birch_sapling":18,"minecraft:sandstone":1,"minecraft:oak_door":2,"minecraft:glow_item_frame":1,"minecraft:carrot":76,"minecraft:netherite_pickaxe":1,"minecraft:decorated_pot":1,"minecraft:diamond_boots":1,"minecraft:hay_block":116,"minecraft:waxed_oxidized_cut_copper_stairs":1,"minecraft:gold_ingot":48,"minecraft:mutton":1,"alexsmobs:kangaroo_meat":6,"minecraft:white_wool":4,"minecraft:mud_bricks":15,"wom:iron_greataxe":1,"doggytalents:rice_grains":37,"shifu_epic_fight_skill_recipe:shield_scroll":3,"minecraft:packed_mud":3,"minecraft:oak_log":105,"minecraft:lily_pad":2,"iceandfire:dragonscales_blue":11,"alexsmobs:mosquito_proboscis":1,"minecraft:paper":1,"minecraft:white_banner":1,"minecraft:apple":15,"minecraft:stone_bricks":7,"minecraft:kelp":52,"alexsmobs:cockroach_wing_fragment":1,"shifu_epic_fight_skill_recipe:boot_scroll":5,"minecraft:iron_sword":2,"minecraft:flowering_azalea":2,"minecraft:dark_oak_stairs":3,"iceandfire:chared_stone":15,"iceandfire:copper_nugget":188,"minecraft:dark_oak_slab":3,"epicfight:stone_greatsword":3,"iceandfire:podium_birch":2,"minecraft:gravel":141,"minecraft:spruce_sapling":30,"minecraft:spruce_log":265,"travelersbackpack:standard":1,"minecraft:slime_ball":20,"iceandfire:silver_sword":1,"minecraft:painting":1,"minecraft:gray_wool":5,"iceandfire:ice_dragon_flesh":4,"minecraft:baked_potato":25,"minecraft:melon_seeds":7,"minecraft:stripped_dark_oak_log":3,"minecraft:ender_pearl":20,"minecraft:wheat":6,"minecraft:nether_brick_fence":1,"iceandfire:armor_copper_metal_chestplate":1,"minecraft:stone_brick_stairs":1,"minecraft:crimson_planks":11,"iceandfire:armor_silver_metal_chestplate":1,"minecraft:raw_copper":22,"travelersbackpack:diamond":2,"minecraft:iron_leggings":2,"minecraft:sticky_piston":1,"minecraft:experience_bottle":7,"alexsmobs:blood_sac":4,"minecraft:white_tulip":21,"minecraft:rose_bush":1,"minecraft:ender_eye":1,"minecraft:azalea":4,"alexsmobs:raccoon_tail":1,"iceandfire:dragonscales_red":64,"minecraft:iron_boots":1,"minecraft:furnace":12,"minecraft:stick":150,"iceandfire:armor_copper_metal_leggings":2,"minecraft:torch":28,"minecraft:spruce_stairs":3,"epicfight:skillbook":19,"minecraft:porkchop":64,"iceandfire:crackled_gravel":2,"minecraft:goat_horn":1,"minecraft:rotten_flesh":260,"iceandfire:dragonegg_bronze":1,"minecraft:cobblestone":626,"epicfight:stone_spear":2,"minecraft:leather_chestplate":1,"minecraft:lilac":1,"minecraft:magma_cream":4,"minecraft:cherry_planks":186,"minecraft:andesite":6,"minecraft:potato":565,"alexsmobs:bear_fur":2,"minecraft:tuff":27,"minecraft:wither_skeleton_skull":1,"minecraft:acacia_boat":1,"alexsmobs:rocky_shell":1,"minecraft:dirt":1154,"minecraft:cut_sandstone_slab":2,"minecraft:glass":2,"minecraft:bone":301,"minecraft:acacia_planks":5,"minecraft:bow":8,"minecraft:orange_tulip":20,"minecraft:wheat_seeds":55,"minecraft:raw_gold":13,"minecraft:mossy_stone_bricks":4,"minecraft:oak_planks":41,"minecraft:ghast_tear":2,"minecraft:black_terracotta":4,"minecraft:jungle_planks":71,"minecraft:sand":66,"minecraft:nether_brick_stairs":3,"minecraft:grass_block":1,"minecraft:dark_prismarine":66,"minecraft:diamond":142,"minecraft:soul_lantern":1,"waystones:waystone":2,"iceandfire:dragon_ice":1,"minecraft:cracked_polished_blackstone_bricks":1,"alexsmobs:rattlesnake_rattle":11,"minecraft:crossbow":4,"minecraft:bone_meal":128,"minecraft:golden_apple":1,"cataclysm:ancient_metal_nugget":2,"minecraft:emerald":157,"minecraft:oak_sapling":49,"minecraft:netherrack":529,"iceandfire:silver_nugget":98,"wom:satsujin":1,"minecraft:waxed_oxidized_cut_copper":4,"minecraft:allium":18,"minecraft:azure_bluet":2,"iceandfire:pixie_house_oak":1,"minecraft:ladder":3,"minecraft:wooden_pickaxe":2,"minecraft:gold_block":1,"minecraft:shield":3,"minecraft:moss_carpet":8,"minecraft:iron_axe":1,"memory_of_the_past:better_drop_of_knowledge":185,"minecraft:item_frame":3,"minecraft:blackstone":116,"minecraft:birch_fence":3,"takesapillage:ravager_horn":5,"minecraft:oak_boat":3,"minecraft:player_head":1,"minecraft:sugar_cane":14,"minecraft:tinted_glass":6,"minecraft:light_gray_wool":9,"minecraft:lectern":112,"shifu_epic_fight_skill_recipe:jadescroll":1,"minecraft:phantom_membrane":2,"iceandfire:ice_dragon_heart":2,"minecraft:dark_oak_sapling":48,"iceandfire:dragonscales_gray":45,"iceandfire:dragonbone":39,"minecraft:raw_iron":108,"iceandfire:deathworm_chitin_red":12,"minecraft:note_block":2,"minecraft:polished_blackstone_bricks":1,"minecraft:stone_pressure_plate":1,"minecraft:dark_oak_planks":220,"iceandfire:silver_ingot":1,"minecraft:weeping_vines":1,"minecraft:arrow":240,"iceandfire:cyclops_eye":2,"minecraft:nether_bricks":5,"minecraft:pink_tulip":11,"wom:netherite_mask":2,"memory_of_the_past:lesser_drop_of_knowledge":708,"minecraft:netherite_boots":1,"minecraft:jungle_boat":3,"minecraft:air":0,"minecraft:basalt":3,"minecraft:leather":40,"minecraft:birch_planks":8,"minecraft:mushroom_stew":1,"minecraft:yellow_bed":10,"minecraft:nether_wart_block":1,"minecraft:gunpowder":103,"minecraft:red_carpet":3,"minecraft:waxed_weathered_cut_copper":1,"minecraft:gray_carpet":1,"iceandfire:armor_silver_metal_helmet":1,"iceandfire:dragon_stick":1,"minecraft:rabbit_hide":1,"minecraft:iron_ingot":50,"minecraft:cooked_chicken":3,"iceandfire:fire_dragon_flesh":16,"minecraft:book":45,"minecraft:stone_brick_slab":3,"minecraft:quartz":126,"minecraft:dandelion":27,"minecraft:amethyst_shard":2,"minecraft:blast_furnace":2,"minecraft:white_bed":2,"minecraft:spider_eye":61,"iceandfire:silver_pickaxe":1,"jet_and_elias_armors:hedge_knight_armor_helmet":1,"shifu_epic_fight_skill_recipe:eye_scroll":3,"minecraft:iron_helmet":1,"minecraft:cherry_sapling":20,"minecraft:terracotta":2,"memory_of_the_past:great_drop_of_knowledge":10,"minecraft:coal":279},"minecraft:dropped":{"iceandfire:chared_stone":14,"minecraft:iron_sword":2,"iceandfire:raw_silver":2,"minecraft:porkchop":50,"minecraft:cooked_beef":1,"minecraft:diamond":33,"minecraft:crafting_table":1,"alexsmobs:kangaroo_meat":3,"minecraft:cooked_porkchop":12,"minecraft:orange_tulip":19,"minecraft:crossbow":4,"minecraft:weeping_vines":1,"minecraft:glow_item_frame":1,"travelersbackpack:iron_tier_upgrade":1,"minecraft:cut_sandstone_slab":2,"minecraft:red_carpet":3,"minecraft:item_frame":1,"minecraft:emerald":1,"minecraft:dirt":68,"minecraft:packed_mud":1,"minecraft:birch_fence":3,"alexsmobs:flying_fish":1,"minecraft:netherite_boots":1,"minecraft:gold_nugget":126,"minecraft:bone_meal":175,"minecraft:wooden_sword":1,"minecraft:phantom_membrane":1,"minecraft:sand":33,"minecraft:iron_pickaxe":1,"iceandfire:armor_silver_metal_helmet":2,"minecraft:dark_oak_planks":183,"alexsmobs:raccoon_tail":1,"minecraft:white_wool":4,"minecraft:bone":219,"minecraft:note_block":2,"alexsmobs:centipede_leg":1,"minecraft:dark_oak_door":2,"minecraft:stone_axe":2,"minecraft:goat_horn":1,"minecraft:iron_nugget":1,"minecraft:cooked_chicken":3,"minecraft:cobbled_deepslate":114,"minecraft:tinted_glass":2,"minecraft:wheat":8,"minecraft:birch_sapling":18,"minecraft:rotten_flesh":242,"minecraft:oak_planks":25,"minecraft:enchanted_golden_apple":2,"minecraft:azure_bluet":2,"iceandfire:crackled_gravel":1,"iceandfire:dragonscales_blue":11,"iceandfire:shiny_scales":1,"alexsmobs:blood_sac":1,"minecraft:ladder":20,"minecraft:spruce_slab":3,"minecraft:crimson_planks":10,"minecraft:iron_ingot":23,"epicfight:diamond_greatsword":1,"minecraft:netherite_pickaxe":1,"minecraft:wheat_seeds":53,"minecraft:tnt":4,"minecraft:golden_horse_armor":1,"minecraft:waxed_oxidized_cut_copper_stairs":1,"minecraft:feather":20,"minecraft:cobblestone":92,"minecraft:iron_helmet":1,"minecraft:book":5,"alexsmobs:rattlesnake_rattle":10,"iceandfire:dragon_stick":1,"minecraft:apple":5,"minecraft:granite":61,"epicfight:stone_spear":2,"minecraft:coal":16,"minecraft:golden_apple":16,"minecraft:gray_wool":4,"iceandfire:armor_red_helmet":1,"minecraft:golden_carrot":17,"iceandfire:copper_nugget":64,"minecraft:wooden_axe":3,"jet_and_elias_armors:knight_m_pink_boots":2,"memory_of_the_past:lesser_drop_of_knowledge":7,"minecraft:rabbit":3,"minecraft:jungle_boat":1,"minecraft:iron_shovel":2,"minecraft:paper":17,"minecraft:string":71,"minecraft:gray_carpet":1,"minecraft:pink_tulip":5,"iceandfire:silver_nugget":35,"minecraft:moss_carpet":1,"minecraft:stone_sword":1,"minecraft:bowl":1,"minecraft:clay_ball":16,"minecraft:iron_boots":2,"iceandfire:troll_tusk":1,"minecraft:name_tag":1,"minecraft:diamond_sword":2,"minecraft:potato":248,"takesapillage:ravager_horn":3,"minecraft:flower_pot":1,"minecraft:allium":16,"alexsmobs:cockroach_wing_fragment":1,"minecraft:diamond_pickaxe":2,"minecraft:stone_bricks":9,"iceandfire:lectern":1,"minecraft:barrel":1,"minecraft:spider_eye":46,"minecraft:stone_pressure_plate":1,"minecraft:sandstone":1,"minecraft:bow":9,"minecraft:red_tulip":2,"iceandfire:crackled_stone":5,"minecraft:dark_prismarine":3,"epicfight:skillbook":26,"minecraft:dark_oak_stairs":1,"minecraft:diamond_axe":2,"minecraft:oak_log":14,"iceandfire:silver_axe":1,"minecraft:loom":1,"minecraft:ender_pearl":6,"minecraft:dark_oak_sapling":12,"minecraft:netherite_upgrade_smithing_template":3,"iceandfire:ice_dragon_flesh":3,"iceandfire:fire_dragon_flesh":3,"alexsmobs:rocky_shell":1,"minecraft:lantern":2,"minecraft:leather":3,"minecraft:jungle_planks":30,"minecraft:flint":2,"minecraft:cracked_polished_blackstone_bricks":1,"jet_and_elias_armors:knight_m_pink_leggings":3,"minecraft:cornflower":14,"minecraft:amethyst_shard":2,"minecraft:polished_blackstone_bricks":1,"minecraft:gold_ingot":87,"minecraft:gravel":24,"minecraft:white_tulip":19,"minecraft:blackstone":27,"wom:netherite_mask":3,"minecraft:black_terracotta":2,"jet_and_elias_armors:hedge_knight_armor_helmet":3,"minecraft:carrot":76,"alexsmobs:kangaroo_hide":2,"minecraft:poppy":2,"minecraft:leather_chestplate":1,"minecraft:gunpowder":54,"minecraft:melon_seeds":5,"minecraft:azalea":4,"alexsmobs:guster_eye":2,"doggytalents:rice_grains":33,"minecraft:basalt":3,"minecraft:arrow":83,"iceandfire:armor_copper_metal_leggings":2,"minecraft:quartz":126,"iceandfire:deathworm_chitin_yellow":4,"minecraft:netherrack":193,"iceandfire:silver_pickaxe":2,"minecraft:water_bucket":2,"epicfight:netherite_greatsword":1,"minecraft:diamond_leggings":2,"iceandfire:armor_copper_metal_chestplate":1,"wom:iron_greataxe":1,"iceandfire:cyclops_eye":1,"minecraft:grass_block":1,"minecraft:spruce_stairs":2,"minecraft:stick":48,"minecraft:torch":9,"iceandfire:silver_sword":2,"iceandfire:armor_silver_metal_chestplate":1,"minecraft:iron_leggings":2,"iceandfire:ice_dragon_heart":1,"epicfight:stone_greatsword":1,"minecraft:flowering_azalea":2,"minecraft:iron_axe":1,"minecraft:dandelion":20,"iceandfire:dragonbone":16,"minecraft:kelp":15,"alexsmobs:maggot":21,"travelersbackpack:diamond":1,"minecraft:coarse_dirt":1,"minecraft:blaze_rod":1,"alexsmobs:tarantula_hawk_wing_fragment":9,"minecraft:tuff":14,"minecraft:composter":2,"minecraft:raw_iron":1,"iceandfire:witherbone":6,"minecraft:light_gray_wool":9,"minecraft:waxed_exposed_cut_copper":1,"minecraft:totem_of_undying":1,"alexsmobs:bear_fur":2,"minecraft:acacia_leaves":3,"minecraft:mud_bricks":11,"minecraft:shield":4,"minecraft:diamond_chestplate":1,"iceandfire:chared_cobblestone":8,"minecraft:iron_chestplate":5,"minecraft:andesite":5,"minecraft:mossy_stone_bricks":6,"minecraft:oak_boat":1,"minecraft:oak_sapling":29,"minecraft:waxed_oxidized_cut_copper":4,"minecraft:diamond_boots":2,"iceandfire:fire_dragon_heart":1,"minecraft:stone_pickaxe":2,"minecraft:wooden_pickaxe":4,"minecraft:raw_gold":13,"minecraft:magma_cream":1},"minecraft:killed_by":{"minecraft:piglin_brute":1,"alexsmobs:rhinoceros":2,"minecraft:zombie":2,"minecraft:husk":2,"shifu_epic_fight_skill_recipe:martialbanditnatural":3,"iceandfire:ghost":1,"minecraft:wither_skeleton":5,"iceandfire:cyclops":2,"minecraft:creeper":2,"minecraft:piglin":1,"cataclysm:deepling_brute":1,"minecraft:player":5,"minecraft:enderman":1,"minecraft:skeleton":11,"iceandfire:lightning_dragon":1},"minecraft:used":{"iceandfire:lectern":1,"minecraft:nether_brick_fence":1,"minecraft:spruce_slab":1,"minecraft:ladder":58,"minecraft:chest":7,"travelersbackpack:diamond":8,"minecraft:acacia_sapling":1,"iceandfire:crackled_gravel":1,"minecraft:stone_brick_stairs":1,"minecraft:netherite_boots":1,"minecraft:bow":239,"minecraft:dark_oak_boat":2,"minecraft:furnace":10,"minecraft:potato":349,"minecraft:blackstone":58,"minecraft:wooden_pickaxe":6,"minecraft:jungle_boat":2,"minecraft:golden_apple":15,"minecraft:sand":11,"minecraft:blast_furnace":2,"iceandfire:silver_pickaxe":179,"minecraft:lectern":114,"minecraft:cherry_sign":1,"iceandfire:chared_cobblestone":1,"minecraft:nether_wart_block":1,"minecraft:oak_boat":3,"iceandfire:silver_sword":50,"wom:netherite_chains":1,"minecraft:tinted_glass":4,"minecraft:netherrack":312,"minecraft:orange_bed":5,"minecraft:torch":31,"minecraft:anvil":1,"wom:netherite_mask":1,"jet_and_elias_armors:hedge_knight_armor_helmet":2,"minecraft:nether_brick_stairs":3,"wom:iron_greataxe":24,"wom:ender_blaster":4,"minecraft:iron_axe":6,"minecraft:cherry_slab":91,"iceandfire:dragon_ice":1,"minecraft:barrel":1,"minecraft:diamond_chestplate":1,"jet_and_elias_armors:knight_m_pink_leggings":2,"iceandfire:podium_birch":2,"wom:netherite_manicle":4,"minecraft:cobbled_deepslate":46,"minecraft:acacia_planks":5,"minecraft:water_bucket":376,"minecraft:birch_planks":243,"minecraft:cherry_planks":1487,"minecraft:fletching_table":4,"minecraft:crafting_table":37,"minecraft:dark_prismarine":54,"minecraft:diamond_pickaxe":464,"minecraft:diamond_shovel":1347,"minecraft:iron_pickaxe":163,"minecraft:spruce_sapling":18,"minecraft:cobblestone":130,"minecraft:potion":1,"minecraft:porkchop":4,"minecraft:sandstone_slab":2,"minecraft:kelp":37,"wom:satsujin":13,"minecraft:moss_carpet":5,"minecraft:diamond_hoe":195,"minecraft:decorated_pot":1,"minecraft:shield":108,"minecraft:player_head":1,"minecraft:iron_chestplate":1,"minecraft:mutton":1,"minecraft:jungle_planks":24,"minecraft:nether_bricks":5,"minecraft:carrot":19,"minecraft:tuff":3,"minecraft:obsidian":12,"minecraft:packed_mud":2,"epicfight:diamond_greatsword":1282,"minecraft:stone_bricks":4,"minecraft:item_frame":2,"minecraft:magma_block":1,"epicfight:skillbook":45,"epicfight:netherite_greatsword":99,"minecraft:stone_pickaxe":43,"minecraft:oak_planks":172,"minecraft:ender_pearl":1,"iceandfire:pixie_house_oak":1,"minecraft:diamond_axe":1665,"minecraft:mushroom_stew":1,"iceandfire:silver_axe":47,"minecraft:black_terracotta":2,"minecraft:sticky_piston":1,"waystones:waystone":2,"minecraft:melon_slice":56,"minecraft:bread":528,"minecraft:string":4,"iceandfire:ice_dragon_flesh":1,"minecraft:gravel":102,"minecraft:coarse_dirt":2,"minecraft:bone_meal":104,"minecraft:experience_bottle":17,"minecraft:netherite_sword":16,"minecraft:flint_and_steel":4,"minecraft:oak_door":3,"iceandfire:dragonegg_bronze":1,"minecraft:dirt":977,"alexsmobs:cooked_kangaroo_meat":2,"minecraft:granite":1,"iceandfire:armor_silver_metal_helmet":1,"minecraft:stone_brick_slab":3,"minecraft:dark_oak_planks":423,"minecraft:wooden_axe":101,"alexsmobs:maggot":1,"minecraft:bookshelf":1,"minecraft:cherry_trapdoor":10,"minecraft:crimson_planks":1,"jet_and_elias_armors:knight_m_pink_boots":2,"minecraft:golden_carrot":10,"minecraft:netherite_pickaxe":1143,"minecraft:cooked_beef":1,"minecraft:enchanted_golden_apple":1,"minecraft:iron_leggings":1,"minecraft:acacia_boat":1,"minecraft:baked_potato":25,"minecraft:red_nether_bricks":3,"minecraft:terracotta":2,"minecraft:painting":1,"minecraft:dark_oak_door":1,"minecraft:apple":2,"minecraft:stone_axe":34,"minecraft:bucket":379,"minecraft:yellow_bed":10,"alexsmobs:animal_dictionary":1,"minecraft:gray_wool":1},"minecraft:mined":{"minecraft:dark_oak_planks":20,"minecraft:white_bed":2,"minecraft:black_terracotta":4,"minecraft:cherry_log":46,"minecraft:red_nether_bricks":3,"minecraft:granite":63,"minecraft:jungle_log":8,"iceandfire:pixie_house_oak":1,"minecraft:coal_block":5,"minecraft:nether_wart":3,"minecraft:spawner":17,"minecraft:weeping_vines_plant":1,"minecraft:magma_block":1,"minecraft:fire":61,"minecraft:barrel":2,"minecraft:cobbled_deepslate":4,"minecraft:nether_brick_stairs":3,"minecraft:cave_vines":1,"iceandfire:gold_pile":29,"minecraft:oak_stairs":1,"minecraft:light_gray_concrete":1,"minecraft:pink_tulip":2,"minecraft:iron_block":1,"minecraft:orange_bed":5,"minecraft:sandstone_slab":2,"minecraft:kelp_plant":9,"minecraft:torch":3,"minecraft:blast_furnace":2,"minecraft:melon":13,"minecraft:dead_bush":7,"minecraft:sugar_cane":6,"minecraft:cherry_slab":17,"travelersbackpack:diamond":2,"minecraft:jungle_wood":5,"minecraft:tinted_glass":6,"minecraft:wheat":7,"iceandfire:podium_birch":1,"minecraft:stone_brick_stairs":1,"minecraft:grass":104,"minecraft:loom":1,"minecraft:birch_button":1,"minecraft:deepslate":198,"minecraft:dark_prismarine":63,"iceandfire:silver_ore":7,"minecraft:potted_flowering_azalea_bush":1,"minecraft:dark_oak_log":599,"minecraft:nether_bricks":6,"minecraft:allium":6,"minecraft:moss_block":1,"minecraft:kelp":13,"minecraft:black_stained_glass_pane":1,"minecraft:waxed_oxidized_cut_copper":4,"minecraft:packed_mud":2,"minecraft:andesite":5,"minecraft:potatoes":159,"minecraft:vine":2,"minecraft:mud_brick_slab":1,"minecraft:cherry_planks":206,"minecraft:stone_brick_slab":2,"minecraft:dandelion":2,"minecraft:cornflower":4,"minecraft:emerald_ore":18,"minecraft:tall_grass":15,"minecraft:coarse_dirt":2,"minecraft:spruce_log":265,"iceandfire:silver_pile":17,"minecraft:gravel":159,"minecraft:cobweb":16,"minecraft:stone_bricks":6,"minecraft:waxed_exposed_cut_copper":2,"minecraft:orange_stained_glass":1,"minecraft:brewing_stand":1,"minecraft:spruce_trapdoor":1,"minecraft:grass_block":879,"minecraft:cracked_polished_blackstone_bricks":1,"iceandfire:lectern":2,"minecraft:mud_bricks":15,"minecraft:composter":3,"minecraft:iron_ore":63,"minecraft:anvil":2,"minecraft:dark_oak_stairs":4,"minecraft:red_tulip":1,"minecraft:iron_bars":1,"minecraft:azalea":1,"minecraft:spruce_slab":3,"iceandfire:chared_cobblestone":11,"minecraft:blackstone":122,"iceandfire:dragon_ice_spikes":9,"minecraft:chest":1,"minecraft:nether_quartz_ore":61,"minecraft:cobblestone":40,"minecraft:oak_planks":12,"minecraft:warped_nylium":2,"minecraft:nether_wart_block":1,"minecraft:birch_log":192,"minecraft:waxed_oxidized_cut_copper_stairs":1,"minecraft:blue_ice":8,"minecraft:light_gray_wool":6,"minecraft:orange_tulip":2,"minecraft:oak_log":115,"minecraft:dirt":303,"minecraft:sand":34,"minecraft:crimson_planks":3,"minecraft:netherrack":489,"minecraft:oak_leaves":10,"iceandfire:chared_stone":16,"minecraft:diamond_ore":3,"minecraft:tuff":18,"minecraft:dark_oak_leaves":1,"minecraft:deepslate_diamond_ore":58,"minecraft:oak_door":1,"minecraft:red_stained_glass":2,"minecraft:ladder":4,"minecraft:decorated_pot":1,"minecraft:weeping_vines":1,"minecraft:spruce_leaves":22,"minecraft:sandstone":1,"minecraft:cracked_nether_bricks":1,"minecraft:large_fern":2,"minecraft:hay_block":119,"minecraft:furnace":12,"minecraft:spruce_sapling":5,"minecraft:peony":1,"minecraft:gold_block":1,"minecraft:nether_brick_fence":1,"minecraft:bookshelf":13,"minecraft:deepslate_iron_ore":23,"minecraft:stone":451,"minecraft:white_tulip":3,"minecraft:acacia_leaves":3,"minecraft:stripped_dark_oak_log":3,"minecraft:basalt":4,"minecraft:crafting_table":28,"minecraft:lectern":112,"minecraft:deepslate_coal_ore":2,"minecraft:spruce_stairs":1,"minecraft:gray_wool":2,"minecraft:birch_planks":9,"minecraft:yellow_bed":10,"minecraft:coal_ore":93,"minecraft:cherry_leaves":2,"minecraft:terracotta":2,"minecraft:stripped_acacia_wood":1,"minecraft:small_dripleaf":1,"minecraft:birch_fence":2},"minecraft:broken":{"jet_and_elias_armors:knight_m_pink_boots":1,"jet_and_elias_armors:hedge_knight_armor_helmet":2,"minecraft:netherite_helmet":1,"jet_and_elias_armors:knight_m_pink_leggings":1,"minecraft:shield":2,"minecraft:netherite_boots":1,"minecraft:wooden_axe":1,"minecraft:diamond_axe":1},"minecraft:crafted":{"travelersbackpack:crafting_upgrade":1,"minecraft:diamond_shovel":2,"travelersbackpack:diamond":1,"minecraft:bookshelf":5,"minecraft:glass":10,"iceandfire:silver_axe":1,"iceandfire:dragonarmor_diamond_neck":1,"minecraft:emerald":45,"minecraft:diamond_axe":1,"travelersbackpack:standard":3,"iceandfire:armor_red_chestplate":1,"minecraft:fletching_table":4,"minecraft:lectern":5,"minecraft:cherry_sign":3,"minecraft:iron_pickaxe":2,"minecraft:iron_block":34,"iceandfire:dragonarmor_diamond_body":1,"minecraft:gold_ingot":135,"jet_and_elias_armors:knight_m_pink_leggings":3,"minecraft:netherite_ingot":4,"iceandfire:silver_sword":1,"epicfight:diamond_greatsword":2,"minecraft:diamond_hoe":2,"minecraft:bone_meal":87,"travelersbackpack:blank_upgrade":4,"travelersbackpack:gold_tier_upgrade":1,"minecraft:cherry_trapdoor":10,"minecraft:diamond":36,"minecraft:ladder":75,"epicfight:netherite_greatsword":1,"minecraft:stone_pickaxe":2,"minecraft:dark_oak_planks":456,"wom:netherite_belt":1,"minecraft:wheat":882,"minecraft:enchanted_book":12,"iceandfire:armor_red_helmet":1,"minecraft:golden_apple":9,"minecraft:wooden_axe":2,"minecraft:iron_leggings":3,"iceandfire:silver_pickaxe":1,"minecraft:oak_planks":388,"minecraft:dark_oak_boat":2,"minecraft:cherry_slab":114,"minecraft:dark_oak_door":3,"minecraft:iron_boots":4,"minecraft:chest":7,"minecraft:netherite_upgrade_smithing_template":10,"travelersbackpack:iron_tier_upgrade":1,"minecraft:crafting_table":11,"minecraft:spruce_planks":748,"minecraft:wooden_pickaxe":2,"minecraft:iron_helmet":4,"iceandfire:dragonarmor_diamond_head":1,"minecraft:gold_block":23,"minecraft:birch_planks":332,"minecraft:iron_chestplate":3,"minecraft:diamond_pickaxe":1,"minecraft:shield":4,"minecraft:stick":1728,"minecraft:iron_ingot":221,"minecraft:cherry_planks":1480,"minecraft:oak_door":3,"minecraft:coal":45,"iceandfire:dragon_stick":1,"minecraft:furnace":2,"jet_and_elias_armors:hedge_knight_armor_helmet":4,"minecraft:diamond_block":17,"minecraft:flint_and_steel":2,"minecraft:netherite_leggings":1,"minecraft:iron_axe":1,"iceandfire:armor_red_leggings":1,"wom:netherite_chains":1,"iceandfire:armor_red_boots":1,"iceandfire:silver_ingot":12,"iceandfire:dragon_meal":25,"travelersbackpack:backpack_tank":2,"alexsmobs:cooked_kangaroo_meat":3,"minecraft:bucket":3,"minecraft:stone_axe":2,"jet_and_elias_armors:knight_m_pink_boots":3,"minecraft:air":0,"minecraft:bread":345,"minecraft:acacia_boat":1,"minecraft:jungle_planks":52,"minecraft:oak_boat":1,"iceandfire:armor_silver_metal_helmet":1,"minecraft:acacia_planks":36,"minecraft:torch":12},"minecraft:custom":{"minecraft:interact_with_crafting_table":125,"minecraft:open_barrel":116,"minecraft:leave_game":25,"minecraft:time_since_death":428712,"minecraft:damage_blocked_by_shield":3260,"minecraft:play_time":954787,"minecraft:deaths":46,"minecraft:jump":21960,"minecraft:interact_with_furnace":89,"minecraft:traded_with_villager":57,"minecraft:sleep_in_bed":24,"minecraft:waystone_activated":5,"minecraft:damage_dealt":211486,"minecraft:interact_with_smoker":1,"minecraft:use_cauldron":2,"minecraft:inspect_dispenser":3,"minecraft:interact_with_smithing_table":12,"minecraft:interact_with_anvil":24,"minecraft:sneak_time":77655,"minecraft:interact_with_lectern":5,"minecraft:interact_with_blast_furnace":3,"minecraft:total_world_time":954787,"minecraft:tune_noteblock":22,"minecraft:time_since_rest":59675,"minecraft:swim_one_cm":389704,"minecraft:fly_one_cm":3859172,"minecraft:open_chest":552,"minecraft:fall_one_cm":521939,"minecraft:damage_resisted":149,"minecraft:sprint_one_cm":3505080,"minecraft:drop":784,"minecraft:play_noteblock":1,"minecraft:talked_to_villager":299,"minecraft:interact_with_brewingstand":2,"minecraft:walk_on_water_one_cm":187040,"minecraft:interact_with_beacon":2,"minecraft:player_kills":4,"minecraft:crouch_one_cm":292672,"minecraft:mob_kills":978,"minecraft:fill_cauldron":2,"minecraft:climb_one_cm":68703,"minecraft:walk_one_cm":1711198,"minecraft:walk_under_water_one_cm":132975,"minecraft:boat_one_cm":304615,"minecraft:damage_taken":41733,"minecraft:damage_absorbed":632,"minecraft:trigger_trapped_chest":3}},"DataVersion":3465}