{"stats":{"minecraft:mined":{"minecraft:sandstone_slab":2,"iceandfire:silver_ore":6,"minecraft:crafting_table":10,"minecraft:grass_block":1,"minecraft:dead_bush":4,"iceandfire:lectern":1,"minecraft:sugar_cane":6,"minecraft:large_fern":1,"minecraft:hay_block":1,"minecraft:furnace":4,"minecraft:grass":2,"iceandfire:silver_pile":12,"iceandfire:gold_pile":12,"minecraft:coal_ore":32,"minecraft:vine":1,"minecraft:iron_bars":1,"minecraft:sand":1,"minecraft:stone":59,"minecraft:birch_fence":1},"minecraft:picked_up":{"memory_of_the_past:lesser_drop_of_knowledge":16,"minecraft:crafting_table":10,"minecraft:sandstone_slab":2,"minecraft:wooden_pickaxe":2,"doggytalents:rice_grains":1,"minecraft:gunpowder":2,"minecraft:acacia_boat":1,"minecraft:dirt":1,"minecraft:string":2,"memory_of_the_past:better_drop_of_knowledge":2,"minecraft:birch_fence":1,"minecraft:bone":6,"minecraft:acacia_planks":4,"minecraft:gold_nugget":88,"minecraft:rabbit_hide":1,"minecraft:oak_boat":1,"minecraft:azalea":2,"minecraft:rabbit":2,"minecraft:sugar_cane":14,"minecraft:oak_planks":22,"minecraft:furnace":4,"minecraft:stick":4,"minecraft:arrow":5,"minecraft:rotten_flesh":4,"iceandfire:lectern":1,"alexsmobs:rattlesnake_rattle":1,"minecraft:emerald":3,"iceandfire:silver_nugget":68,"minecraft:iron_bars":1,"minecraft:mutton":1,"alexsmobs:kangaroo_meat":3,"minecraft:coal":55,"wom:satsujin":1,"iceandfire:raw_silver":6,"minecraft:cobblestone":62},"minecraft:killed":{"minecraft:husk":1,"minecraft:rabbit":2,"alexsmobs:rattlesnake":3,"minecraft:creeper":2,"minecraft:skeleton":3,"minecraft:zombie":2,"shifu_epic_fight_skill_recipe:martialbanditnatural":1,"alexsmobs:kangaroo":1},"minecraft:killed_by":{"minecraft:player":4,"minecraft:skeleton":1,"alexsmobs:rhinoceros":2,"minecraft:enderman":1,"iceandfire:ghost":1},"minecraft:dropped":{"minecraft:stone_axe":2,"minecraft:crafting_table":1,"minecraft:rotten_flesh":4,"minecraft:oak_planks":22,"minecraft:stick":11,"minecraft:gunpowder":2,"minecraft:wooden_axe":2,"minecraft:azalea":2,"minecraft:wooden_sword":1,"doggytalents:rice_grains":2,"minecraft:arrow":2,"minecraft:wooden_pickaxe":4,"minecraft:stone_pickaxe":2,"minecraft:string":2},"minecraft:used":{"wom:satsujin":13,"minecraft:acacia_boat":1,"minecraft:stone_pickaxe":43,"minecraft:wooden_pickaxe":6,"minecraft:shield":1,"minecraft:dirt":1,"minecraft:mutton":1,"minecraft:crafting_table":10,"alexsmobs:cooked_kangaroo_meat":2,"minecraft:acacia_sapling":1,"iceandfire:silver_axe":5,"iceandfire:silver_pickaxe":68,"minecraft:wooden_axe":4,"wom:ender_blaster":4,"minecraft:iron_axe":6,"minecraft:bread":7,"minecraft:iron_pickaxe":13,"minecraft:stone_axe":34,"minecraft:furnace":2,"minecraft:sandstone_slab":2,"alexsmobs:animal_dictionary":1,"minecraft:oak_boat":1},"minecraft:custom":{"minecraft:interact_with_furnace":11,"minecraft:mob_kills":15,"minecraft:interact_with_crafting_table":24,"minecraft:leave_game":3,"minecraft:time_since_death":17691,"minecraft:climb_one_cm":4052,"minecraft:time_since_rest":17726,"minecraft:sprint_one_cm":177352,"minecraft:damage_taken":2962,"minecraft:walk_one_cm":84450,"minecraft:damage_blocked_by_shield":60,"minecraft:trigger_trapped_chest":2,"minecraft:drop":23,"minecraft:damage_dealt":4731,"minecraft:talked_to_villager":1,"minecraft:swim_one_cm":22386,"minecraft:fly_one_cm":293041,"minecraft:player_kills":4,"minecraft:open_chest":22,"minecraft:crouch_one_cm":9775,"minecraft:play_time":64720,"minecraft:deaths":10,"minecraft:sneak_time":2741,"minecraft:walk_under_water_one_cm":4623,"minecraft:boat_one_cm":125080,"minecraft:jump":1399,"minecraft:interact_with_brewingstand":2,"minecraft:walk_on_water_one_cm":17068,"minecraft:total_world_time":64720,"minecraft:fall_one_cm":44361},"minecraft:crafted":{"iceandfire:silver_axe":1,"minecraft:oak_planks":24,"iceandfire:silver_ingot":10,"minecraft:crafting_table":3,"minecraft:wooden_pickaxe":2,"alexsmobs:cooked_kangaroo_meat":3,"minecraft:furnace":2,"minecraft:stone_axe":2,"minecraft:bread":24,"minecraft:acacia_boat":1,"minecraft:air":0,"minecraft:oak_boat":1,"minecraft:iron_chestplate":1,"minecraft:shield":1,"minecraft:iron_axe":1,"minecraft:stick":16,"minecraft:iron_pickaxe":1,"minecraft:stone_pickaxe":2,"minecraft:gold_ingot":9,"minecraft:acacia_planks":32,"iceandfire:silver_pickaxe":1}},"DataVersion":3465}