{"stats":{"minecraft:mined":{"iceandfire:silver_ore":4,"minecraft:crafting_table":5,"minecraft:dead_bush":4,"minecraft:sugar_cane":6,"minecraft:furnace":2,"minecraft:grass":2,"minecraft:coal_ore":17,"minecraft:stone":39},"minecraft:picked_up":{"memory_of_the_past:lesser_drop_of_knowledge":10,"minecraft:crafting_table":5,"minecraft:wooden_pickaxe":2,"doggytalents:rice_grains":1,"minecraft:acacia_boat":1,"minecraft:string":2,"memory_of_the_past:better_drop_of_knowledge":1,"minecraft:bone":4,"minecraft:acacia_planks":4,"minecraft:oak_boat":1,"minecraft:azalea":2,"minecraft:sugar_cane":14,"minecraft:oak_planks":22,"minecraft:furnace":2,"minecraft:stick":4,"minecraft:arrow":5,"minecraft:rotten_flesh":4,"minecraft:emerald":3,"minecraft:mutton":1,"wom:satsujin":1,"minecraft:coal":34,"alexsmobs:kangaroo_meat":3,"iceandfire:raw_silver":4,"minecraft:cobblestone":42},"minecraft:killed":{"minecraft:husk":1,"minecraft:skeleton":3,"minecraft:zombie":1,"shifu_epic_fight_skill_recipe:martialbanditnatural":1,"alexsmobs:kangaroo":1},"minecraft:killed_by":{"minecraft:player":3,"minecraft:skeleton":1,"alexsmobs:rhinoceros":2,"minecraft:enderman":1},"minecraft:dropped":{"minecraft:stone_axe":1,"minecraft:crafting_table":1,"minecraft:rotten_flesh":4,"minecraft:oak_planks":22,"minecraft:stick":11,"minecraft:wooden_axe":2,"minecraft:azalea":2,"minecraft:wooden_sword":1,"doggytalents:rice_grains":2,"minecraft:arrow":2,"minecraft:wooden_pickaxe":4,"minecraft:stone_pickaxe":2,"minecraft:string":2},"minecraft:used":{"wom:satsujin":13,"minecraft:acacia_boat":1,"minecraft:stone_pickaxe":43,"minecraft:wooden_pickaxe":6,"minecraft:shield":1,"minecraft:mutton":1,"minecraft:crafting_table":5,"alexsmobs:cooked_kangaroo_meat":2,"minecraft:acacia_sapling":1,"wom:ender_blaster":4,"minecraft:wooden_axe":4,"minecraft:iron_axe":6,"minecraft:iron_pickaxe":13,"minecraft:stone_axe":14,"minecraft:furnace":2,"minecraft:oak_boat":1,"alexsmobs:animal_dictionary":1},"minecraft:custom":{"minecraft:interact_with_furnace":10,"minecraft:mob_kills":7,"minecraft:interact_with_crafting_table":15,"minecraft:leave_game":3,"minecraft:time_since_death":10912,"minecraft:time_since_rest":10953,"minecraft:sprint_one_cm":82177,"minecraft:damage_taken":2396,"minecraft:walk_one_cm":55340,"minecraft:damage_blocked_by_shield":60,"minecraft:drop":21,"minecraft:damage_dealt":3306,"minecraft:swim_one_cm":14743,"minecraft:player_kills":4,"minecraft:fly_one_cm":151335,"minecraft:open_chest":6,"minecraft:crouch_one_cm":5505,"minecraft:play_time":43477,"minecraft:deaths":8,"minecraft:sneak_time":1628,"minecraft:walk_under_water_one_cm":3391,"minecraft:boat_one_cm":125080,"minecraft:jump":706,"minecraft:walk_on_water_one_cm":13009,"minecraft:total_world_time":43477,"minecraft:fall_one_cm":25900},"minecraft:crafted":{"minecraft:oak_planks":24,"iceandfire:silver_ingot":3,"minecraft:crafting_table":3,"minecraft:wooden_pickaxe":2,"alexsmobs:cooked_kangaroo_meat":3,"minecraft:furnace":2,"minecraft:stone_axe":2,"minecraft:acacia_boat":1,"minecraft:air":0,"minecraft:oak_boat":1,"minecraft:iron_chestplate":1,"minecraft:shield":1,"minecraft:iron_axe":1,"minecraft:stick":12,"minecraft:iron_pickaxe":1,"minecraft:stone_pickaxe":2,"minecraft:acacia_planks":32,"iceandfire:silver_pickaxe":1}},"DataVersion":3465}