{"stats":{"minecraft:dropped":{"minecraft:rotten_flesh":2},"minecraft:mined":{"minecraft:grass":2},"minecraft:killed_by":{"minecraft:skeleton":1,"alexsmobs:rhinoceros":2,"minecraft:player":1,"minecraft:enderman":1},"minecraft:custom":{"minecraft:time_since_rest":52,"minecraft:crouch_one_cm":127,"minecraft:play_time":18720,"minecraft:sprint_one_cm":16016,"minecraft:deaths":5,"minecraft:damage_taken":1347,"minecraft:walk_one_cm":26816,"minecraft:sneak_time":75,"minecraft:walk_under_water_one_cm":1562,"minecraft:mob_kills":1,"minecraft:drop":1,"minecraft:jump":181,"minecraft:damage_dealt":1376,"minecraft:leave_game":2,"minecraft:walk_on_water_one_cm":4137,"minecraft:time_since_death":21,"minecraft:total_world_time":18720,"minecraft:swim_one_cm":3933,"minecraft:player_kills":2,"minecraft:fall_one_cm":5692,"minecraft:fly_one_cm":43037},"minecraft:killed":{"minecraft:skeleton":1},"minecraft:used":{"wom:satsujin":13,"wom:ender_blaster":4,"alexsmobs:animal_dictionary":1},"minecraft:picked_up":{"memory_of_the_past:lesser_drop_of_knowledge":3,"minecraft:arrow":2,"minecraft:rotten_flesh":2,"wom:satsujin":1,"minecraft:string":2,"minecraft:cobblestone":3}},"DataVersion":3465}