{"stats":{"minecraft:picked_up":{"minecraft:crafting_table":5,"minecraft:golden_carrot":10,"minecraft:jungle_log":57,"minecraft:flint":3,"minecraft:tuff":23,"minecraft:oak_log":5,"minecraft:raw_copper":4,"minecraft:blackstone":7,"minecraft:netherite_sword":1,"minecraft:cobbled_deepslate":173,"minecraft:raw_gold":20,"minecraft:azalea":9,"minecraft:oak_planks":8,"minecraft:flowering_azalea":5,"minecraft:furnace":1,"minecraft:stick":14,"minecraft:raw_iron":77,"minecraft:sandstone":4,"minecraft:torch":1,"minecraft:gravel":10,"epicfight:skillbook":1,"minecraft:sand":4,"minecraft:diamond":25,"waystones:waystone":1,"minecraft:granite":235,"minecraft:golden_apple":3,"minecraft:oak_sapling":3,"minecraft:coal":37,"iceandfire:raw_silver":3,"minecraft:cobblestone":42},"minecraft:mined":{"minecraft:tuff":23,"iceandfire:silver_ore":2,"minecraft:blackstone":54,"minecraft:deepslate_diamond_ore":25,"minecraft:crafting_table":5,"minecraft:torch":1,"minecraft:granite":235,"minecraft:jungle_log":58,"iceandfire:deepslate_silver_ore":1,"minecraft:copper_ore":1,"minecraft:deepslate_gold_ore":9,"minecraft:sandstone":4,"minecraft:furnace":1,"minecraft:iron_ore":49,"minecraft:coal_ore":37,"minecraft:oak_log":5,"minecraft:deepslate_iron_ore":29,"minecraft:vine":1,"minecraft:gravel":14,"minecraft:sand":4,"minecraft:stone":41,"minecraft:gold_ore":11,"minecraft:deepslate":174},"minecraft:used":{"epicfight:skillbook":1,"minecraft:stone_pickaxe":131,"minecraft:wooden_pickaxe":10,"minecraft:sandstone":4,"minecraft:torch":13,"minecraft:sand":4,"minecraft:crafting_table":5,"minecraft:granite":12,"minecraft:wooden_axe":64,"minecraft:diamond_pickaxe":87,"minecraft:iron_pickaxe":484,"minecraft:jungle_log":9,"minecraft:stone_axe":3,"minecraft:golden_carrot":2,"minecraft:furnace":1},"minecraft:crafted":{"minecraft:oak_planks":20,"minecraft:crafting_table":1,"minecraft:wooden_pickaxe":1,"minecraft:iron_helmet":1,"minecraft:furnace":1,"minecraft:stone_axe":1,"minecraft:air":0,"minecraft:diamond_leggings":1,"minecraft:iron_chestplate":1,"minecraft:iron_boots":1,"minecraft:diamond_pickaxe":1,"minecraft:stick":20,"minecraft:iron_ingot":34,"minecraft:iron_pickaxe":2,"minecraft:stone_pickaxe":1,"minecraft:wooden_axe":1,"minecraft:iron_leggings":1,"minecraft:torch":16,"minecraft:diamond_chestplate":1},"minecraft:broken":{"minecraft:stone_pickaxe":1,"minecraft:iron_pickaxe":1,"minecraft:wooden_axe":1},"minecraft:custom":{"minecraft:interact_with_furnace":16,"minecraft:interact_with_crafting_table":20,"minecraft:leave_game":2,"minecraft:time_since_death":42660,"minecraft:time_since_rest":42660,"minecraft:sprint_one_cm":33886,"minecraft:damage_taken":93,"minecraft:walk_one_cm":104368,"minecraft:fly_one_cm":33740,"minecraft:crouch_one_cm":593,"minecraft:play_time":42660,"minecraft:sneak_time":360,"minecraft:jump":354,"minecraft:walk_on_water_one_cm":741,"minecraft:total_world_time":42660,"minecraft:fall_one_cm":4683}},"DataVersion":3465}