{"stats":{"minecraft:broken":{"wom:netherite_mask":1,"minecraft:shield":1,"minecraft:diamond_boots":1,"minecraft:diamond_chestplate":2,"minecraft:diamond_axe":1},"minecraft:killed":{"alexsmobs:murmur":1,"minecraft:skeleton":105,"alexsmobs:leafcutter_ant":1,"iceandfire:myrmex_worker":14,"minecraft:magma_cube":2,"minecraft:pillager":16,"minecraft:zombie":100,"iceandfire:myrmex_queen":1,"alexsmobs:roadrunner":2,"iceandfire:lightning_dragon":1,"takesapillage:archer":1,"minecraft:vindicator":1,"iceandfire:hippocampus":1,"alexsmobs:guster":2,"iceandfire:cyclops":1,"minecraft:ravager":4,"iceandfire:ghost":1,"iceandfire:ice_dragon":1,"minecraft:enderman":5,"minecraft:witch":2,"minecraft:spider":23,"shifu_epic_fight_skill_recipe:bandit_captain":2,"iceandfire:myrmex_royal":4,"minecraft:axolotl":1,"minecraft:piglin":7,"minecraft:pig":3,"minecraft:zombie_villager":2,"minecraft:creeper":34,"alexsmobs:crimson_mosquito":4,"cataclysm:deepling_brute":1,"shifu_epic_fight_skill_recipe:martialbandit":12,"alexsmobs:fly":24,"minecraft:blaze":8,"takesapillage:legioner":1,"shifu_epic_fight_skill_recipe:rogue":1,"alexsmobs:rattlesnake":3,"minecraft:phantom":1,"iceandfire:fire_dragon":4,"minecraft:drowned":1,"iceandfire:deathworm":1,"iceandfire:myrmex_sentinel":4,"takesapillage:skirmisher":1,"minecraft:hoglin":14,"iceandfire:myrmex_soldier":14,"alexsmobs:cockroach":1,"minecraft:wither_skeleton":21,"shifu_epic_fight_skill_recipe:martialbanditnatural":2},"minecraft:killed_by":{"alexsmobs:rhinoceros":1,"minecraft:zombie":2,"alexsmobs:komodo_dragon":2,"shifu_epic_fight_skill_recipe:martialbanditnatural":2,"alexsmobs:centipede_head":1,"minecraft:wither_skeleton":3,"iceandfire:cyclops":2,"minecraft:creeper":2,"alexsmobs:murmur_head":1,"minecraft:piglin":1,"cataclysm:deepling_brute":1,"iceandfire:fire_dragon":5,"minecraft:player":3,"minecraft:skeleton":7},"minecraft:dropped":{"minecraft:iron_sword":2,"minecraft:porkchop":20,"minecraft:mud_brick_slab":1,"minecraft:diamond":30,"minecraft:orange_tulip":31,"minecraft:saddle":1,"iceandfire:dragonegg_sapphire":1,"minecraft:item_frame":1,"minecraft:red_carpet":4,"minecraft:emerald":8,"minecraft:dirt":385,"minecraft:packed_mud":2,"minecraft:dark_oak_fence":1,"minecraft:netherite_boots":1,"minecraft:gold_nugget":65,"minecraft:bone_meal":10,"minecraft:sunflower":1,"minecraft:phantom_membrane":3,"minecraft:sand":2,"minecraft:dark_oak_planks":147,"minecraft:bone":15,"minecraft:dark_oak_door":2,"minecraft:stone_axe":2,"minecraft:cobbled_deepslate":64,"minecraft:tinted_glass":1,"minecraft:birch_sapling":16,"minecraft:rotten_flesh":113,"iceandfire:crackled_gravel":1,"minecraft:salmon":1,"alexsmobs:blood_sac":1,"minecraft:ladder":1,"minecraft:painting":1,"minecraft:spruce_slab":11,"minecraft:red_nether_bricks":6,"minecraft:glass":4,"minecraft:beef":1,"minecraft:lectern":1,"minecraft:enchanted_book":1,"minecraft:iron_ingot":37,"minecraft:netherite_pickaxe":2,"minecraft:wheat_seeds":20,"minecraft:golden_horse_armor":1,"minecraft:iron_helmet":2,"minecraft:cobblestone":296,"minecraft:book":2,"alexsmobs:rattlesnake_rattle":2,"iceandfire:dragon_stick":1,"minecraft:apple":9,"epicfight:stone_spear":1,"minecraft:coal":14,"minecraft:oxeye_daisy":2,"iceandfire:deathworm_chitin_red":2,"minecraft:diamond_helmet":1,"minecraft:white_banner":2,"minecraft:iron_shovel":1,"minecraft:string":11,"minecraft:gray_carpet":7,"minecraft:skull_pottery_sherd":3,"iceandfire:frozen_cobblestone":1,"minecraft:pink_tulip":16,"minecraft:moss_carpet":1,"minecraft:stone_sword":5,"minecraft:iron_boots":3,"minecraft:stone_slab":51,"minecraft:blast_furnace":2,"minecraft:diamond_sword":2,"minecraft:potato":2,"minecraft:hay_block":11,"takesapillage:ravager_horn":4,"minecraft:allium":4,"alexsmobs:cockroach_wing_fragment":1,"minecraft:peony":1,"iceandfire:lectern":1,"minecraft:stone_pressure_plate":4,"minecraft:stone_bricks":1,"minecraft:spider_eye":11,"minecraft:bow":4,"minecraft:red_tulip":12,"iceandfire:crackled_stone":3,"epicfight:skillbook":7,"minecraft:terracotta":1,"minecraft:moss_block":4,"minecraft:birch_planks":1,"minecraft:dark_oak_stairs":2,"minecraft:baked_potato":25,"minecraft:dark_oak_sapling":19,"minecraft:netherite_upgrade_smithing_template":2,"minecraft:lantern":4,"minecraft:leather":9,"minecraft:red_wool":2,"minecraft:jungle_planks":8,"minecraft:mangrove_planks":4,"travelersbackpack:standard":1,"minecraft:cracked_polished_blackstone_bricks":1,"minecraft:polished_blackstone_brick_stairs":2,"minecraft:cornflower":28,"minecraft:mutton":8,"minecraft:crimson_roots":2,"minecraft:snowball":8,"iceandfire:dragonscales_red":19,"iceandfire:ash":2,"minecraft:polished_blackstone_bricks":5,"minecraft:gravel":18,"minecraft:white_tulip":33,"minecraft:cherry_sapling":1,"minecraft:pointed_dripstone":3,"minecraft:beetroot":2,"minecraft:black_terracotta":3,"minecraft:rabbit_hide":1,"minecraft:gunpowder":29,"minecraft:dune_armor_trim_smithing_template":2,"minecraft:azalea":1,"doggytalents:rice_grains":17,"minecraft:blackstone_slab":4,"iceandfire:armor_copper_metal_leggings":1,"minecraft:netherrack":76,"epicfight:netherite_greatsword":1,"minecraft:cherry_log":61,"minecraft:mossy_cobblestone":1,"minecraft:diamond_leggings":4,"iceandfire:armor_copper_metal_chestplate":1,"iceandfire:cyclops_eye":1,"minecraft:grass_block":4,"minecraft:stick":9,"epicfight:iron_longsword":1,"minecraft:black_candle":1,"iceandfire:podium_spruce":1,"iceandfire:crackled_dirt":1,"minecraft:torch":15,"minecraft:mud_brick_stairs":1,"epicfight:stone_greatsword":2,"minecraft:cyan_candle":4,"minecraft:wither_rose":1,"minecraft:flowering_azalea":1,"minecraft:iron_axe":1,"minecraft:dandelion":20,"minecraft:smooth_basalt":1,"alexsmobs:maggot":36,"travelersbackpack:diamond":2,"wom:satsujin":1,"minecraft:tuff":15,"minecraft:raw_iron":8,"minecraft:waxed_exposed_cut_copper":1,"minecraft:copper_ore":2,"minecraft:mud_bricks":4,"minecraft:diamond_chestplate":1,"minecraft:iron_chestplate":2,"minecraft:andesite":3,"minecraft:waxed_oxidized_cut_copper":1,"minecraft:diamond_boots":1,"minecraft:beacon":1,"minecraft:wooden_pickaxe":1,"minecraft:brick":6},"minecraft:used":{"iceandfire:lectern":1,"minecraft:moss_block":2,"minecraft:ladder":66,"minecraft:chest":5,"minecraft:stone":4,"travelersbackpack:diamond":14,"minecraft:rotten_flesh":4,"minecraft:soul_sand":11,"iceandfire:spawn_egg_fire_dragon":5,"minecraft:jungle_sapling":13,"wom:solar":3,"iceandfire:dragonegg_electric":1,"minecraft:grass_block":1,"minecraft:bow":71,"minecraft:dark_oak_boat":6,"minecraft:furnace":14,"minecraft:orange_tulip":1,"minecraft:wooden_pickaxe":21,"minecraft:jungle_boat":1,"minecraft:golden_apple":24,"minecraft:dark_oak_trapdoor":5,"minecraft:sand":9,"minecraft:cut_sandstone_slab":1,"minecraft:blast_furnace":12,"minecraft:lectern":120,"minecraft:diamond_sword":734,"minecraft:smithing_table":2,"minecraft:dark_oak_fence":1,"minecraft:stone_sword":44,"minecraft:tinted_glass":1,"minecraft:netherrack":145,"minecraft:torch":327,"minecraft:anvil":3,"minecraft:stone_stairs":78,"minecraft:flowering_azalea":1,"minecraft:iron_block":18,"minecraft:cherry_slab":4,"minecraft:spruce_button":1,"minecraft:mud_bricks":19,"epicfight:stone_greatsword":5,"minecraft:melon_seeds":1,"minecraft:basalt":5,"minecraft:goat_horn":3,"minecraft:cobbled_deepslate":231,"minecraft:acacia_planks":4,"minecraft:wheat_seeds":11,"minecraft:water_bucket":36,"minecraft:birch_planks":84,"minecraft:waxed_oxidized_cut_copper":6,"minecraft:cherry_planks":1,"minecraft:fletching_table":14,"iceandfire:myrmex_desert_sword_venom":68,"minecraft:crafting_table":14,"minecraft:mud":4,"minecraft:dark_prismarine":66,"minecraft:diamond_pickaxe":662,"minecraft:diamond_shovel":3608,"minecraft:iron_pickaxe":157,"minecraft:cobblestone":42,"travelersbackpack:standard":8,"minecraft:cooked_porkchop":24,"minecraft:porkchop":25,"epicfight:uchigatana":13,"wom:satsujin":30,"minecraft:waxed_exposed_cut_copper":1,"minecraft:iron_shovel":47,"iceandfire:spawn_egg_ice_dragon":1,"minecraft:shield":62,"minecraft:iron_sword":1,"minecraft:player_head":1,"minecraft:oxidized_cut_copper":16,"minecraft:mutton":1,"minecraft:nether_bricks":1,"minecraft:carrot":9,"minecraft:axolotl_bucket":1,"minecraft:obsidian":11,"minecraft:packed_mud":2,"epicfight:diamond_greatsword":300,"minecraft:beetroot_seeds":6,"minecraft:dark_oak_sapling":76,"epicfight:skillbook":5,"epicfight:netherite_greatsword":2,"minecraft:stone_pickaxe":15,"minecraft:oak_planks":3,"minecraft:ender_pearl":1,"minecraft:diamond_axe":1843,"minecraft:loom":1,"minecraft:crossbow":1,"minecraft:note_block":5,"waystones:waystone":2,"minecraft:bread":269,"iceandfire:ice_dragon_flesh":1,"minecraft:iron_door":1,"minecraft:andesite":6,"minecraft:bone_meal":79,"minecraft:experience_bottle":4,"minecraft:trident":4,"minecraft:netherite_sword":120,"minecraft:flint_and_steel":6,"cataclysm:coral_bardiche":3,"minecraft:dirt":1589,"minecraft:cobblestone_wall":1,"minecraft:dark_oak_planks":315,"minecraft:crimson_planks":16,"minecraft:light_gray_wool":3,"minecraft:golden_carrot":35,"minecraft:soul_soil":6,"minecraft:netherite_pickaxe":1648,"minecraft:cooked_beef":10,"minecraft:enchanted_golden_apple":1,"iceandfire:fire_dragon_flesh":1,"minecraft:baked_potato":8,"minecraft:red_nether_bricks":8,"minecraft:cut_sandstone":1,"minecraft:beacon":1,"minecraft:stonecutter":1,"minecraft:waxed_copper_block":1,"minecraft:smoker":2,"minecraft:apple":17,"minecraft:stone_slab":15,"minecraft:stone_axe":48,"minecraft:fishing_rod":9,"minecraft:bucket":42,"minecraft:pumpkin_pie":1,"minecraft:wither_rose":1,"minecraft:gray_wool":1},"minecraft:picked_up":{"minecraft:iron_chestplate":2,"minecraft:anvil":1,"minecraft:smithing_table":1,"minecraft:stone_slab":2,"minecraft:diamond_sword":3,"minecraft:wither_rose":1,"epicfight:iron_longsword":1,"minecraft:polished_blackstone_brick_stairs":2,"minecraft:string":68,"minecraft:dark_oak_trapdoor":1,"minecraft:soul_soil":6,"minecraft:red_nether_bricks":14,"minecraft:beetroot":2,"minecraft:diamond_leggings":3,"minecraft:gold_nugget":112,"minecraft:cobbled_deepslate":291,"minecraft:waxed_exposed_cut_copper":2,"minecraft:netherite_upgrade_smithing_template":2,"minecraft:enchanted_golden_apple":2,"minecraft:mangrove_log":1,"minecraft:dark_oak_door":2,"epicfight:netherite_greatsword":1,"minecraft:acacia_log":1,"iceandfire:lightning_dragon_flesh":16,"minecraft:cherry_log":489,"minecraft:stone_sword":6,"minecraft:iron_block":9,"minecraft:red_tulip":56,"minecraft:cyan_terracotta":1,"minecraft:blaze_rod":6,"minecraft:snowball":8,"minecraft:birch_log":49,"iceandfire:dragonscales_black":40,"minecraft:dune_armor_trim_smithing_template":2,"minecraft:feather":2,"minecraft:iron_door":1,"minecraft:water_bucket":1,"minecraft:jungle_log":190,"minecraft:dark_oak_boat":6,"minecraft:smoker":2,"minecraft:flint":1,"iceandfire:dragonegg_sapphire":1,"minecraft:lantern":4,"minecraft:moss_block":8,"iceandfire:shiny_scales":4,"iceandfire:lightning_dragon_heart":2,"iceandfire:myrmex_stinger":5,"minecraft:dark_oak_log":856,"alexsmobs:guster_eye":2,"iceandfire:lectern":2,"iceandfire:crackled_stone":3,"alexsmobs:tarantula_hawk_wing_fragment":1,"minecraft:spruce_button":1,"minecraft:golden_horse_armor":1,"iceandfire:troll_leather_forest":5,"alexsmobs:maggot":41,"minecraft:cherry_slab":4,"minecraft:dark_oak_fence":2,"minecraft:crimson_roots":2,"iceandfire:raw_silver":17,"minecraft:diamond_pickaxe":1,"minecraft:mud":5,"minecraft:crafting_table":11,"iceandfire:witherbone":14,"minecraft:clay_ball":60,"minecraft:leather_leggings":2,"minecraft:cornflower":92,"minecraft:iron_shovel":3,"iceandfire:spawn_egg_ice_dragon":1,"iceandfire:bestiary":1,"minecraft:netherite_sword":1,"minecraft:beef":4,"minecraft:jungle_sapling":19,"minecraft:spruce_slab":13,"minecraft:chest":1,"minecraft:birch_sapling":18,"minecraft:copper_ore":2,"minecraft:sandstone":4,"minecraft:skull_pottery_sherd":3,"iceandfire:deathworm_chitin_white":2,"minecraft:carrot":25,"minecraft:netherite_pickaxe":1,"iceandfire:dragonegg_electric":1,"minecraft:tnt":8,"minecraft:diamond_chestplate":1,"minecraft:beetroot_seeds":6,"minecraft:peony":1,"minecraft:diamond_boots":2,"minecraft:hay_block":75,"minecraft:sandstone_stairs":1,"minecraft:gold_ingot":58,"minecraft:totem_of_undying":1,"iceandfire:spawn_egg_fire_dragon":1,"minecraft:mutton":16,"minecraft:bone_block":6,"minecraft:oxeye_daisy":2,"minecraft:mud_bricks":23,"minecraft:smooth_red_sandstone":1,"minecraft:blackstone_slab":4,"minecraft:acacia_wood":1,"doggytalents:rice_grains":53,"shifu_epic_fight_skill_recipe:shield_scroll":1,"minecraft:packed_mud":4,"minecraft:oak_log":5,"minecraft:ancient_debris":4,"minecraft:white_banner":2,"minecraft:apple":11,"minecraft:stone_bricks":1,"alexsmobs:cockroach_wing_fragment":1,"minecraft:iron_sword":2,"minecraft:flowering_azalea":2,"minecraft:dark_oak_stairs":2,"iceandfire:chared_stone":1,"iceandfire:copper_nugget":43,"minecraft:smooth_basalt":1,"epicfight:stone_greatsword":3,"minecraft:red_wool":2,"minecraft:gravel":18,"minecraft:birch_stairs":2,"iceandfire:dragonscales_copper":24,"travelersbackpack:wolf":1,"minecraft:stone_axe":4,"minecraft:diamond_axe":3,"minecraft:painting":1,"minecraft:gray_wool":1,"iceandfire:ice_dragon_flesh":6,"minecraft:melon_seeds":1,"minecraft:stripped_dark_oak_log":8,"minecraft:ender_pearl":7,"iceandfire:myrmex_jungle_chitin":20,"minecraft:crimson_planks":4,"travelersbackpack:diamond":5,"alexsmobs:blood_sac":4,"alexsmobs:banana":2,"minecraft:white_tulip":76,"minecraft:azalea":1,"iceandfire:dragonscales_red":62,"minecraft:iron_boots":2,"minecraft:furnace":10,"minecraft:stick":337,"iceandfire:crackled_dirt":1,"minecraft:torch":61,"iceandfire:dragonscales_white":11,"travelersbackpack:iron_tier_upgrade":1,"epicfight:skillbook":23,"minecraft:porkchop":53,"iceandfire:crackled_gravel":1,"minecraft:pointed_dripstone":3,"minecraft:rotten_flesh":125,"minecraft:obsidian":1,"minecraft:cod":3,"minecraft:cobblestone":1286,"epicfight:stone_spear":1,"minecraft:cherry_planks":11,"minecraft:andesite":9,"cataclysm:coral_bardiche":1,"minecraft:mud_brick_stairs":1,"minecraft:potato":33,"minecraft:tuff":15,"minecraft:smooth_sandstone_stairs":2,"minecraft:dirt":2931,"minecraft:cut_sandstone_slab":10,"minecraft:name_tag":1,"minecraft:glass":2,"minecraft:bone":228,"iceandfire:myrmex_jungle_resin":50,"minecraft:bow":6,"minecraft:orange_tulip":81,"minecraft:wheat_seeds":69,"minecraft:raw_gold":32,"minecraft:fletching_table":14,"minecraft:cyan_candle":4,"minecraft:oak_planks":3,"minecraft:black_terracotta":3,"minecraft:cooked_porkchop":19,"iceandfire:podium_spruce":1,"minecraft:jungle_planks":76,"minecraft:sand":46,"minecraft:grass_block":4,"minecraft:mossy_cobblestone":1,"minecraft:dark_prismarine":69,"minecraft:light_gray_terracotta":1,"minecraft:sugar":2,"minecraft:diamond":77,"waystones:waystone":2,"minecraft:crossbow":1,"minecraft:cracked_polished_blackstone_bricks":1,"alexsmobs:rattlesnake_rattle":2,"minecraft:grass":1,"minecraft:bone_meal":9,"minecraft:golden_apple":16,"minecraft:emerald":46,"minecraft:oak_sapling":1,"minecraft:netherrack":209,"wom:satsujin":2,"minecraft:waxed_oxidized_cut_copper":7,"minecraft:charcoal":6,"minecraft:mud_brick_slab":1,"minecraft:allium":13,"minecraft:ladder":1,"minecraft:gold_block":1,"iceandfire:frozen_cobblestone":1,"minecraft:brick":6,"minecraft:shield":2,"minecraft:stone_stairs":8,"minecraft:moss_carpet":1,"iceandfire:frozen_stone":3,"minecraft:iron_axe":1,"memory_of_the_past:better_drop_of_knowledge":99,"minecraft:item_frame":1,"takesapillage:ravager_horn":6,"minecraft:blackstone":1,"alexsmobs:elastic_tendon":1,"minecraft:player_head":1,"minecraft:light_gray_wool":3,"minecraft:lectern":121,"minecraft:tinted_glass":2,"iceandfire:sickly_dragon_meal":1,"minecraft:phantom_membrane":3,"iceandfire:ice_dragon_heart":1,"minecraft:dark_oak_sapling":140,"minecraft:raw_iron":138,"iceandfire:dragonbone":18,"iceandfire:troll_tusk":1,"iceandfire:deathworm_chitin_red":2,"iceandfire:creative_dragon_meal":1,"minecraft:note_block":5,"minecraft:polished_blackstone_bricks":5,"minecraft:trident":1,"minecraft:stone_pressure_plate":4,"minecraft:dark_oak_planks":137,"minecraft:smooth_sandstone_slab":1,"iceandfire:cyclops_eye":1,"minecraft:arrow":208,"minecraft:pumpkin_pie":1,"minecraft:nether_bricks":2,"minecraft:pink_tulip":57,"wom:netherite_mask":1,"memory_of_the_past:lesser_drop_of_knowledge":366,"minecraft:netherite_boots":1,"minecraft:basalt":5,"minecraft:golden_carrot":17,"minecraft:crimson_stem":6,"minecraft:salmon":1,"minecraft:leather":2,"minecraft:cut_sandstone":10,"minecraft:birch_planks":5,"minecraft:waxed_copper_block":1,"minecraft:gunpowder":40,"minecraft:cobblestone_wall":1,"minecraft:red_carpet":4,"minecraft:gray_carpet":7,"iceandfire:dragon_stick":1,"minecraft:iron_ingot":30,"minecraft:soul_sand":11,"minecraft:acacia_sapling":2,"iceandfire:fire_dragon_flesh":3,"iceandfire:crackled_cobblestone":1,"minecraft:book":14,"minecraft:black_candle":1,"iceandfire:ash":2,"minecraft:quartz":4,"minecraft:dandelion":75,"wom:solar":1,"minecraft:blast_furnace":14,"minecraft:spider_eye":11,"minecraft:stripped_jungle_log":9,"minecraft:iron_helmet":2,"minecraft:cherry_sapling":203,"minecraft:terracotta":1,"memory_of_the_past:great_drop_of_knowledge":4,"minecraft:coal":121,"minecraft:sunflower":1},"minecraft:custom":{"minecraft:interact_with_crafting_table":153,"minecraft:open_barrel":105,"minecraft:eat_cake_slice":5,"minecraft:leave_game":21,"minecraft:time_since_death":406166,"minecraft:damage_blocked_by_shield":3340,"minecraft:play_time":882139,"minecraft:deaths":39,"minecraft:jump":21462,"minecraft:interact_with_furnace":119,"minecraft:traded_with_villager":297,"minecraft:sleep_in_bed":22,"minecraft:waystone_activated":3,"minecraft:damage_dealt":98043,"minecraft:interact_with_smoker":10,"minecraft:interact_with_smithing_table":34,"minecraft:interact_with_anvil":40,"minecraft:sneak_time":124314,"minecraft:interact_with_blast_furnace":21,"minecraft:total_world_time":882139,"minecraft:tune_noteblock":3,"minecraft:interact_with_stonecutter":7,"minecraft:time_since_rest":83153,"minecraft:swim_one_cm":147412,"minecraft:fly_one_cm":5516013,"minecraft:open_chest":695,"minecraft:fish_caught":4,"minecraft:fall_one_cm":565612,"minecraft:damage_resisted":77,"minecraft:sprint_one_cm":2322111,"minecraft:drop":401,"minecraft:play_noteblock":10,"minecraft:talked_to_villager":301,"minecraft:walk_on_water_one_cm":99393,"minecraft:interact_with_loom":3,"minecraft:interact_with_beacon":1,"minecraft:player_kills":5,"minecraft:crouch_one_cm":681006,"minecraft:mob_kills":469,"minecraft:climb_one_cm":64568,"minecraft:walk_one_cm":1740155,"minecraft:walk_under_water_one_cm":58657,"minecraft:boat_one_cm":186508,"minecraft:damage_taken":33766,"minecraft:damage_absorbed":890,"minecraft:trigger_trapped_chest":3},"minecraft:crafted":{"minecraft:yellow_wool":6,"travelersbackpack:crafting_upgrade":1,"minecraft:loom":1,"minecraft:diamond_shovel":2,"travelersbackpack:diamond":1,"minecraft:glass":38,"minecraft:diamond_helmet":3,"iceandfire:myrmex_jungle_sword":1,"minecraft:diamond_leggings":1,"iceandfire:dragonarmor_diamond_tail":1,"minecraft:emerald":283,"minecraft:cooked_porkchop":20,"minecraft:diamond_axe":3,"minecraft:jungle_boat":1,"travelersbackpack:standard":6,"minecraft:smithing_table":1,"minecraft:iron_block":12,"minecraft:gold_ingot":78,"minecraft:netherite_ingot":4,"minecraft:golden_carrot":18,"epicfight:diamond_greatsword":1,"minecraft:bone_meal":198,"travelersbackpack:blank_upgrade":4,"travelersbackpack:gold_tier_upgrade":1,"minecraft:diamond":108,"travelersbackpack:white_sleeping_bag":2,"minecraft:ladder":66,"minecraft:stone_pickaxe":1,"minecraft:diamond_boots":2,"minecraft:dark_oak_planks":3524,"minecraft:wheat":576,"minecraft:netherite_pickaxe":1,"minecraft:enchanted_book":14,"minecraft:golden_apple":5,"minecraft:iron_shovel":1,"minecraft:oak_planks":36,"minecraft:dark_oak_boat":1,"minecraft:stone":211,"minecraft:bow":1,"minecraft:iron_boots":1,"minecraft:chest":7,"minecraft:netherite_upgrade_smithing_template":16,"minecraft:yellow_banner":1,"minecraft:white_banner":1,"travelersbackpack:iron_tier_upgrade":1,"minecraft:crafting_table":5,"minecraft:spruce_planks":56,"minecraft:baked_potato":33,"minecraft:wooden_pickaxe":1,"minecraft:iron_helmet":1,"minecraft:birch_planks":196,"minecraft:iron_chestplate":1,"minecraft:diamond_pickaxe":1,"minecraft:yellow_dye":11,"minecraft:shield":1,"minecraft:stick":9104,"minecraft:iron_ingot":72,"minecraft:stone_sword":1,"minecraft:cherry_planks":624,"minecraft:fishing_rod":1,"minecraft:furnace":4,"minecraft:dark_oak_trapdoor":4,"minecraft:diamond_block":3,"minecraft:flint_and_steel":1,"minecraft:leather":1,"minecraft:netherite_scrap":4,"travelersbackpack:diamond_tier_upgrade":1,"minecraft:crimson_planks":24,"minecraft:diamond_sword":1,"iceandfire:dragon_meal":31,"travelersbackpack:backpack_tank":6,"minecraft:mangrove_planks":4,"minecraft:bucket":1,"minecraft:stone_axe":1,"minecraft:bread":192,"minecraft:air":0,"minecraft:jungle_planks":796,"minecraft:blue_dye":7,"minecraft:white_wool":6,"minecraft:gold_nugget":423,"minecraft:stonecutter":1,"minecraft:anvil":1,"minecraft:acacia_planks":4,"minecraft:torch":280,"minecraft:diamond_chestplate":4},"minecraft:mined":{"minecraft:red_nether_brick_slab":1,"minecraft:dark_oak_planks":25,"minecraft:cut_sandstone_slab":7,"minecraft:black_terracotta":2,"minecraft:cherry_log":492,"minecraft:jungle_leaves":5,"minecraft:red_nether_bricks":16,"minecraft:obsidian":1,"minecraft:granite":4,"minecraft:jungle_log":192,"minecraft:oxeye_daisy":1,"minecraft:spawner":16,"minecraft:polished_blackstone_bricks":6,"minecraft:dark_oak_trapdoor":1,"minecraft:fire":13,"minecraft:cobbled_deepslate":18,"minecraft:fletching_table":14,"iceandfire:gold_pile":4,"minecraft:dirt_path":4,"minecraft:light_gray_concrete":1,"minecraft:pink_tulip":25,"minecraft:smooth_sandstone_stairs":1,"minecraft:iron_block":9,"minecraft:tripwire":1,"minecraft:crimson_nylium":11,"minecraft:smoker":2,"minecraft:soul_fire":4,"minecraft:torch":18,"minecraft:note_block":6,"minecraft:blast_furnace":12,"minecraft:mud_brick_stairs":1,"minecraft:dead_bush":2,"minecraft:smooth_sandstone_slab":1,"minecraft:cherry_slab":4,"travelersbackpack:diamond":2,"iceandfire:crackled_stone":3,"minecraft:mud":5,"minecraft:tinted_glass":1,"minecraft:wheat":11,"minecraft:waxed_copper_block":1,"minecraft:wither_rose":1,"minecraft:grass":225,"minecraft:smooth_quartz":2,"minecraft:mangrove_log":1,"minecraft:smooth_basalt":1,"minecraft:deepslate":281,"minecraft:dark_prismarine":69,"iceandfire:silver_ore":17,"minecraft:mossy_cobblestone":1,"minecraft:dark_oak_log":835,"minecraft:nether_bricks":3,"minecraft:dark_oak_fence":2,"minecraft:allium":3,"minecraft:moss_block":9,"minecraft:waxed_oxidized_cut_copper":9,"minecraft:packed_mud":4,"minecraft:jungle_sapling":1,"minecraft:acacia_wood":1,"minecraft:andesite":7,"minecraft:potatoes":8,"minecraft:vine":40,"iceandfire:podium_spruce":1,"minecraft:bone_block":6,"minecraft:smithing_table":1,"minecraft:mud_brick_slab":1,"minecraft:cherry_planks":1,"minecraft:soul_sand":11,"minecraft:dandelion":27,"minecraft:cornflower":40,"minecraft:campfire":3,"minecraft:tall_grass":5,"minecraft:deepslate_gold_ore":30,"minecraft:cobblestone_wall":1,"minecraft:torchflower":1,"minecraft:sunflower":1,"minecraft:gravel":19,"minecraft:acacia_planks":1,"minecraft:stone_bricks":1,"minecraft:waxed_exposed_cut_copper":2,"minecraft:fern":2,"minecraft:budding_amethyst":1,"minecraft:grass_block":2530,"minecraft:cracked_polished_blackstone_bricks":2,"iceandfire:lectern":2,"minecraft:soul_soil":6,"minecraft:mud_bricks":20,"iceandfire:crackled_cobblestone":2,"minecraft:iron_ore":63,"minecraft:anvil":1,"iceandfire:crackled_dirt":1,"minecraft:dark_oak_stairs":1,"minecraft:green_stained_glass":1,"minecraft:red_tulip":16,"minecraft:flowering_azalea_leaves":1,"minecraft:azalea_leaves":1,"minecraft:spruce_slab":3,"minecraft:cyan_terracotta":1,"minecraft:blackstone":3,"minecraft:melon_stem":1,"iceandfire:dragon_ice_spikes":1,"minecraft:clay":13,"minecraft:light_gray_terracotta":1,"minecraft:chest":1,"minecraft:nether_quartz_ore":4,"minecraft:cobblestone":31,"minecraft:oak_planks":7,"minecraft:iron_door":1,"minecraft:wall_torch":13,"minecraft:seagrass":1,"minecraft:stone_stairs":8,"minecraft:birch_log":49,"minecraft:blue_ice":1,"minecraft:tnt":4,"minecraft:light_gray_wool":4,"minecraft:orange_tulip":40,"minecraft:oak_log":5,"minecraft:beetroots":2,"minecraft:sand":40,"minecraft:dirt":916,"minecraft:crimson_planks":2,"minecraft:netherrack":87,"minecraft:oak_leaves":9,"minecraft:diamond_ore":2,"minecraft:tuff":13,"minecraft:dark_oak_leaves":8,"minecraft:deepslate_diamond_ore":40,"minecraft:ladder":1,"iceandfire:frozen_stone":3,"minecraft:decorated_pot":2,"minecraft:crimson_stem":6,"minecraft:hay_block":64,"minecraft:furnace":10,"minecraft:carrots":6,"minecraft:peony":1,"minecraft:gold_block":1,"minecraft:bookshelf":4,"minecraft:deepslate_iron_ore":34,"minecraft:stripped_jungle_log":9,"minecraft:packed_ice":6,"minecraft:stone":1509,"minecraft:white_tulip":41,"minecraft:flowering_azalea":1,"minecraft:red_wool":1,"minecraft:stripped_dark_oak_log":8,"minecraft:basalt":4,"minecraft:crafting_table":11,"minecraft:blackstone_slab":4,"minecraft:lectern":120,"minecraft:stone_slab":2,"minecraft:polished_blackstone_brick_stairs":2,"minecraft:birch_planks":6,"minecraft:gray_wool":2,"minecraft:ice":1,"minecraft:coal_ore":43,"minecraft:cherry_leaves":12,"minecraft:gray_carpet":1,"minecraft:terracotta":1,"minecraft:small_dripleaf":4}},"DataVersion":3465}