{"stats":{"minecraft:mined":{"iceandfire:silver_ore":11,"minecraft:melon_stem":1,"minecraft:crafting_table":2,"minecraft:jungle_log":17,"minecraft:hay_block":28,"minecraft:iron_ore":27,"minecraft:wheat":11,"minecraft:wither_rose":1,"minecraft:grass":11,"minecraft:oak_log":5,"minecraft:potatoes":8,"minecraft:coal_ore":23,"minecraft:beetroots":2,"minecraft:flowering_azalea_leaves":1,"minecraft:azalea_leaves":1,"minecraft:stone":38},"minecraft:picked_up":{"memory_of_the_past:lesser_drop_of_knowledge":12,"minecraft:crafting_table":2,"minecraft:smooth_red_sandstone":1,"minecraft:cut_sandstone":10,"minecraft:jungle_log":17,"minecraft:potato":32,"minecraft:wither_rose":1,"doggytalents:rice_grains":4,"minecraft:smooth_sandstone_stairs":1,"minecraft:oak_log":5,"minecraft:gunpowder":1,"minecraft:white_banner":1,"minecraft:cut_sandstone_slab":5,"minecraft:lantern":4,"memory_of_the_past:better_drop_of_knowledge":5,"minecraft:bone":4,"iceandfire:spawn_egg_ice_dragon":1,"minecraft:beetroot":2,"minecraft:wheat_seeds":16,"minecraft:azalea":1,"minecraft:acacia_sapling":2,"minecraft:raw_iron":27,"minecraft:stick":2,"minecraft:sandstone":4,"iceandfire:deathworm_chitin_red":1,"minecraft:acacia_log":1,"iceandfire:creative_dragon_meal":1,"wom:solar":1,"minecraft:sand":8,"iceandfire:deathworm_chitin_white":2,"minecraft:arrow":2,"minecraft:rotten_flesh":5,"minecraft:stone_axe":2,"minecraft:beetroot_seeds":6,"minecraft:sandstone_stairs":1,"minecraft:hay_block":28,"alexsmobs:rattlesnake_rattle":1,"minecraft:grass":1,"minecraft:emerald":4,"iceandfire:spawn_egg_fire_dragon":1,"minecraft:oak_sapling":1,"minecraft:melon_seeds":1,"minecraft:cobblestone":38,"minecraft:coal":23,"wom:satsujin":2,"iceandfire:raw_silver":11},"minecraft:killed":{"minecraft:spider":2,"alexsmobs:rattlesnake":2,"minecraft:skeleton":1,"minecraft:pillager":4,"iceandfire:fire_dragon":3,"iceandfire:deathworm":1,"shifu_epic_fight_skill_recipe:martialbanditnatural":1},"minecraft:killed_by":{"minecraft:player":2,"shifu_epic_fight_skill_recipe:martialbanditnatural":2,"minecraft:skeleton":1,"alexsmobs:rhinoceros":1,"alexsmobs:komodo_dragon":2,"iceandfire:fire_dragon":4},"minecraft:dropped":{"minecraft:wheat_seeds":2,"minecraft:azalea":1,"doggytalents:rice_grains":1},"minecraft:used":{"minecraft:wheat_seeds":11,"wom:satsujin":30,"minecraft:stone_sword":7,"iceandfire:spawn_egg_ice_dragon":1,"minecraft:stone_pickaxe":15,"minecraft:wooden_pickaxe":21,"minecraft:cut_sandstone":1,"minecraft:torch":3,"minecraft:sand":2,"iceandfire:myrmex_desert_sword_venom":68,"minecraft:crafting_table":2,"iceandfire:spawn_egg_fire_dragon":5,"wom:solar":3,"minecraft:bread":16,"minecraft:iron_pickaxe":63,"minecraft:melon_seeds":1,"minecraft:stone_axe":22,"minecraft:cobblestone":2,"minecraft:beetroot_seeds":6,"minecraft:wither_rose":1},"minecraft:custom":{"minecraft:interact_with_furnace":1,"minecraft:mob_kills":14,"minecraft:interact_with_crafting_table":5,"minecraft:open_barrel":5,"minecraft:leave_game":1,"minecraft:time_since_death":10390,"minecraft:climb_one_cm":1288,"minecraft:time_since_rest":10419,"minecraft:sprint_one_cm":202830,"minecraft:damage_taken":4133,"minecraft:walk_one_cm":129455,"minecraft:drop":4,"minecraft:damage_dealt":7150,"minecraft:talked_to_villager":1,"minecraft:swim_one_cm":17875,"minecraft:fly_one_cm":707159,"minecraft:player_kills":4,"minecraft:open_chest":4,"minecraft:crouch_one_cm":24179,"minecraft:play_time":71941,"minecraft:sneak_time":6014,"minecraft:deaths":13,"minecraft:walk_under_water_one_cm":4176,"minecraft:jump":2028,"minecraft:interact_with_blast_furnace":1,"minecraft:walk_on_water_one_cm":3037,"minecraft:total_world_time":71941,"minecraft:fall_one_cm":61361},"minecraft:crafted":{"minecraft:oak_planks":20,"minecraft:crafting_table":1,"minecraft:wooden_pickaxe":1,"minecraft:stone_axe":1,"minecraft:bread":36,"minecraft:stick":12,"minecraft:stone_pickaxe":1,"minecraft:stone_sword":1,"minecraft:torch":32,"minecraft:wheat":108}},"DataVersion":3465}