{"stats":{"minecraft:mined":{"iceandfire:silver_ore":3,"minecraft:melon_stem":1,"minecraft:crafting_table":2,"minecraft:jungle_log":17,"minecraft:hay_block":28,"minecraft:wheat":11,"minecraft:wither_rose":1,"minecraft:grass":9,"minecraft:oak_log":5,"minecraft:potatoes":8,"minecraft:coal_ore":11,"minecraft:beetroots":2,"minecraft:flowering_azalea_leaves":1,"minecraft:azalea_leaves":1,"minecraft:stone":22},"minecraft:picked_up":{"memory_of_the_past:lesser_drop_of_knowledge":7,"minecraft:crafting_table":2,"minecraft:jungle_log":17,"minecraft:potato":32,"minecraft:wither_rose":1,"doggytalents:rice_grains":3,"minecraft:oak_log":5,"minecraft:gunpowder":1,"memory_of_the_past:better_drop_of_knowledge":4,"minecraft:bone":4,"iceandfire:spawn_egg_ice_dragon":1,"minecraft:beetroot":2,"minecraft:wheat_seeds":16,"minecraft:azalea":1,"minecraft:acacia_sapling":2,"minecraft:stick":2,"minecraft:acacia_log":1,"iceandfire:creative_dragon_meal":1,"wom:solar":1,"minecraft:sand":2,"minecraft:arrow":2,"minecraft:stone_axe":2,"minecraft:beetroot_seeds":6,"minecraft:hay_block":28,"minecraft:grass":1,"minecraft:emerald":4,"iceandfire:spawn_egg_fire_dragon":1,"minecraft:oak_sapling":1,"minecraft:melon_seeds":1,"minecraft:cobblestone":22,"minecraft:coal":11,"wom:satsujin":2,"iceandfire:raw_silver":3},"minecraft:killed":{"minecraft:spider":2,"alexsmobs:rattlesnake":1,"minecraft:skeleton":1,"iceandfire:fire_dragon":3,"shifu_epic_fight_skill_recipe:martialbanditnatural":1},"minecraft:killed_by":{"minecraft:player":2,"shifu_epic_fight_skill_recipe:martialbanditnatural":2,"minecraft:skeleton":1,"alexsmobs:rhinoceros":1,"alexsmobs:komodo_dragon":2,"iceandfire:fire_dragon":1},"minecraft:dropped":{"minecraft:wheat_seeds":2,"minecraft:azalea":1},"minecraft:used":{"minecraft:wheat_seeds":11,"wom:satsujin":18,"minecraft:stone_sword":3,"iceandfire:spawn_egg_ice_dragon":1,"minecraft:stone_pickaxe":15,"minecraft:wooden_pickaxe":21,"minecraft:sand":2,"iceandfire:myrmex_desert_sword_venom":68,"minecraft:crafting_table":2,"iceandfire:spawn_egg_fire_dragon":5,"wom:solar":3,"minecraft:bread":6,"minecraft:melon_seeds":1,"minecraft:stone_axe":22,"minecraft:beetroot_seeds":6,"minecraft:wither_rose":1},"minecraft:custom":{"minecraft:interact_with_furnace":1,"minecraft:mob_kills":8,"minecraft:interact_with_crafting_table":5,"minecraft:leave_game":1,"minecraft:time_since_death":5080,"minecraft:climb_one_cm":951,"minecraft:time_since_rest":5182,"minecraft:sprint_one_cm":137580,"minecraft:damage_taken":3088,"minecraft:walk_one_cm":104908,"minecraft:drop":3,"minecraft:damage_dealt":6318,"minecraft:swim_one_cm":13117,"minecraft:fly_one_cm":521386,"minecraft:player_kills":4,"minecraft:open_chest":1,"minecraft:crouch_one_cm":18445,"minecraft:play_time":53941,"minecraft:sneak_time":4259,"minecraft:deaths":10,"minecraft:walk_under_water_one_cm":3953,"minecraft:jump":1414,"minecraft:walk_on_water_one_cm":2936,"minecraft:total_world_time":53941,"minecraft:fall_one_cm":40338},"minecraft:crafted":{"minecraft:oak_planks":20,"minecraft:crafting_table":1,"minecraft:wooden_pickaxe":1,"minecraft:stone_axe":1,"minecraft:bread":36,"minecraft:stick":12,"minecraft:stone_pickaxe":1,"minecraft:stone_sword":1,"minecraft:wheat":108}},"DataVersion":3465}