{"stats":{"minecraft:mined":{"iceandfire:silver_ore":16,"minecraft:melon_stem":1,"minecraft:crafting_table":4,"minecraft:torch":3,"minecraft:jungle_log":17,"minecraft:deepslate_gold_ore":9,"minecraft:wall_torch":4,"minecraft:hay_block":28,"minecraft:furnace":3,"minecraft:iron_ore":47,"minecraft:wheat":11,"minecraft:wither_rose":1,"minecraft:deepslate_iron_ore":2,"minecraft:grass":11,"minecraft:oak_log":5,"minecraft:potatoes":8,"minecraft:coal_ore":23,"minecraft:beetroots":2,"minecraft:flowering_azalea_leaves":1,"minecraft:azalea_leaves":1,"minecraft:stone":49,"minecraft:deepslate":23},"minecraft:picked_up":{"memory_of_the_past:lesser_drop_of_knowledge":16,"minecraft:crafting_table":4,"minecraft:smooth_red_sandstone":1,"minecraft:cut_sandstone":10,"minecraft:jungle_log":17,"minecraft:potato":32,"minecraft:wither_rose":1,"doggytalents:rice_grains":4,"minecraft:smooth_sandstone_stairs":1,"minecraft:oak_log":5,"minecraft:gunpowder":1,"minecraft:string":1,"minecraft:white_banner":1,"minecraft:cut_sandstone_slab":5,"minecraft:lantern":4,"memory_of_the_past:better_drop_of_knowledge":6,"minecraft:bone":4,"iceandfire:spawn_egg_ice_dragon":1,"minecraft:beetroot":2,"minecraft:wheat_seeds":16,"minecraft:raw_gold":9,"minecraft:cobbled_deepslate":21,"alexsmobs:cockroach_wing_fragment":1,"minecraft:iron_ingot":17,"minecraft:azalea":1,"minecraft:acacia_sapling":2,"minecraft:furnace":3,"minecraft:raw_iron":78,"minecraft:stick":2,"minecraft:sandstone":4,"iceandfire:deathworm_chitin_red":1,"minecraft:torch":7,"minecraft:acacia_log":1,"iceandfire:creative_dragon_meal":1,"wom:solar":1,"minecraft:sand":8,"iceandfire:deathworm_chitin_white":2,"minecraft:arrow":4,"minecraft:rotten_flesh":8,"minecraft:stone_axe":2,"minecraft:beetroot_seeds":6,"minecraft:sandstone_stairs":1,"minecraft:hay_block":28,"alexsmobs:rattlesnake_rattle":1,"minecraft:grass":1,"minecraft:emerald":4,"iceandfire:spawn_egg_fire_dragon":1,"minecraft:oak_sapling":1,"minecraft:melon_seeds":1,"minecraft:cobblestone":49,"minecraft:coal":40,"wom:satsujin":2,"iceandfire:raw_silver":16},"minecraft:killed":{"minecraft:spider":3,"alexsmobs:rattlesnake":2,"minecraft:skeleton":2,"minecraft:pillager":4,"minecraft:zombie":2,"alexsmobs:cockroach":1,"iceandfire:fire_dragon":3,"iceandfire:deathworm":1,"shifu_epic_fight_skill_recipe:martialbanditnatural":1},"minecraft:killed_by":{"minecraft:player":2,"shifu_epic_fight_skill_recipe:martialbanditnatural":2,"minecraft:skeleton":2,"alexsmobs:rhinoceros":1,"alexsmobs:komodo_dragon":2,"iceandfire:fire_dragon":4},"minecraft:dropped":{"minecraft:wheat_seeds":2,"minecraft:rotten_flesh":7,"minecraft:lantern":4,"minecraft:azalea":1,"doggytalents:rice_grains":1,"minecraft:white_banner":1},"minecraft:used":{"minecraft:wheat_seeds":11,"wom:satsujin":30,"minecraft:stone_sword":23,"iceandfire:spawn_egg_ice_dragon":1,"minecraft:stone_pickaxe":15,"minecraft:wooden_pickaxe":21,"minecraft:cut_sandstone":1,"minecraft:torch":12,"minecraft:sand":2,"iceandfire:myrmex_desert_sword_venom":68,"minecraft:crafting_table":5,"iceandfire:spawn_egg_fire_dragon":5,"wom:solar":3,"minecraft:bread":21,"minecraft:iron_pickaxe":138,"minecraft:melon_seeds":1,"minecraft:stone_axe":24,"minecraft:cobblestone":5,"minecraft:furnace":3,"minecraft:beetroot_seeds":6,"minecraft:wither_rose":1},"minecraft:custom":{"minecraft:interact_with_furnace":12,"minecraft:mob_kills":19,"minecraft:interact_with_crafting_table":11,"minecraft:open_barrel":5,"minecraft:leave_game":1,"minecraft:time_since_death":1846,"minecraft:climb_one_cm":1590,"minecraft:time_since_rest":1960,"minecraft:sprint_one_cm":233186,"minecraft:damage_taken":4710,"minecraft:walk_one_cm":147068,"minecraft:drop":8,"minecraft:damage_dealt":7910,"minecraft:talked_to_villager":1,"minecraft:swim_one_cm":17875,"minecraft:fly_one_cm":770037,"minecraft:player_kills":4,"minecraft:open_chest":4,"minecraft:crouch_one_cm":30834,"minecraft:play_time":83941,"minecraft:sneak_time":8116,"minecraft:deaths":14,"minecraft:walk_under_water_one_cm":4176,"minecraft:jump":2330,"minecraft:interact_with_blast_furnace":1,"minecraft:walk_on_water_one_cm":3037,"minecraft:total_world_time":83941,"minecraft:fall_one_cm":73509},"minecraft:crafted":{"minecraft:oak_planks":36,"minecraft:crafting_table":1,"minecraft:iron_helmet":1,"minecraft:wooden_pickaxe":1,"minecraft:furnace":2,"minecraft:bucket":1,"minecraft:stone_axe":1,"minecraft:bread":36,"minecraft:air":0,"minecraft:jungle_planks":68,"minecraft:iron_boots":1,"minecraft:iron_chestplate":1,"minecraft:stick":12,"minecraft:iron_ingot":18,"minecraft:stone_pickaxe":1,"minecraft:stone_sword":1,"minecraft:torch":32,"minecraft:wheat":108}},"DataVersion":3465}