{"stats":{"minecraft:mined":{"minecraft:tuff":3,"iceandfire:silver_ore":16,"minecraft:deepslate_diamond_ore":22,"minecraft:jungle_log":17,"minecraft:moss_block":5,"minecraft:hay_block":28,"minecraft:furnace":7,"minecraft:carrots":6,"minecraft:iron_ore":47,"minecraft:cobbled_deepslate":15,"minecraft:potatoes":8,"minecraft:flowering_azalea_leaves":1,"minecraft:deepslate_iron_ore":30,"minecraft:azalea_leaves":1,"minecraft:stone":49,"minecraft:flowering_azalea":1,"minecraft:blackstone":1,"minecraft:melon_stem":1,"minecraft:crafting_table":8,"minecraft:torch":5,"minecraft:deepslate_gold_ore":26,"minecraft:wall_torch":4,"minecraft:mud":5,"minecraft:wheat":11,"minecraft:torchflower":1,"minecraft:wither_rose":1,"minecraft:grass":11,"minecraft:coal_ore":23,"minecraft:oak_log":5,"minecraft:beetroots":2,"minecraft:sand":6,"minecraft:mangrove_log":1,"minecraft:smooth_basalt":1,"minecraft:deepslate":112},"minecraft:picked_up":{"minecraft:mud":5,"minecraft:crafting_table":8,"minecraft:wither_rose":1,"minecraft:string":1,"memory_of_the_past:better_drop_of_knowledge":8,"iceandfire:spawn_egg_ice_dragon":1,"minecraft:beetroot":2,"minecraft:cobbled_deepslate":126,"alexsmobs:elastic_tendon":1,"minecraft:azalea":1,"minecraft:mangrove_log":1,"minecraft:furnace":7,"minecraft:stick":2,"minecraft:raw_iron":118,"minecraft:sandstone":4,"iceandfire:deathworm_chitin_red":1,"minecraft:torch":9,"minecraft:acacia_log":1,"iceandfire:creative_dragon_meal":1,"iceandfire:deathworm_chitin_white":2,"minecraft:carrot":25,"minecraft:arrow":10,"minecraft:rotten_flesh":10,"minecraft:beetroot_seeds":6,"minecraft:hay_block":28,"minecraft:sandstone_stairs":1,"minecraft:gold_ingot":2,"iceandfire:spawn_egg_fire_dragon":1,"minecraft:cobblestone":49,"memory_of_the_past:lesser_drop_of_knowledge":26,"minecraft:smooth_red_sandstone":1,"minecraft:jungle_log":17,"minecraft:cut_sandstone":10,"minecraft:potato":32,"doggytalents:rice_grains":4,"minecraft:tuff":5,"minecraft:smooth_sandstone_stairs":1,"minecraft:oak_log":5,"minecraft:gunpowder":2,"minecraft:lantern":4,"minecraft:cut_sandstone_slab":5,"minecraft:white_banner":1,"minecraft:bone":7,"minecraft:wheat_seeds":16,"alexsmobs:cockroach_wing_fragment":1,"minecraft:raw_gold":28,"minecraft:iron_ingot":17,"minecraft:moss_block":4,"minecraft:acacia_sapling":2,"minecraft:flowering_azalea":1,"minecraft:smooth_basalt":1,"wom:solar":1,"minecraft:sand":14,"minecraft:jungle_planks":76,"minecraft:diamond":22,"minecraft:stone_axe":2,"alexsmobs:rattlesnake_rattle":1,"minecraft:grass":1,"minecraft:emerald":4,"minecraft:oak_sapling":1,"minecraft:melon_seeds":1,"minecraft:coal":40,"wom:satsujin":2,"iceandfire:raw_silver":16},"minecraft:killed":{"minecraft:spider":3,"alexsmobs:murmur":1,"alexsmobs:rattlesnake":2,"minecraft:skeleton":8,"iceandfire:fire_dragon":3,"iceandfire:deathworm":1,"minecraft:creeper":2,"minecraft:pillager":4,"alexsmobs:cockroach":1,"minecraft:zombie":6,"shifu_epic_fight_skill_recipe:martialbanditnatural":1},"minecraft:killed_by":{"minecraft:player":2,"shifu_epic_fight_skill_recipe:martialbanditnatural":2,"alexsmobs:murmur_head":1,"minecraft:skeleton":2,"alexsmobs:rhinoceros":1,"alexsmobs:komodo_dragon":2,"iceandfire:fire_dragon":4},"minecraft:dropped":{"minecraft:wheat_seeds":2,"minecraft:cobblestone":3,"minecraft:lantern":4,"alexsmobs:rattlesnake_rattle":1,"minecraft:mangrove_planks":4,"minecraft:coal":14,"minecraft:stick":2,"minecraft:white_banner":1,"minecraft:string":1,"minecraft:smooth_basalt":1,"minecraft:tuff":3,"minecraft:beetroot":2,"minecraft:rotten_flesh":9,"alexsmobs:cockroach_wing_fragment":1,"minecraft:azalea":1,"doggytalents:rice_grains":1,"minecraft:wooden_pickaxe":1},"minecraft:used":{"minecraft:moss_block":2,"wom:satsujin":30,"minecraft:stone_sword":44,"iceandfire:spawn_egg_ice_dragon":1,"minecraft:shield":15,"minecraft:iron_sword":1,"minecraft:torch":40,"minecraft:carrot":9,"iceandfire:spawn_egg_fire_dragon":5,"wom:solar":3,"minecraft:flowering_azalea":1,"minecraft:melon_seeds":1,"minecraft:furnace":7,"minecraft:beetroot_seeds":6,"minecraft:cobbled_deepslate":63,"minecraft:wheat_seeds":11,"minecraft:stone_pickaxe":15,"minecraft:wooden_pickaxe":21,"minecraft:cut_sandstone":1,"iceandfire:myrmex_desert_sword_venom":68,"minecraft:sand":7,"minecraft:crafting_table":8,"minecraft:mud":4,"minecraft:diamond_pickaxe":162,"minecraft:bread":49,"minecraft:iron_pickaxe":157,"minecraft:stone_axe":28,"minecraft:diamond_sword":26,"minecraft:cobblestone":6,"minecraft:bucket":1,"minecraft:wither_rose":1},"minecraft:custom":{"minecraft:mob_kills":32,"minecraft:interact_with_crafting_table":21,"minecraft:open_barrel":7,"minecraft:leave_game":1,"minecraft:time_since_death":3740,"minecraft:climb_one_cm":2176,"minecraft:sprint_one_cm":345869,"minecraft:walk_one_cm":195574,"minecraft:damage_blocked_by_shield":1860,"minecraft:drop":21,"minecraft:talked_to_villager":1,"minecraft:play_time":119941,"minecraft:deaths":16,"minecraft:sneak_time":15666,"minecraft:walk_under_water_one_cm":6433,"minecraft:jump":3376,"minecraft:interact_with_blast_furnace":1,"minecraft:walk_on_water_one_cm":11994,"minecraft:total_world_time":119941,"minecraft:interact_with_furnace":33,"minecraft:time_since_rest":4445,"minecraft:damage_taken":6701,"minecraft:damage_dealt":10256,"minecraft:swim_one_cm":20944,"minecraft:fly_one_cm":1074106,"minecraft:player_kills":4,"minecraft:open_chest":4,"minecraft:crouch_one_cm":56347,"minecraft:fall_one_cm":111330},"minecraft:crafted":{"minecraft:oak_planks":36,"minecraft:furnace":4,"minecraft:diamond_leggings":1,"minecraft:iron_boots":1,"minecraft:stone_pickaxe":1,"minecraft:wheat":252,"minecraft:diamond_sword":1,"minecraft:crafting_table":1,"minecraft:wooden_pickaxe":1,"minecraft:iron_helmet":1,"minecraft:mangrove_planks":4,"minecraft:bucket":1,"minecraft:stone_axe":1,"minecraft:bread":84,"minecraft:air":0,"minecraft:jungle_planks":68,"minecraft:diamond_pickaxe":1,"minecraft:iron_chestplate":1,"minecraft:shield":1,"minecraft:stick":44,"minecraft:iron_ingot":46,"minecraft:stone_sword":1,"minecraft:gold_ingot":26,"minecraft:torch":32}},"DataVersion":3465}