{"stats":{"minecraft:mined":{"minecraft:grass":8},"minecraft:picked_up":{"memory_of_the_past:lesser_drop_of_knowledge":6,"minecraft:acacia_log":1,"iceandfire:creative_dragon_meal":1,"wom:solar":1,"doggytalents:rice_grains":3,"minecraft:gunpowder":1,"memory_of_the_past:better_drop_of_knowledge":4,"minecraft:bone":4,"minecraft:arrow":2,"iceandfire:spawn_egg_ice_dragon":1,"minecraft:stone_axe":2,"minecraft:wheat_seeds":3,"minecraft:grass":1,"minecraft:emerald":4,"iceandfire:spawn_egg_fire_dragon":1,"minecraft:acacia_sapling":2,"wom:satsujin":2},"minecraft:killed":{"minecraft:skeleton":1,"iceandfire:fire_dragon":3,"minecraft:spider":2,"shifu_epic_fight_skill_recipe:martialbanditnatural":1},"minecraft:killed_by":{"minecraft:player":2,"shifu_epic_fight_skill_recipe:martialbanditnatural":2,"iceandfire:fire_dragon":1},"minecraft:used":{"wom:satsujin":18,"wom:solar":3,"iceandfire:spawn_egg_ice_dragon":1,"iceandfire:myrmex_desert_sword_venom":68,"iceandfire:spawn_egg_fire_dragon":5},"minecraft:custom":{"minecraft:time_since_rest":3935,"minecraft:sprint_one_cm":55533,"minecraft:damage_taken":1660,"minecraft:walk_one_cm":84857,"minecraft:mob_kills":7,"minecraft:damage_dealt":6088,"minecraft:fly_one_cm":271154,"minecraft:player_kills":4,"minecraft:crouch_one_cm":5700,"minecraft:play_time":33148,"minecraft:deaths":6,"minecraft:sneak_time":1231,"minecraft:walk_under_water_one_cm":2417,"minecraft:jump":555,"minecraft:leave_game":1,"minecraft:time_since_death":3881,"minecraft:walk_on_water_one_cm":1438,"minecraft:total_world_time":33148,"minecraft:climb_one_cm":261,"minecraft:fall_one_cm":13825}},"DataVersion":3465}