{"stats":{"minecraft:killed_by":{"minecraft:player":1,"shifu_epic_fight_skill_recipe:martialbanditnatural":2},"minecraft:mined":{"minecraft:grass":6},"minecraft:custom":{"minecraft:time_since_rest":989,"minecraft:crouch_one_cm":2505,"minecraft:play_time":20395,"minecraft:sprint_one_cm":38557,"minecraft:walk_one_cm":44026,"minecraft:damage_taken":1181,"minecraft:deaths":3,"minecraft:sneak_time":511,"minecraft:mob_kills":4,"minecraft:jump":329,"minecraft:damage_dealt":1142,"minecraft:time_since_death":947,"minecraft:total_world_time":20395,"minecraft:fly_one_cm":83353,"minecraft:fall_one_cm":12931,"minecraft:player_kills":2},"minecraft:picked_up":{"minecraft:arrow":1,"memory_of_the_past:lesser_drop_of_knowledge":2,"memory_of_the_past:better_drop_of_knowledge":2,"minecraft:bone":2,"minecraft:stone_axe":1,"minecraft:wheat_seeds":2,"wom:solar":1,"doggytalents:rice_grains":1,"minecraft:emerald":2,"minecraft:gunpowder":1,"wom:satsujin":1},"minecraft:killed":{"minecraft:skeleton":1,"minecraft:spider":2,"shifu_epic_fight_skill_recipe:martialbanditnatural":1},"minecraft:used":{"wom:satsujin":16}},"DataVersion":3465}