{"stats":{"minecraft:mined":{"minecraft:tuff":3,"iceandfire:silver_ore":17,"minecraft:deepslate_diamond_ore":31,"minecraft:jungle_log":17,"minecraft:moss_block":5,"minecraft:hay_block":28,"minecraft:furnace":7,"minecraft:carrots":6,"minecraft:iron_ore":55,"minecraft:cobbled_deepslate":16,"minecraft:potatoes":8,"minecraft:flowering_azalea_leaves":1,"minecraft:deepslate_iron_ore":34,"minecraft:azalea_leaves":1,"minecraft:stone":50,"minecraft:flowering_azalea":1,"minecraft:blackstone":1,"minecraft:melon_stem":1,"minecraft:crafting_table":9,"minecraft:torch":5,"minecraft:deepslate_gold_ore":30,"minecraft:wall_torch":6,"minecraft:mud":5,"minecraft:wheat":11,"minecraft:torchflower":1,"minecraft:wither_rose":1,"minecraft:grass":11,"minecraft:coal_ore":23,"minecraft:oak_log":5,"minecraft:beetroots":2,"minecraft:sand":6,"minecraft:mangrove_log":1,"minecraft:smooth_basalt":1,"minecraft:deepslate":147},"minecraft:picked_up":{"minecraft:iron_chestplate":2,"minecraft:mud":5,"minecraft:crafting_table":9,"minecraft:wither_rose":1,"minecraft:string":1,"memory_of_the_past:better_drop_of_knowledge":8,"iceandfire:spawn_egg_ice_dragon":1,"minecraft:beetroot":2,"minecraft:cobbled_deepslate":160,"alexsmobs:elastic_tendon":1,"minecraft:azalea":1,"minecraft:mangrove_log":1,"minecraft:iron_boots":2,"minecraft:furnace":7,"minecraft:stick":2,"minecraft:raw_iron":130,"minecraft:sandstone":4,"iceandfire:deathworm_chitin_red":1,"minecraft:torch":11,"minecraft:acacia_log":1,"iceandfire:creative_dragon_meal":1,"iceandfire:deathworm_chitin_white":2,"minecraft:carrot":25,"minecraft:stone_sword":2,"minecraft:arrow":10,"minecraft:rotten_flesh":10,"minecraft:beetroot_seeds":6,"minecraft:hay_block":28,"minecraft:sandstone_stairs":1,"minecraft:gold_ingot":2,"iceandfire:spawn_egg_fire_dragon":1,"minecraft:cobblestone":50,"memory_of_the_past:lesser_drop_of_knowledge":28,"minecraft:smooth_red_sandstone":1,"minecraft:jungle_log":17,"minecraft:cut_sandstone":10,"minecraft:potato":32,"doggytalents:rice_grains":4,"minecraft:tuff":5,"minecraft:smooth_sandstone_stairs":1,"minecraft:oak_log":5,"minecraft:gunpowder":3,"minecraft:lantern":4,"minecraft:cut_sandstone_slab":5,"minecraft:white_banner":1,"minecraft:bone":9,"minecraft:wheat_seeds":16,"alexsmobs:cockroach_wing_fragment":1,"minecraft:raw_gold":32,"minecraft:iron_ingot":17,"minecraft:moss_block":4,"minecraft:iron_sword":1,"minecraft:acacia_sapling":2,"minecraft:flowering_azalea":1,"minecraft:smooth_basalt":1,"epicfight:stone_greatsword":1,"wom:solar":1,"minecraft:sand":14,"minecraft:jungle_planks":76,"minecraft:diamond":31,"minecraft:stone_axe":2,"minecraft:iron_helmet":2,"alexsmobs:rattlesnake_rattle":1,"minecraft:grass":1,"minecraft:emerald":4,"minecraft:oak_sapling":1,"minecraft:melon_seeds":1,"minecraft:coal":40,"wom:satsujin":2,"iceandfire:raw_silver":17},"minecraft:killed":{"minecraft:spider":3,"alexsmobs:murmur":1,"alexsmobs:rattlesnake":2,"minecraft:skeleton":9,"iceandfire:fire_dragon":3,"iceandfire:deathworm":1,"minecraft:creeper":2,"minecraft:pillager":4,"alexsmobs:cockroach":1,"minecraft:zombie":6,"alexsmobs:roadrunner":1,"shifu_epic_fight_skill_recipe:martialbanditnatural":1},"minecraft:killed_by":{"minecraft:player":2,"shifu_epic_fight_skill_recipe:martialbanditnatural":2,"alexsmobs:murmur_head":1,"alexsmobs:centipede_head":1,"minecraft:skeleton":2,"alexsmobs:rhinoceros":1,"alexsmobs:komodo_dragon":2,"iceandfire:fire_dragon":4},"minecraft:dropped":{"minecraft:iron_sword":1,"minecraft:wheat_seeds":2,"minecraft:iron_helmet":2,"minecraft:cobblestone":4,"minecraft:lantern":4,"alexsmobs:rattlesnake_rattle":1,"minecraft:mangrove_planks":4,"minecraft:coal":14,"minecraft:stick":2,"minecraft:white_banner":1,"minecraft:string":1,"minecraft:smooth_basalt":1,"minecraft:stone_sword":3,"minecraft:cobbled_deepslate":1,"wom:satsujin":1,"minecraft:tuff":5,"minecraft:beetroot":2,"minecraft:rotten_flesh":9,"minecraft:iron_boots":3,"minecraft:gunpowder":1,"alexsmobs:cockroach_wing_fragment":1,"minecraft:iron_chestplate":2,"minecraft:azalea":1,"doggytalents:rice_grains":1,"minecraft:wooden_pickaxe":1},"minecraft:used":{"minecraft:moss_block":2,"wom:satsujin":30,"minecraft:stone_sword":44,"iceandfire:spawn_egg_ice_dragon":1,"minecraft:shield":16,"minecraft:iron_sword":1,"minecraft:torch":42,"minecraft:carrot":9,"iceandfire:spawn_egg_fire_dragon":5,"wom:solar":3,"minecraft:flowering_azalea":1,"epicfight:stone_greatsword":5,"minecraft:melon_seeds":1,"minecraft:furnace":7,"minecraft:beetroot_seeds":6,"minecraft:cobbled_deepslate":93,"minecraft:wheat_seeds":11,"minecraft:stone_pickaxe":15,"minecraft:wooden_pickaxe":21,"minecraft:cut_sandstone":1,"iceandfire:myrmex_desert_sword_venom":68,"minecraft:sand":7,"minecraft:crafting_table":9,"minecraft:mud":4,"minecraft:diamond_pickaxe":227,"minecraft:bread":60,"minecraft:iron_pickaxe":157,"minecraft:stone_axe":29,"minecraft:diamond_sword":30,"minecraft:cobblestone":6,"minecraft:bucket":1,"minecraft:wither_rose":1},"minecraft:custom":{"minecraft:mob_kills":34,"minecraft:interact_with_crafting_table":22,"minecraft:open_barrel":7,"minecraft:leave_game":1,"minecraft:time_since_death":1713,"minecraft:climb_one_cm":2204,"minecraft:sprint_one_cm":378955,"minecraft:walk_one_cm":207503,"minecraft:damage_blocked_by_shield":2070,"minecraft:drop":37,"minecraft:talked_to_villager":1,"minecraft:play_time":131941,"minecraft:deaths":17,"minecraft:sneak_time":17940,"minecraft:walk_under_water_one_cm":6433,"minecraft:jump":3747,"minecraft:interact_with_blast_furnace":1,"minecraft:walk_on_water_one_cm":14047,"minecraft:total_world_time":131941,"minecraft:interact_with_furnace":33,"minecraft:time_since_rest":2346,"minecraft:damage_taken":7641,"minecraft:damage_dealt":10969,"minecraft:swim_one_cm":20944,"minecraft:fly_one_cm":1168696,"minecraft:player_kills":4,"minecraft:open_chest":5,"minecraft:crouch_one_cm":62815,"minecraft:fall_one_cm":124314},"minecraft:crafted":{"minecraft:oak_planks":36,"minecraft:furnace":4,"minecraft:diamond_helmet":1,"minecraft:diamond_leggings":1,"minecraft:iron_boots":1,"minecraft:stone_pickaxe":1,"minecraft:diamond_boots":1,"minecraft:wheat":252,"minecraft:diamond_sword":1,"minecraft:crafting_table":1,"minecraft:wooden_pickaxe":1,"minecraft:iron_helmet":1,"minecraft:mangrove_planks":4,"minecraft:bucket":1,"minecraft:stone_axe":1,"minecraft:bread":84,"minecraft:air":0,"minecraft:jungle_planks":68,"minecraft:diamond_pickaxe":1,"minecraft:iron_chestplate":1,"minecraft:shield":1,"minecraft:stick":44,"minecraft:iron_ingot":46,"minecraft:stone_sword":1,"minecraft:gold_ingot":26,"minecraft:torch":32,"minecraft:diamond_chestplate":1}},"DataVersion":3465}