{"stats":{"minecraft:mined":{"minecraft:hay_block":12,"iceandfire:silver_ore":3,"minecraft:melon_stem":1,"minecraft:wheat":11,"minecraft:crafting_table":1,"minecraft:beetroots":2,"minecraft:potatoes":8,"minecraft:flowering_azalea_leaves":1,"minecraft:grass":9,"minecraft:coal_ore":11,"minecraft:oak_log":5,"minecraft:jungle_log":8,"minecraft:azalea_leaves":1,"minecraft:stone":22},"minecraft:picked_up":{"minecraft:stick":2,"minecraft:crafting_table":1,"memory_of_the_past:lesser_drop_of_knowledge":6,"minecraft:jungle_log":8,"minecraft:acacia_log":1,"minecraft:potato":32,"iceandfire:creative_dragon_meal":1,"wom:solar":1,"doggytalents:rice_grains":3,"minecraft:oak_log":5,"minecraft:gunpowder":1,"memory_of_the_past:better_drop_of_knowledge":4,"minecraft:bone":4,"minecraft:arrow":2,"iceandfire:spawn_egg_ice_dragon":1,"minecraft:beetroot":2,"minecraft:beetroot_seeds":6,"minecraft:stone_axe":2,"minecraft:wheat_seeds":14,"minecraft:hay_block":12,"minecraft:grass":1,"minecraft:emerald":4,"iceandfire:spawn_egg_fire_dragon":1,"minecraft:oak_sapling":1,"minecraft:melon_seeds":1,"minecraft:coal":11,"minecraft:acacia_sapling":2,"wom:satsujin":2,"iceandfire:raw_silver":3,"minecraft:cobblestone":22},"minecraft:killed":{"minecraft:skeleton":1,"iceandfire:fire_dragon":3,"minecraft:spider":2,"shifu_epic_fight_skill_recipe:martialbanditnatural":1},"minecraft:killed_by":{"minecraft:player":2,"shifu_epic_fight_skill_recipe:martialbanditnatural":2,"alexsmobs:rhinoceros":1,"iceandfire:fire_dragon":1},"minecraft:used":{"minecraft:wheat_seeds":11,"wom:satsujin":18,"wom:solar":3,"iceandfire:spawn_egg_ice_dragon":1,"minecraft:stone_pickaxe":15,"minecraft:wooden_pickaxe":21,"minecraft:melon_seeds":1,"minecraft:stone_axe":11,"iceandfire:myrmex_desert_sword_venom":68,"minecraft:crafting_table":1,"minecraft:beetroot_seeds":6,"iceandfire:spawn_egg_fire_dragon":5},"minecraft:custom":{"minecraft:time_since_rest":7150,"minecraft:interact_with_furnace":1,"minecraft:sprint_one_cm":83476,"minecraft:damage_taken":1910,"minecraft:walk_one_cm":94081,"minecraft:mob_kills":7,"minecraft:damage_dealt":6088,"minecraft:open_chest":1,"minecraft:swim_one_cm":2233,"minecraft:interact_with_crafting_table":4,"minecraft:fly_one_cm":335180,"minecraft:player_kills":4,"minecraft:crouch_one_cm":14512,"minecraft:play_time":41941,"minecraft:deaths":7,"minecraft:sneak_time":3525,"minecraft:walk_under_water_one_cm":3047,"minecraft:jump":789,"minecraft:leave_game":1,"minecraft:time_since_death":7107,"minecraft:walk_on_water_one_cm":2087,"minecraft:total_world_time":41941,"minecraft:climb_one_cm":513,"minecraft:fall_one_cm":21546},"minecraft:crafted":{"minecraft:oak_planks":20,"minecraft:crafting_table":1,"minecraft:stick":12,"minecraft:wooden_pickaxe":1,"minecraft:stone_pickaxe":1,"minecraft:stone_sword":1,"minecraft:stone_axe":1}},"DataVersion":3465}