{"stats":{"minecraft:mined":{"iceandfire:silver_ore":7,"minecraft:crafting_table":4,"minecraft:torch":1,"minecraft:acacia_log":87,"minecraft:grass_block":2,"minecraft:tall_grass":2,"minecraft:wall_torch":2,"minecraft:large_fern":1,"minecraft:iron_ore":6,"minecraft:grass":3,"minecraft:coal_ore":33,"minecraft:stone":27},"minecraft:picked_up":{"memory_of_the_past:lesser_drop_of_knowledge":28,"minecraft:crafting_table":4,"minecraft:wheat":1,"minecraft:leather":5,"alexsmobs:acacia_blossom":5,"doggytalents:rice_grains":1,"minecraft:lily_pad":10,"minecraft:gunpowder":3,"minecraft:acacia_boat":4,"minecraft:dirt":2,"minecraft:string":8,"minecraft:iron_axe":1,"memory_of_the_past:better_drop_of_knowledge":5,"minecraft:bone":2,"minecraft:wheat_seeds":5,"minecraft:beef":4,"minecraft:acacia_sapling":23,"minecraft:raw_iron":6,"minecraft:stick":11,"epicfight:skillbook":1,"minecraft:torch":4,"minecraft:acacia_log":85,"wom:solar":1,"minecraft:porkchop":9,"minecraft:sand":13,"minecraft:spider_eye":1,"minecraft:arrow":6,"minecraft:rotten_flesh":7,"minecraft:grass":1,"minecraft:emerald":4,"minecraft:coal":33,"iceandfire:raw_silver":7,"minecraft:cobblestone":31},"minecraft:killed":{"minecraft:husk":1,"minecraft:pig":4,"minecraft:spider":3,"alexsmobs:rattlesnake":1,"minecraft:creeper":3,"minecraft:skeleton":3,"minecraft:zombie":3,"iceandfire:fire_dragon":3,"iceandfire:ghost":3,"shifu_epic_fight_skill_recipe:martialbanditnatural":1,"minecraft:cow":3},"minecraft:killed_by":{"minecraft:player":7,"shifu_epic_fight_skill_recipe:martialbanditnatural":3,"minecraft:skeleton":7,"minecraft:zombie":1,"iceandfire:ghost":1},"minecraft:dropped":{"wom:solar":1,"minecraft:wheat_seeds":2,"memory_of_the_past:better_drop_of_knowledge":1,"wom:satsujin":2,"minecraft:wheat":1,"minecraft:spider_spawn_egg":1,"minecraft:cobblestone":7,"minecraft:book":1,"iceandfire:spawn_egg_ice_dragon":1,"minecraft:acacia_log":6,"minecraft:emerald":4,"minecraft:grass":4,"iceandfire:creative_dragon_meal":1,"memory_of_the_past:lesser_drop_of_knowledge":5,"minecraft:acacia_sapling":12,"minecraft:spider_eye":1,"minecraft:arrow":2,"iceandfire:spawn_egg_fire_dragon":1,"minecraft:string":2,"minecraft:lily_pad":9,"minecraft:bone":2},"minecraft:used":{"minecraft:acacia_boat":4,"epicfight:skillbook":3,"minecraft:stone_pickaxe":72,"minecraft:wooden_pickaxe":3,"minecraft:torch":8,"minecraft:crafting_table":7,"iceandfire:spawn_egg_fire_dragon":5,"iceandfire:silver_axe":32,"waystones:waystone":1,"wom:ender_blaster":3,"minecraft:wooden_axe":14,"wom:solar":23,"minecraft:iron_axe":87,"minecraft:bread":16,"wom:antitheus":27,"minecraft:furnace":2,"wom:moonless":3,"minecraft:coarse_dirt":1},"minecraft:custom":{"minecraft:interact_with_furnace":6,"minecraft:mob_kills":28,"minecraft:interact_with_crafting_table":12,"minecraft:open_barrel":1,"minecraft:leave_game":10,"minecraft:time_since_death":8257,"minecraft:climb_one_cm":6485,"minecraft:time_since_rest":8283,"minecraft:waystone_activated":2,"minecraft:sprint_one_cm":500374,"minecraft:damage_taken":5804,"minecraft:walk_one_cm":625980,"minecraft:trigger_trapped_chest":3,"minecraft:drop":59,"minecraft:damage_dealt":8702,"minecraft:swim_one_cm":5302,"minecraft:talked_to_villager":3,"minecraft:fly_one_cm":979021,"minecraft:player_kills":3,"minecraft:open_chest":73,"minecraft:crouch_one_cm":3070,"minecraft:play_time":179780,"minecraft:deaths":24,"minecraft:sneak_time":1253,"minecraft:walk_under_water_one_cm":2797,"minecraft:boat_one_cm":119108,"minecraft:jump":2051,"minecraft:walk_on_water_one_cm":11202,"minecraft:total_world_time":179780,"minecraft:fall_one_cm":30249},"minecraft:crafted":{"minecraft:crafting_table":3,"minecraft:wooden_pickaxe":1,"minecraft:iron_sword":1,"minecraft:furnace":2,"minecraft:acacia_boat":1,"minecraft:air":0,"minecraft:stick":24,"minecraft:iron_ingot":6,"minecraft:stone_pickaxe":1,"minecraft:wooden_axe":2,"minecraft:acacia_planks":88,"minecraft:torch":48}},"DataVersion":3465}