{"stats":{"minecraft:crafted":{"minecraft:crafting_table":1,"minecraft:stick":4,"minecraft:wooden_axe":1,"minecraft:acacia_planks":12},"minecraft:dropped":{"minecraft:grass":3,"wom:solar":1,"minecraft:wheat_seeds":1,"iceandfire:creative_dragon_meal":1,"memory_of_the_past:better_drop_of_knowledge":1,"wom:satsujin":1,"minecraft:wheat":1,"minecraft:acacia_sapling":4,"iceandfire:spawn_egg_ice_dragon":1,"iceandfire:spawn_egg_fire_dragon":1,"minecraft:acacia_log":6},"minecraft:mined":{"minecraft:grass":1,"minecraft:acacia_log":38},"minecraft:killed_by":{"minecraft:player":4},"minecraft:custom":{"minecraft:time_since_rest":498,"minecraft:waystone_activated":1,"minecraft:sprint_one_cm":142350,"minecraft:damage_taken":1082,"minecraft:walk_one_cm":324926,"minecraft:mob_kills":4,"minecraft:drop":21,"minecraft:damage_dealt":4219,"minecraft:talked_to_villager":3,"minecraft:swim_one_cm":613,"minecraft:interact_with_crafting_table":1,"minecraft:player_kills":2,"minecraft:fly_one_cm":671150,"minecraft:open_chest":38,"minecraft:crouch_one_cm":432,"minecraft:play_time":94129,"minecraft:deaths":8,"minecraft:sneak_time":598,"minecraft:walk_under_water_one_cm":597,"minecraft:jump":570,"minecraft:leave_game":7,"minecraft:time_since_death":441,"minecraft:walk_on_water_one_cm":2464,"minecraft:climb_one_cm":2476,"minecraft:total_world_time":94129,"minecraft:fall_one_cm":4153},"minecraft:killed":{"iceandfire:fire_dragon":3,"minecraft:creeper":1},"minecraft:used":{"waystones:waystone":1,"minecraft:wooden_axe":7,"wom:solar":23,"wom:antitheus":27,"minecraft:crafting_table":1,"minecraft:coarse_dirt":1,"wom:moonless":3,"iceandfire:spawn_egg_fire_dragon":5,"iceandfire:silver_axe":32},"minecraft:picked_up":{"memory_of_the_past:lesser_drop_of_knowledge":5,"minecraft:stick":4,"minecraft:wheat":1,"alexsmobs:acacia_blossom":2,"minecraft:acacia_log":41,"wom:solar":1,"doggytalents:rice_grains":1,"minecraft:gunpowder":1,"minecraft:string":2,"minecraft:iron_axe":1,"memory_of_the_past:better_drop_of_knowledge":2,"minecraft:wheat_seeds":4,"minecraft:grass":1,"minecraft:acacia_sapling":15}},"DataVersion":3465}