{"stats":{"minecraft:mined":{"minecraft:crafting_table":1,"minecraft:grass":2,"minecraft:acacia_log":42},"minecraft:picked_up":{"minecraft:crafting_table":1,"memory_of_the_past:lesser_drop_of_knowledge":11,"minecraft:stick":4,"minecraft:wheat":1,"alexsmobs:acacia_blossom":3,"minecraft:acacia_log":45,"doggytalents:rice_grains":1,"wom:solar":1,"minecraft:gunpowder":1,"minecraft:spider_eye":1,"minecraft:string":4,"minecraft:iron_axe":1,"memory_of_the_past:better_drop_of_knowledge":3,"minecraft:arrow":2,"minecraft:bone":1,"minecraft:rotten_flesh":4,"minecraft:wheat_seeds":4,"minecraft:grass":1,"minecraft:emerald":4,"minecraft:acacia_sapling":15,"minecraft:cobblestone":4},"minecraft:killed":{"minecraft:skeleton":1,"minecraft:zombie":2,"iceandfire:fire_dragon":3,"minecraft:spider":1,"shifu_epic_fight_skill_recipe:martialbanditnatural":1,"minecraft:creeper":1},"minecraft:killed_by":{"minecraft:player":7,"shifu_epic_fight_skill_recipe:martialbanditnatural":2},"minecraft:dropped":{"minecraft:grass":4,"wom:solar":1,"minecraft:wheat_seeds":1,"iceandfire:creative_dragon_meal":1,"memory_of_the_past:better_drop_of_knowledge":1,"memory_of_the_past:lesser_drop_of_knowledge":5,"wom:satsujin":2,"minecraft:wheat":1,"minecraft:acacia_sapling":4,"minecraft:spider_spawn_egg":1,"minecraft:cobblestone":7,"minecraft:spider_eye":1,"iceandfire:spawn_egg_ice_dragon":1,"minecraft:arrow":2,"minecraft:string":2,"iceandfire:spawn_egg_fire_dragon":1,"minecraft:acacia_log":6,"minecraft:bone":1,"minecraft:emerald":4},"minecraft:used":{"waystones:waystone":1,"minecraft:wooden_axe":9,"wom:ender_blaster":3,"wom:solar":23,"wom:antitheus":27,"minecraft:crafting_table":2,"iceandfire:silver_axe":32,"minecraft:coarse_dirt":1,"wom:moonless":3,"iceandfire:spawn_egg_fire_dragon":5,"epicfight:skillbook":2},"minecraft:custom":{"minecraft:time_since_rest":5750,"minecraft:waystone_activated":1,"minecraft:sprint_one_cm":283293,"minecraft:damage_taken":2819,"minecraft:walk_one_cm":446991,"minecraft:mob_kills":9,"minecraft:drop":46,"minecraft:damage_dealt":5269,"minecraft:player_kills":3,"minecraft:talked_to_villager":3,"minecraft:swim_one_cm":1267,"minecraft:interact_with_crafting_table":2,"minecraft:fly_one_cm":847500,"minecraft:open_chest":40,"minecraft:crouch_one_cm":649,"minecraft:play_time":131780,"minecraft:deaths":14,"minecraft:sneak_time":708,"minecraft:walk_under_water_one_cm":670,"minecraft:jump":1259,"minecraft:leave_game":10,"minecraft:time_since_death":5712,"minecraft:walk_on_water_one_cm":2796,"minecraft:climb_one_cm":2760,"minecraft:total_world_time":131780,"minecraft:fall_one_cm":15091},"minecraft:crafted":{"minecraft:crafting_table":2,"minecraft:stick":8,"minecraft:wooden_axe":2,"minecraft:acacia_planks":28}},"DataVersion":3465}