{"stats":{"minecraft:mined":{"iceandfire:silver_ore":13,"minecraft:granite":6,"minecraft:crafting_table":5,"minecraft:torch":4,"minecraft:acacia_log":87,"minecraft:grass_block":2,"minecraft:tall_grass":2,"minecraft:deepslate_gold_ore":6,"minecraft:lapis_ore":6,"minecraft:wall_torch":5,"minecraft:large_fern":1,"minecraft:furnace":3,"minecraft:iron_ore":42,"minecraft:grass":3,"minecraft:coal_ore":33,"minecraft:deepslate_iron_ore":11,"minecraft:stone":37,"minecraft:gold_ore":3,"minecraft:deepslate":3},"minecraft:picked_up":{"memory_of_the_past:lesser_drop_of_knowledge":42,"minecraft:crafting_table":6,"minecraft:wheat":1,"minecraft:glow_ink_sac":3,"minecraft:leather":5,"alexsmobs:acacia_blossom":7,"doggytalents:rice_grains":1,"minecraft:lily_pad":10,"minecraft:gunpowder":3,"minecraft:acacia_boat":4,"minecraft:lapis_lazuli":33,"minecraft:dirt":4,"minecraft:string":11,"minecraft:iron_axe":1,"memory_of_the_past:better_drop_of_knowledge":8,"minecraft:bone":5,"minecraft:wheat_seeds":5,"minecraft:cobbled_deepslate":3,"minecraft:raw_gold":9,"minecraft:beef":4,"minecraft:acacia_sapling":23,"minecraft:furnace":3,"minecraft:raw_iron":53,"minecraft:stick":11,"epicfight:skillbook":2,"minecraft:torch":10,"minecraft:acacia_log":85,"wom:solar":1,"minecraft:porkchop":9,"minecraft:sand":13,"minecraft:spider_eye":1,"minecraft:arrow":10,"minecraft:rotten_flesh":23,"minecraft:granite":6,"minecraft:grass":1,"minecraft:emerald":4,"minecraft:coal":33,"iceandfire:raw_silver":13,"minecraft:cobblestone":41},"minecraft:killed":{"minecraft:husk":1,"minecraft:pig":4,"minecraft:spider":6,"alexsmobs:rattlesnake":1,"minecraft:creeper":4,"minecraft:skeleton":7,"minecraft:zombie":13,"iceandfire:fire_dragon":3,"iceandfire:ghost":3,"shifu_epic_fight_skill_recipe:martialbanditnatural":1,"minecraft:cow":3},"minecraft:killed_by":{"minecraft:player":7,"alexsmobs:rocky_roller":2,"shifu_epic_fight_skill_recipe:martialbanditnatural":3,"minecraft:skeleton":10,"minecraft:zombie":1,"iceandfire:ghost":1},"minecraft:dropped":{"wom:solar":1,"minecraft:wheat_seeds":2,"alexsmobs:acacia_blossom":4,"memory_of_the_past:better_drop_of_knowledge":1,"minecraft:cobbled_deepslate":3,"minecraft:crafting_table":1,"wom:satsujin":2,"minecraft:wheat":1,"minecraft:rotten_flesh":19,"minecraft:spider_spawn_egg":1,"minecraft:cobblestone":15,"minecraft:book":1,"iceandfire:spawn_egg_ice_dragon":1,"minecraft:acacia_log":6,"minecraft:emerald":4,"minecraft:dirt":4,"minecraft:grass":4,"minecraft:gunpowder":2,"iceandfire:creative_dragon_meal":1,"memory_of_the_past:lesser_drop_of_knowledge":5,"minecraft:acacia_sapling":12,"minecraft:spider_eye":1,"minecraft:sand":13,"minecraft:arrow":2,"minecraft:stone_pickaxe":1,"minecraft:wooden_pickaxe":1,"iceandfire:spawn_egg_fire_dragon":1,"minecraft:string":6,"minecraft:lily_pad":9,"minecraft:bone":5},"minecraft:used":{"minecraft:water_bucket":2,"minecraft:acacia_boat":4,"epicfight:skillbook":5,"minecraft:stone_pickaxe":74,"minecraft:wooden_pickaxe":3,"minecraft:iron_sword":56,"minecraft:torch":36,"minecraft:crafting_table":8,"iceandfire:spawn_egg_fire_dragon":5,"iceandfire:silver_axe":32,"waystones:waystone":1,"wom:ender_blaster":3,"minecraft:wooden_axe":14,"wom:solar":23,"minecraft:iron_pickaxe":90,"minecraft:iron_axe":88,"minecraft:bread":28,"wom:antitheus":27,"minecraft:furnace":4,"minecraft:bucket":2,"wom:moonless":3,"minecraft:coarse_dirt":1,"minecraft:acacia_planks":16},"minecraft:custom":{"minecraft:interact_with_furnace":26,"minecraft:mob_kills":48,"minecraft:interact_with_crafting_table":16,"minecraft:open_barrel":1,"minecraft:leave_game":10,"minecraft:time_since_death":112,"minecraft:climb_one_cm":6485,"minecraft:time_since_rest":155,"minecraft:waystone_activated":2,"minecraft:sprint_one_cm":547683,"minecraft:damage_taken":7830,"minecraft:walk_one_cm":735000,"minecraft:trigger_trapped_chest":3,"minecraft:drop":91,"minecraft:damage_dealt":12271,"minecraft:swim_one_cm":5392,"minecraft:talked_to_villager":3,"minecraft:fly_one_cm":1041280,"minecraft:player_kills":3,"minecraft:open_chest":73,"minecraft:crouch_one_cm":5596,"minecraft:play_time":203780,"minecraft:deaths":29,"minecraft:sneak_time":2034,"minecraft:walk_under_water_one_cm":2816,"minecraft:boat_one_cm":119108,"minecraft:jump":2431,"minecraft:walk_on_water_one_cm":16430,"minecraft:total_world_time":203780,"minecraft:fall_one_cm":40389},"minecraft:crafted":{"iceandfire:silver_ingot":12,"minecraft:crafting_table":3,"minecraft:wooden_pickaxe":1,"minecraft:iron_sword":1,"minecraft:furnace":2,"minecraft:acacia_boat":1,"minecraft:air":0,"iceandfire:armor_silver_metal_chestplate":1,"minecraft:stick":24,"minecraft:iron_ingot":37,"minecraft:stone_pickaxe":1,"minecraft:wooden_axe":2,"iceandfire:armor_silver_metal_boots":1,"minecraft:acacia_planks":88,"minecraft:torch":48}},"DataVersion":3465}