{"stats":{"minecraft:mined":{"iceandfire:silver_ore":13,"minecraft:deepslate_diamond_ore":7,"minecraft:granite":6,"minecraft:crafting_table":7,"minecraft:torch":4,"minecraft:acacia_log":87,"minecraft:grass_block":2,"minecraft:tall_grass":2,"minecraft:cobblestone":1,"minecraft:deepslate_gold_ore":6,"minecraft:lapis_ore":6,"minecraft:wall_torch":5,"minecraft:large_fern":1,"minecraft:furnace":4,"minecraft:iron_ore":82,"minecraft:grass":3,"minecraft:coal_ore":33,"minecraft:deepslate_iron_ore":11,"minecraft:stone":54,"minecraft:gold_ore":3,"minecraft:deepslate":6},"minecraft:picked_up":{"memory_of_the_past:lesser_drop_of_knowledge":45,"minecraft:crafting_table":8,"minecraft:wheat":1,"minecraft:glow_ink_sac":3,"minecraft:leather":5,"alexsmobs:acacia_blossom":7,"doggytalents:rice_grains":1,"minecraft:lily_pad":10,"minecraft:gunpowder":3,"minecraft:acacia_boat":6,"minecraft:lapis_lazuli":34,"minecraft:dirt":4,"minecraft:string":11,"minecraft:iron_axe":1,"memory_of_the_past:better_drop_of_knowledge":8,"minecraft:bone":8,"minecraft:wheat_seeds":5,"minecraft:cobbled_deepslate":6,"minecraft:raw_gold":9,"minecraft:beef":4,"minecraft:acacia_sapling":23,"minecraft:furnace":4,"minecraft:raw_iron":93,"minecraft:stick":11,"minecraft:gravel":1,"epicfight:skillbook":2,"minecraft:torch":10,"minecraft:acacia_log":85,"wom:solar":1,"minecraft:porkchop":9,"minecraft:sand":13,"minecraft:spider_eye":2,"minecraft:diamond":7,"minecraft:arrow":12,"minecraft:rotten_flesh":23,"minecraft:granite":6,"minecraft:grass":1,"minecraft:emerald":4,"minecraft:coal":33,"iceandfire:raw_silver":13,"minecraft:cobblestone":59,"minecraft:ender_pearl":1},"minecraft:killed":{"minecraft:husk":2,"minecraft:pig":4,"minecraft:spider":6,"alexsmobs:rattlesnake":1,"minecraft:creeper":4,"minecraft:skeleton":8,"minecraft:zombie":13,"iceandfire:fire_dragon":3,"iceandfire:ghost":3,"shifu_epic_fight_skill_recipe:martialbanditnatural":1,"minecraft:enderman":1,"minecraft:cow":3},"minecraft:killed_by":{"minecraft:player":7,"alexsmobs:rocky_roller":2,"shifu_epic_fight_skill_recipe:martialbanditnatural":3,"minecraft:skeleton":11,"minecraft:zombie":1,"iceandfire:ghost":1},"minecraft:dropped":{"wom:solar":1,"minecraft:wheat_seeds":2,"minecraft:lapis_lazuli":1,"alexsmobs:acacia_blossom":4,"minecraft:glow_ink_sac":3,"memory_of_the_past:better_drop_of_knowledge":1,"minecraft:cobbled_deepslate":4,"minecraft:crafting_table":1,"wom:satsujin":2,"minecraft:wheat":1,"minecraft:rotten_flesh":19,"minecraft:spider_spawn_egg":1,"minecraft:cobblestone":15,"minecraft:book":1,"iceandfire:spawn_egg_ice_dragon":1,"minecraft:acacia_log":6,"minecraft:stick":6,"minecraft:emerald":4,"minecraft:dirt":4,"minecraft:grass":4,"minecraft:gunpowder":2,"iceandfire:creative_dragon_meal":1,"memory_of_the_past:lesser_drop_of_knowledge":5,"minecraft:acacia_sapling":12,"minecraft:spider_eye":2,"minecraft:sand":13,"minecraft:arrow":2,"minecraft:stone_pickaxe":1,"minecraft:wooden_pickaxe":1,"minecraft:paper":4,"iceandfire:spawn_egg_fire_dragon":1,"minecraft:string":9,"minecraft:lily_pad":9,"minecraft:bone":8},"minecraft:used":{"minecraft:water_bucket":6,"minecraft:acacia_boat":6,"epicfight:skillbook":5,"minecraft:stone_pickaxe":74,"minecraft:wooden_pickaxe":3,"minecraft:iron_sword":65,"minecraft:torch":44,"minecraft:crafting_table":9,"iceandfire:spawn_egg_fire_dragon":5,"iceandfire:silver_axe":32,"minecraft:granite":6,"waystones:waystone":1,"wom:ender_blaster":3,"minecraft:wooden_axe":14,"wom:solar":23,"minecraft:diamond_pickaxe":10,"minecraft:iron_pickaxe":149,"minecraft:iron_axe":90,"minecraft:bread":35,"minecraft:diamond_sword":5,"minecraft:cobblestone":26,"wom:antitheus":27,"minecraft:furnace":4,"minecraft:bucket":6,"minecraft:cobbled_deepslate":2,"wom:moonless":3,"minecraft:coarse_dirt":1,"minecraft:acacia_planks":36},"minecraft:custom":{"minecraft:interact_with_furnace":27,"minecraft:mob_kills":51,"minecraft:interact_with_crafting_table":18,"minecraft:open_barrel":1,"minecraft:leave_game":10,"minecraft:time_since_death":6795,"minecraft:climb_one_cm":6485,"minecraft:time_since_rest":6825,"minecraft:waystone_activated":2,"minecraft:sprint_one_cm":573886,"minecraft:damage_taken":8506,"minecraft:walk_one_cm":779334,"minecraft:trigger_trapped_chest":3,"minecraft:drop":101,"minecraft:damage_dealt":13141,"minecraft:swim_one_cm":5392,"minecraft:talked_to_villager":3,"minecraft:fly_one_cm":1064015,"minecraft:player_kills":3,"minecraft:open_chest":73,"minecraft:crouch_one_cm":9627,"minecraft:play_time":215780,"minecraft:deaths":30,"minecraft:sneak_time":3170,"minecraft:walk_under_water_one_cm":2816,"minecraft:boat_one_cm":119108,"minecraft:jump":2685,"minecraft:walk_on_water_one_cm":19127,"minecraft:total_world_time":215780,"minecraft:fall_one_cm":44348},"minecraft:crafted":{"minecraft:diamond_sword":1,"iceandfire:silver_ingot":12,"minecraft:crafting_table":3,"minecraft:wooden_pickaxe":1,"minecraft:iron_sword":1,"minecraft:furnace":2,"minecraft:acacia_boat":1,"minecraft:air":0,"minecraft:diamond_pickaxe":1,"iceandfire:armor_silver_metal_chestplate":1,"minecraft:stick":32,"minecraft:iron_ingot":45,"minecraft:stone_pickaxe":1,"minecraft:wooden_axe":2,"iceandfire:armor_silver_metal_boots":1,"minecraft:acacia_planks":88,"minecraft:torch":48}},"DataVersion":3465}