{"stats":{"minecraft:used":{"minecraft:wooden_axe":7,"minecraft:crafting_table":1},"minecraft:dropped":{"minecraft:acacia_log":6,"minecraft:acacia_sapling":3},"minecraft:custom":{"minecraft:time_since_rest":14758,"minecraft:crouch_one_cm":143,"minecraft:play_time":14758,"minecraft:sprint_one_cm":35740,"minecraft:walk_one_cm":60364,"minecraft:sneak_time":46,"minecraft:mob_kills":1,"minecraft:drop":9,"minecraft:jump":109,"minecraft:damage_dealt":200,"minecraft:leave_game":3,"minecraft:time_since_death":14758,"minecraft:total_world_time":14758,"minecraft:interact_with_crafting_table":1,"minecraft:fall_one_cm":894,"minecraft:fly_one_cm":96374},"minecraft:crafted":{"minecraft:acacia_planks":12,"minecraft:crafting_table":1,"minecraft:stick":4,"minecraft:wooden_axe":1},"minecraft:picked_up":{"memory_of_the_past:lesser_drop_of_knowledge":1,"minecraft:stick":3,"minecraft:acacia_log":12,"minecraft:gunpowder":1,"minecraft:acacia_sapling":6},"minecraft:mined":{"minecraft:acacia_log":9},"minecraft:killed":{"minecraft:creeper":1}},"DataVersion":3465}