{"stats":{"minecraft:used":{"waystones:waystone":1,"minecraft:wooden_axe":7,"minecraft:crafting_table":1},"minecraft:killed":{"minecraft:creeper":1},"minecraft:crafted":{"minecraft:acacia_planks":12,"minecraft:crafting_table":1,"minecraft:stick":4,"minecraft:wooden_axe":1},"minecraft:custom":{"minecraft:time_since_rest":5351,"minecraft:waystone_activated":1,"minecraft:crouch_one_cm":204,"minecraft:play_time":26018,"minecraft:sprint_one_cm":59082,"minecraft:deaths":1,"minecraft:walk_one_cm":81270,"minecraft:sneak_time":278,"minecraft:mob_kills":1,"minecraft:drop":9,"minecraft:jump":218,"minecraft:damage_dealt":200,"minecraft:leave_game":5,"minecraft:time_since_death":5303,"minecraft:total_world_time":26018,"minecraft:interact_with_crafting_table":1,"minecraft:fall_one_cm":894,"minecraft:fly_one_cm":274176},"minecraft:picked_up":{"minecraft:stick":3,"memory_of_the_past:lesser_drop_of_knowledge":1,"minecraft:acacia_log":12,"minecraft:gunpowder":1,"minecraft:acacia_sapling":7},"minecraft:mined":{"minecraft:acacia_log":9},"minecraft:dropped":{"minecraft:acacia_log":6,"minecraft:acacia_sapling":3}},"DataVersion":3465}