{"stats":{"minecraft:dropped":{"minecraft:grass":1,"wom:solar":1,"minecraft:wheat_seeds":1,"memory_of_the_past:better_drop_of_knowledge":1,"wom:satsujin":1,"minecraft:acacia_sapling":4,"minecraft:acacia_log":6},"minecraft:killed_by":{"minecraft:player":2},"minecraft:mined":{"minecraft:grass":1,"minecraft:acacia_log":9},"minecraft:custom":{"minecraft:time_since_rest":2041,"minecraft:waystone_activated":1,"minecraft:sprint_one_cm":102226,"minecraft:damage_taken":574,"minecraft:walk_one_cm":194404,"minecraft:mob_kills":1,"minecraft:drop":15,"minecraft:damage_dealt":600,"minecraft:interact_with_crafting_table":1,"minecraft:swim_one_cm":613,"minecraft:fly_one_cm":361096,"minecraft:player_kills":1,"minecraft:crouch_one_cm":296,"minecraft:play_time":55017,"minecraft:deaths":3,"minecraft:sneak_time":446,"minecraft:walk_under_water_one_cm":40,"minecraft:jump":413,"minecraft:leave_game":6,"minecraft:time_since_death":2003,"minecraft:walk_on_water_one_cm":87,"minecraft:total_world_time":55017,"minecraft:fall_one_cm":3259},"minecraft:picked_up":{"memory_of_the_past:lesser_drop_of_knowledge":2,"minecraft:stick":3,"minecraft:acacia_log":12,"minecraft:gunpowder":1,"minecraft:string":2,"memory_of_the_past:better_drop_of_knowledge":2,"minecraft:wheat_seeds":2,"minecraft:acacia_sapling":8},"minecraft:crafted":{"minecraft:crafting_table":1,"minecraft:stick":4,"minecraft:wooden_axe":1,"minecraft:acacia_planks":12},"minecraft:killed":{"minecraft:creeper":1},"minecraft:used":{"waystones:waystone":1,"minecraft:wooden_axe":7,"minecraft:crafting_table":1,"wom:moonless":3}},"DataVersion":3465}