{"stats":{"minecraft:broken":{"minecraft:diamond_helmet":1,"minecraft:iron_leggings":1,"iceandfire:armor_silver_metal_chestplate":1,"minecraft:iron_helmet":1,"minecraft:netherite_boots":1,"minecraft:diamond_boots":1,"minecraft:diamond_chestplate":1,"minecraft:diamond_axe":2},"minecraft:killed":{"guardvillagers:guard":1,"minecraft:cave_spider":7,"minecraft:skeleton":103,"alexsmobs:centipede_head":2,"iceandfire:myrmex_worker":1,"minecraft:magma_cube":1,"iceandfire:cockatrice":1,"minecraft:pillager":12,"minecraft:zombie":75,"alexsmobs:roadrunner":2,"iceandfire:lightning_dragon":4,"iceandfire:sea_serpent":2,"minecraft:cow":13,"minecraft:vindicator":4,"minecraft:husk":8,"minecraft:ravager":15,"iceandfire:ghost":4,"iceandfire:ice_dragon":2,"minecraft:enderman":6,"minecraft:witch":1,"minecraft:spider":26,"shifu_epic_fight_skill_recipe:bandit_captain":1,"minecraft:pig":13,"alexsmobs:grizzly_bear":2,"minecraft:zombie_villager":2,"minecraft:creeper":43,"minecraft:sheep":19,"shifu_epic_fight_skill_recipe:martialbandit":10,"alexsmobs:fly":5,"alexsmobs:komodo_dragon":1,"alexsmobs:tarantula_hawk":1,"minecraft:slime":11,"alexsmobs:rattlesnake":2,"minecraft:phantom":53,"iceandfire:fire_dragon":7,"iceandfire:deathworm":3,"iceandfire:myrmex_sentinel":2,"iceandfire:troll":1,"minecraft:hoglin":6,"minecraft:wither_skeleton":108,"shifu_epic_fight_skill_recipe:martialbanditnatural":5,"minecraft:villager":9},"minecraft:killed_by":{"minecraft:zombie":3,"shifu_epic_fight_skill_recipe:bandit_captain":1,"alexsmobs:grizzly_bear":1,"alexsmobs:rocky_roller":2,"shifu_epic_fight_skill_recipe:martialbanditnatural":4,"shifu_epic_fight_skill_recipe:martialbanditleader":1,"minecraft:slime":3,"iceandfire:ghost":2,"minecraft:wither_skeleton":14,"minecraft:creeper":3,"iceandfire:fire_dragon":8,"minecraft:player":10,"iceandfire:deathworm":3,"shifu_epic_fight_skill_recipe:martialbandit":2,"minecraft:skeleton":20,"iceandfire:lightning_dragon":6,"guardvillagers:guard":1},"minecraft:dropped":{"iceandfire:raw_silver":1,"minecraft:porkchop":44,"minecraft:lapis_lazuli":1,"minecraft:glow_ink_sac":3,"minecraft:chorus_fruit":6,"minecraft:diamond":8,"minecraft:crafting_table":2,"minecraft:cooked_porkchop":3,"minecraft:crossbow":1,"minecraft:spider_spawn_egg":1,"iceandfire:dragonegg_sapphire":1,"minecraft:red_mushroom":3,"minecraft:item_frame":2,"minecraft:emerald":4,"minecraft:dirt":9,"minecraft:packed_mud":1,"minecraft:grass":4,"alexsmobs:roadrunner_feather":1,"minecraft:stone_button":2,"iceandfire:myrmex_desert_chitin":3,"minecraft:netherite_boots":3,"minecraft:chain":1,"minecraft:jungle_sapling":8,"minecraft:gold_nugget":45,"minecraft:sunflower":1,"minecraft:sand":18,"minecraft:dark_oak_planks":25,"minecraft:white_wool":4,"minecraft:birch_stairs":9,"minecraft:bone":31,"minecraft:note_block":4,"alexsmobs:centipede_leg":1,"wom:agony":2,"minecraft:waxed_cut_copper_stairs":7,"minecraft:golden_chestplate":3,"minecraft:cobbled_deepslate":4,"minecraft:netherite_sword":2,"minecraft:wheat":3,"minecraft:rotten_flesh":109,"minecraft:oak_planks":3,"alexsmobs:emu_egg":3,"minecraft:tipped_arrow":2,"minecraft:charcoal":8,"minecraft:jungle_log":96,"minecraft:acacia_sapling":22,"minecraft:ladder":4,"minecraft:leather_leggings":3,"minecraft:spruce_slab":6,"minecraft:acacia_fence":3,"iceandfire:manuscript":32,"minecraft:egg":3,"minecraft:enchanted_book":1,"minecraft:wheat_seeds":28,"memory_of_the_past:better_drop_of_knowledge":1,"minecraft:oxidized_cut_copper":15,"minecraft:oak_fence":2,"minecraft:iron_helmet":1,"minecraft:feather":14,"minecraft:cobblestone":15,"minecraft:book":2,"minecraft:polished_blackstone_button":2,"minecraft:chainmail_helmet":28,"minecraft:coal":27,"minecraft:diamond_horse_armor":3,"minecraft:golden_carrot":5,"iceandfire:copper_nugget":174,"jet_and_elias_armors:knight_m_pink_boots":2,"memory_of_the_past:lesser_drop_of_knowledge":5,"minecraft:diamond_helmet":1,"minecraft:oak_stairs":3,"iceandfire:cannoli":1,"minecraft:smooth_stone":1,"minecraft:iron_shovel":1,"minecraft:paper":4,"minecraft:string":19,"minecraft:lily_pad":9,"minecraft:gray_carpet":4,"minecraft:acacia_planks":54,"iceandfire:dragon_skull_fire":1,"iceandfire:dragonscales_gray":7,"minecraft:furnace":1,"minecraft:moss_carpet":8,"minecraft:player_head":4,"alexsmobs:acacia_blossom":6,"iceandfire:myrmex_stinger":1,"minecraft:white_carpet":3,"minecraft:iron_boots":15,"minecraft:white_terracotta":68,"minecraft:diamond_sword":2,"takesapillage:ravager_horn":9,"minecraft:waxed_cut_copper":2,"minecraft:spruce_trapdoor":2,"minecraft:spruce_planks":1,"iceandfire:lectern":3,"minecraft:spider_eye":3,"minecraft:brown_carpet":3,"minecraft:sandstone":1,"minecraft:bow":1,"iceandfire:sea_serpent_fang":4,"minecraft:dark_prismarine":12,"iceandfire:dragon_skull_lightning":2,"epicfight:skillbook":12,"minecraft:black_wool":1,"minecraft:nether_brick_stairs":3,"minecraft:moss_block":1,"wom:solar":1,"minecraft:diamond_axe":1,"minecraft:lantern":3,"iceandfire:podium_acacia":2,"minecraft:leather":3,"minecraft:jungle_planks":5,"minecraft:red_wool":2,"minecraft:iron_horse_armor":1,"minecraft:cod":8,"minecraft:cyan_terracotta":1,"minecraft:dark_oak_log":7,"jet_and_elias_armors:knight_m_pink_leggings":1,"minecraft:mutton":9,"minecraft:cut_sandstone":1,"iceandfire:ash":14,"minecraft:gold_ingot":63,"minecraft:gravel":10,"minecraft:mangrove_roots":1,"minecraft:smooth_sandstone_stairs":1,"minecraft:cherry_sapling":1,"minecraft:black_terracotta":1,"iceandfire:frozen_stone":1,"minecraft:acacia_stairs":1,"minecraft:carrot":28,"minecraft:gunpowder":45,"minecraft:azalea":1,"shifu_epic_fight_skill_recipe:sword_scroll":1,"minecraft:chainmail_boots":16,"doggytalents:rice_grains":3,"minecraft:birch_button":2,"minecraft:arrow":29,"iceandfire:deathworm_chitin_yellow":3,"minecraft:netherrack":8,"minecraft:diamond_leggings":3,"minecraft:mangrove_propagule":1,"iceandfire:spawn_egg_ice_dragon":1,"minecraft:tropical_fish":2,"minecraft:spruce_stairs":2,"minecraft:acacia_log":6,"minecraft:grass_block":3,"minecraft:stick":10,"memory_of_the_past:great_drop_of_knowledge":3,"minecraft:mud_brick_wall":1,"iceandfire:creative_dragon_meal":1,"minecraft:torch":4,"minecraft:iron_leggings":1,"epicfight:stone_greatsword":2,"minecraft:flowering_azalea":4,"minecraft:iron_axe":1,"iceandfire:spawn_egg_fire_dragon":1,"minecraft:bucket":1,"epicfight:iron_spear":1,"shifu_epic_fight_skill_recipe:boot_scroll":2,"minecraft:light_gray_terracotta":68,"wom:satsujin":2,"iceandfire:witherbone":1,"minecraft:light_gray_wool":1,"minecraft:stripped_acacia_wood":1,"minecraft:waxed_exposed_cut_copper":3,"alexsmobs:bear_fur":2,"minecraft:filled_map":2,"minecraft:mud_bricks":17,"minecraft:diamond_chestplate":1,"minecraft:iron_chestplate":2,"minecraft:andesite":1,"minecraft:oak_sapling":10,"minecraft:waxed_oxidized_cut_copper":1,"minecraft:diamond_boots":1,"minecraft:slime_ball":2,"minecraft:stripped_crimson_hyphae":1,"iceandfire:fire_dragon_heart":1,"minecraft:stone_pickaxe":23,"minecraft:wooden_pickaxe":1,"wom:diamond_crown":2},"minecraft:used":{"minecraft:chest":22,"iceandfire:spawn_egg_fire_dragon":5,"minecraft:jungle_sapling":2,"wom:solar":23,"minecraft:lava_bucket":1,"minecraft:jungle_fence_gate":2,"minecraft:bow":40,"minecraft:furnace":12,"minecraft:wooden_pickaxe":3,"minecraft:golden_apple":52,"minecraft:sand":5,"minecraft:blast_furnace":1,"minecraft:lectern":413,"minecraft:oak_pressure_plate":2,"minecraft:diamond_sword":504,"minecraft:smithing_table":4,"minecraft:cooked_salmon":3,"minecraft:torch":174,"minecraft:anvil":2,"wom:iron_greataxe":8,"wom:ender_blaster":3,"minecraft:iron_axe":113,"minecraft:mud_bricks":1,"minecraft:diamond_chestplate":1,"minecraft:cobbled_deepslate":6,"minecraft:acacia_planks":66,"minecraft:pointed_dripstone":1,"minecraft:water_bucket":13,"minecraft:waxed_oxidized_cut_copper":3,"minecraft:fletching_table":22,"minecraft:crafting_table":23,"minecraft:cod":1,"minecraft:dark_prismarine":1,"minecraft:diamond_pickaxe":1086,"minecraft:diamond_shovel":199,"minecraft:iron_pickaxe":151,"minecraft:cobblestone":26,"minecraft:cooked_porkchop":12,"epicfight:uchigatana":1,"minecraft:white_terracotta":76,"minecraft:iron_sword":89,"minecraft:player_head":1,"minecraft:iron_chestplate":1,"minecraft:jungle_planks":163,"minecraft:carrot":3,"travelersbackpack:iron":35,"wom:agony":1540,"minecraft:glass":10,"epicfight:skillbook":29,"minecraft:stone_pickaxe":74,"minecraft:oak_planks":31,"minecraft:diamond_axe":3187,"minecraft:white_wool":1,"minecraft:light_gray_terracotta":97,"minecraft:crossbow":11,"iceandfire:silver_axe":32,"minecraft:black_terracotta":2,"waystones:waystone":1,"minecraft:dark_oak_log":1,"minecraft:bread":142,"minecraft:gravel":174,"wom:moonless":3,"minecraft:coarse_dirt":1,"minecraft:netherite_sword":311,"minecraft:flint_and_steel":1,"minecraft:spruce_planks":2,"minecraft:cooked_chicken":1,"minecraft:granite":6,"minecraft:dark_oak_planks":3,"minecraft:wooden_axe":14,"minecraft:waxed_cut_copper":4,"minecraft:iron_boots":1,"minecraft:golden_carrot":12,"wom:antitheus":27,"minecraft:netherite_pickaxe":388,"alexsmobs:banana":10,"minecraft:cooked_beef":65,"minecraft:iron_leggings":1,"minecraft:cooked_mutton":14,"minecraft:acacia_boat":7,"minecraft:baked_potato":4,"minecraft:apple":5,"minecraft:acacia_fence_gate":1,"minecraft:bucket":13},"minecraft:picked_up":{"minecraft:iron_chestplate":1,"minecraft:chainmail_boots":4,"minecraft:smithing_table":4,"minecraft:diamond_sword":3,"minecraft:oak_stairs":3,"minecraft:enchanted_book":1,"minecraft:birch_button":2,"minecraft:brewing_stand":1,"iceandfire:manuscript":15,"minecraft:string":32,"minecraft:diamond_leggings":1,"minecraft:gold_nugget":173,"minecraft:cobbled_deepslate":13,"minecraft:spruce_planks":7,"minecraft:waxed_exposed_cut_copper":3,"minecraft:melon_slice":6,"minecraft:composter":3,"shifu_epic_fight_skill_recipe:sword_scroll":1,"minecraft:acacia_log":142,"iceandfire:lightning_dragon_flesh":8,"minecraft:golden_chestplate":3,"alexsmobs:centipede_leg":1,"minecraft:brown_carpet":4,"travelersbackpack:iron":6,"minecraft:waxed_cut_copper_stairs":7,"minecraft:stone_sword":2,"minecraft:tropical_fish":2,"iceandfire:deathworm_chitin_yellow":3,"iceandfire:fire_dragon_heart":4,"minecraft:cyan_terracotta":1,"minecraft:white_terracotta":528,"minecraft:waxed_cut_copper":6,"minecraft:dune_armor_trim_smithing_template":1,"minecraft:cooked_beef":20,"minecraft:feather":15,"minecraft:jungle_log":2401,"minecraft:jungle_wood":1,"minecraft:flint":28,"iceandfire:dragonegg_sapphire":1,"minecraft:lantern":4,"minecraft:moss_block":2,"minecraft:stripped_acacia_wood":3,"iceandfire:dragon_skull_fire":1,"iceandfire:lightning_dragon_heart":1,"minecraft:acacia_stairs":1,"iceandfire:myrmex_stinger":1,"minecraft:dark_oak_log":8,"minecraft:blue_terracotta":1,"iceandfire:lectern":3,"minecraft:granite":6,"jet_and_elias_armors:knight_m_pink_leggings":1,"minecraft:bread":1,"alexsmobs:maggot":1,"iceandfire:gorgon_head":1,"iceandfire:raw_silver":14,"iceandfire:dragon_skull_lightning":2,"minecraft:crafting_table":16,"iceandfire:witherbone":69,"minecraft:clay_ball":24,"minecraft:leather_leggings":3,"minecraft:white_carpet":3,"wom:diamond_crown":2,"iceandfire:bestiary":3,"minecraft:netherite_sword":3,"minecraft:beef":11,"minecraft:jungle_sapling":98,"minecraft:spruce_slab":7,"minecraft:chest":1,"minecraft:egg":3,"minecraft:sandstone":4,"iceandfire:deathworm_chitin_white":3,"minecraft:carrot":20,"minecraft:netherite_pickaxe":1,"iceandfire:dragonscales_silver":54,"minecraft:gold_ingot":16,"minecraft:totem_of_undying":1,"minecraft:glow_berries":1,"minecraft:mutton":26,"minecraft:white_wool":18,"minecraft:bone_block":89,"minecraft:mud_bricks":18,"iceandfire:sea_serpent_fang":9,"minecraft:red_mushroom":3,"alexsmobs:acacia_blossom":9,"iceandfire:troll_leather_mountain":2,"wom:iron_greataxe":1,"doggytalents:rice_grains":17,"minecraft:filled_map":2,"minecraft:packed_mud":4,"minecraft:oak_log":37,"minecraft:lily_pad":10,"minecraft:golden_boots":2,"minecraft:apple":1,"iceandfire:cannoli":1,"shifu_epic_fight_skill_recipe:boot_scroll":3,"minecraft:iron_sword":2,"minecraft:flowering_azalea":4,"minecraft:dark_oak_stairs":1,"iceandfire:copper_nugget":178,"epicfight:stone_greatsword":2,"epicfight:iron_spear":1,"minecraft:red_wool":2,"minecraft:gravel":185,"minecraft:birch_stairs":12,"iceandfire:dragonscales_copper":8,"minecraft:slime_ball":38,"minecraft:polished_diorite":3,"minecraft:diamond_axe":1,"minecraft:mangrove_propagule":2,"minecraft:ender_pearl":5,"minecraft:wheat":3,"iceandfire:troll_weapon_hammer":1,"iceandfire:myrmex_jungle_chitin":4,"minecraft:raw_copper":20,"minecraft:iron_leggings":2,"iceandfire:sea_serpent_scales_bronze":6,"minecraft:sea_pickle":3,"minecraft:smooth_stone":1,"alexsmobs:banana":21,"minecraft:azalea":1,"iceandfire:dragonscales_red":21,"minecraft:iron_boots":3,"minecraft:furnace":12,"minecraft:tipped_arrow":2,"minecraft:stick":194,"minecraft:acacia_fence":3,"minecraft:oak_fence":2,"minecraft:torch":49,"minecraft:spruce_stairs":2,"epicfight:skillbook":18,"minecraft:porkchop":97,"iceandfire:crackled_gravel":2,"minecraft:pointed_dripstone":1,"minecraft:rotten_flesh":136,"iceandfire:myrmex_desert_chitin":9,"alexsmobs:emu_egg":3,"minecraft:mangrove_roots":1,"minecraft:cod":8,"minecraft:cobblestone":106,"minecraft:andesite":1,"minecraft:beacon":1,"alexsmobs:bear_fur":2,"minecraft:smooth_sandstone_stairs":2,"minecraft:acacia_boat":6,"minecraft:dirt":18,"minecraft:lapis_lazuli":34,"iceandfire:dragonscales_bronze":8,"minecraft:glass":10,"minecraft:bone":210,"minecraft:acacia_planks":26,"iceandfire:myrmex_jungle_resin":3,"minecraft:bow":1,"minecraft:wheat_seeds":32,"minecraft:raw_gold":12,"minecraft:fletching_table":9,"minecraft:oak_planks":16,"minecraft:black_terracotta":7,"minecraft:cooked_porkchop":11,"minecraft:oak_pressure_plate":2,"minecraft:jungle_planks":6,"minecraft:sand":46,"minecraft:nether_brick_stairs":3,"minecraft:grass_block":5,"minecraft:diamond_block":1,"minecraft:dark_prismarine":13,"minecraft:light_gray_terracotta":597,"minecraft:dark_prismarine_slab":2,"minecraft:diamond":17,"minecraft:polished_blackstone_button":2,"minecraft:crossbow":3,"minecraft:grass":1,"minecraft:emerald":16,"minecraft:oak_sapling":19,"minecraft:netherrack":13,"minecraft:chorus_fruit":6,"minecraft:charcoal":8,"minecraft:cocoa_beans":13,"minecraft:waxed_oxidized_cut_copper":4,"minecraft:ladder":4,"alexsmobs:roadrunner_feather":1,"minecraft:diamond_horse_armor":3,"minecraft:chain":1,"minecraft:shield":2,"minecraft:moss_carpet":8,"iceandfire:frozen_stone":1,"minecraft:iron_axe":1,"memory_of_the_past:better_drop_of_knowledge":120,"minecraft:item_frame":2,"takesapillage:ravager_horn":15,"minecraft:player_head":6,"minecraft:light_gray_wool":2,"minecraft:lectern":406,"iceandfire:podium_acacia":2,"minecraft:spruce_trapdoor":5,"minecraft:phantom_membrane":34,"iceandfire:dragonscales_gray":7,"minecraft:stripped_crimson_hyphae":1,"minecraft:raw_iron":125,"iceandfire:dragonbone":72,"minecraft:note_block":8,"minecraft:stone_button":2,"minecraft:iron_horse_armor":1,"minecraft:stone_pressure_plate":1,"minecraft:dark_oak_planks":33,"minecraft:arrow":135,"minecraft:pink_tulip":1,"minecraft:netherite_boots":4,"memory_of_the_past:lesser_drop_of_knowledge":462,"minecraft:air":0,"minecraft:golden_carrot":6,"minecraft:glow_ink_sac":4,"minecraft:salmon":6,"minecraft:cut_sandstone":1,"minecraft:leather":18,"minecraft:gunpowder":57,"minecraft:cooked_mutton":14,"minecraft:gray_carpet":4,"jet_and_elias_armors:knight_m_pink_boots":2,"minecraft:iron_ingot":1,"minecraft:cooked_chicken":1,"minecraft:oxidized_cut_copper":15,"iceandfire:sea_serpent_scales_deepblue":3,"minecraft:acacia_sapling":33,"iceandfire:fire_dragon_flesh":3,"wom:agony":2,"minecraft:book":113,"iceandfire:ash":16,"minecraft:quartz":19,"wom:solar":1,"minecraft:mud_brick_wall":1,"minecraft:spider_eye":6,"shifu_epic_fight_skill_recipe:eye_scroll":1,"minecraft:iron_helmet":1,"minecraft:cherry_sapling":1,"minecraft:black_wool":2,"memory_of_the_past:great_drop_of_knowledge":4,"minecraft:coal":116,"minecraft:sunflower":1},"minecraft:custom":{"minecraft:interact_with_crafting_table":86,"minecraft:open_barrel":74,"minecraft:bell_ring":4,"minecraft:leave_game":14,"minecraft:time_since_death":168302,"minecraft:play_time":1030757,"minecraft:deaths":93,"minecraft:jump":11911,"minecraft:interact_with_furnace":83,"minecraft:traded_with_villager":662,"minecraft:sleep_in_bed":19,"minecraft:waystone_activated":11,"minecraft:damage_dealt":186234,"minecraft:interact_with_smoker":2,"minecraft:inspect_dispenser":2,"minecraft:interact_with_smithing_table":13,"minecraft:interact_with_anvil":17,"minecraft:sneak_time":17577,"minecraft:interact_with_blast_furnace":1,"minecraft:total_world_time":1030757,"minecraft:time_since_rest":38914,"minecraft:swim_one_cm":119548,"minecraft:fly_one_cm":2797233,"minecraft:open_chest":615,"minecraft:fall_one_cm":355996,"minecraft:sprint_one_cm":3079904,"minecraft:drop":566,"minecraft:play_noteblock":15,"minecraft:talked_to_villager":927,"minecraft:walk_on_water_one_cm":131219,"minecraft:interact_with_loom":4,"minecraft:open_enderchest":2,"minecraft:player_kills":5,"minecraft:crouch_one_cm":58153,"minecraft:mob_kills":612,"minecraft:climb_one_cm":65857,"minecraft:walk_one_cm":4297356,"minecraft:walk_under_water_one_cm":23267,"minecraft:boat_one_cm":137576,"minecraft:pot_flower":1,"minecraft:damage_taken":50039,"minecraft:damage_absorbed":1138,"minecraft:trigger_trapped_chest":6},"minecraft:crafted":{"minecraft:smooth_stone":4,"minecraft:chainmail_helmet":28,"minecraft:jungle_fence_gate":2,"minecraft:diamond_shovel":1,"minecraft:bookshelf":7,"minecraft:cooked_mutton":5,"minecraft:glass":12,"iceandfire:armor_silver_metal_chestplate":1,"minecraft:diamond_helmet":2,"minecraft:diamond_leggings":2,"minecraft:emerald":564,"minecraft:cooked_porkchop":9,"minecraft:diamond_axe":3,"minecraft:acacia_slab":24,"travelersbackpack:standard":1,"minecraft:fletching_table":13,"jet_and_elias_armors:dark_crusader_armor_helmet":1,"minecraft:lectern":7,"minecraft:iron_block":6,"minecraft:acacia_fence_gate":1,"minecraft:diamond":207,"travelersbackpack:white_sleeping_bag":1,"minecraft:stone_pickaxe":23,"minecraft:diamond_boots":1,"iceandfire:armor_silver_metal_boots":1,"minecraft:enchanted_book":23,"minecraft:jungle_slab":18,"minecraft:chainmail_boots":12,"minecraft:wooden_axe":2,"minecraft:iron_leggings":1,"minecraft:oak_planks":148,"travelersbackpack:iron":1,"minecraft:stone":12,"minecraft:iron_boots":13,"minecraft:chest":22,"minecraft:crafting_table":11,"minecraft:wooden_pickaxe":1,"minecraft:iron_helmet":1,"minecraft:diamond_pickaxe":1,"minecraft:stick":17837,"minecraft:iron_ingot":88,"minecraft:furnace":2,"minecraft:blast_furnace":1,"minecraft:diamond_block":1,"minecraft:cooked_beef":4,"minecraft:diamond_sword":1,"iceandfire:silver_ingot":12,"iceandfire:dragon_meal":14,"travelersbackpack:backpack_tank":2,"minecraft:iron_sword":1,"minecraft:cooked_salmon":6,"minecraft:bucket":1,"minecraft:acacia_boat":1,"minecraft:air":0,"minecraft:jungle_planks":9153,"minecraft:anvil":2,"minecraft:acacia_planks":372,"minecraft:torch":104,"minecraft:diamond_chestplate":1},"minecraft:mined":{"minecraft:dark_oak_planks":15,"iceandfire:copper_pile":4,"minecraft:black_terracotta":7,"minecraft:jungle_leaves":1,"minecraft:granite":6,"minecraft:acacia_log":144,"minecraft:jungle_log":2434,"travelersbackpack:iron":6,"minecraft:spawner":23,"minecraft:barrel":4,"minecraft:fletching_table":9,"iceandfire:gold_pile":15,"minecraft:oak_stairs":1,"minecraft:smooth_sandstone_stairs":1,"minecraft:cut_sandstone":1,"minecraft:smoker":1,"iceandfire:podium_acacia":3,"minecraft:torch":14,"minecraft:note_block":10,"minecraft:melon":1,"minecraft:smooth_sandstone_slab":1,"minecraft:skeleton_skull":1,"minecraft:white_terracotta":520,"minecraft:jungle_wood":2,"minecraft:grass":21,"minecraft:smooth_quartz":1,"minecraft:deepslate":8,"minecraft:dark_prismarine":8,"iceandfire:silver_ore":14,"minecraft:jungle_planks":5,"minecraft:moss_block":1,"minecraft:waxed_oxidized_cut_copper":3,"minecraft:packed_mud":3,"minecraft:andesite":1,"minecraft:diamond_block":1,"minecraft:vine":57,"minecraft:bone_block":89,"minecraft:smithing_table":4,"minecraft:emerald_ore":1,"minecraft:campfire":4,"minecraft:copper_ore":4,"minecraft:tall_grass":2,"minecraft:deepslate_gold_ore":6,"minecraft:cobblestone_wall":1,"minecraft:dark_prismarine_slab":2,"minecraft:gravel":201,"minecraft:acacia_planks":5,"minecraft:gold_ore":6,"minecraft:waxed_exposed_cut_copper":5,"minecraft:fern":5,"minecraft:spruce_planks":6,"minecraft:stone_pressure_plate":1,"minecraft:cobblestone_stairs":2,"minecraft:brewing_stand":1,"minecraft:spruce_trapdoor":4,"minecraft:stripped_crimson_hyphae":1,"minecraft:grass_block":17,"iceandfire:lectern":4,"minecraft:polished_diorite":2,"minecraft:mud_bricks":18,"minecraft:mud_brick_wall":1,"minecraft:composter":5,"minecraft:iron_ore":88,"minecraft:waxed_cut_copper_stairs":16,"minecraft:waxed_cut_copper":12,"minecraft:clay":1,"minecraft:light_gray_terracotta":539,"minecraft:chest":3,"minecraft:nether_quartz_ore":10,"minecraft:cobblestone":1,"minecraft:oak_planks":11,"minecraft:iron_door":2,"minecraft:wall_torch":23,"minecraft:blue_terracotta":1,"minecraft:oak_log":32,"minecraft:acacia_fence":1,"minecraft:sand":31,"minecraft:netherrack":10,"minecraft:oak_leaves":5,"minecraft:nether_gold_ore":1,"minecraft:diamond_ore":2,"minecraft:red_carpet":1,"minecraft:deepslate_diamond_ore":15,"travelersbackpack:white_sleeping_bag":2,"minecraft:sandstone":2,"minecraft:large_fern":1,"minecraft:furnace":12,"minecraft:acacia_stairs":1,"minecraft:bookshelf":45,"minecraft:deepslate_iron_ore":11,"minecraft:stone":104,"minecraft:crafting_table":16,"minecraft:lectern":406,"minecraft:lapis_ore":6,"minecraft:spruce_stairs":2,"minecraft:sea_pickle":1,"iceandfire:ash":2,"minecraft:coal_ore":52,"minecraft:stripped_acacia_wood":3}},"DataVersion":3465}