{"stats":{"minecraft:mined":{"minecraft:grass":1,"minecraft:acacia_log":38},"minecraft:picked_up":{"memory_of_the_past:lesser_drop_of_knowledge":11,"minecraft:stick":4,"minecraft:wheat":1,"alexsmobs:acacia_blossom":3,"minecraft:acacia_log":41,"doggytalents:rice_grains":1,"wom:solar":1,"minecraft:gunpowder":1,"minecraft:spider_eye":1,"minecraft:string":4,"minecraft:iron_axe":1,"memory_of_the_past:better_drop_of_knowledge":3,"minecraft:arrow":2,"minecraft:bone":1,"minecraft:rotten_flesh":4,"minecraft:wheat_seeds":4,"minecraft:grass":1,"minecraft:emerald":4,"minecraft:acacia_sapling":15,"minecraft:cobblestone":4},"minecraft:killed":{"minecraft:skeleton":1,"minecraft:zombie":2,"iceandfire:fire_dragon":3,"minecraft:spider":1,"shifu_epic_fight_skill_recipe:martialbanditnatural":1,"minecraft:creeper":1},"minecraft:killed_by":{"minecraft:player":6,"shifu_epic_fight_skill_recipe:martialbanditnatural":2},"minecraft:dropped":{"minecraft:grass":4,"wom:solar":1,"minecraft:wheat_seeds":1,"iceandfire:creative_dragon_meal":1,"memory_of_the_past:better_drop_of_knowledge":1,"memory_of_the_past:lesser_drop_of_knowledge":5,"wom:satsujin":2,"minecraft:wheat":1,"minecraft:acacia_sapling":4,"minecraft:spider_spawn_egg":1,"minecraft:cobblestone":7,"minecraft:spider_eye":1,"iceandfire:spawn_egg_ice_dragon":1,"minecraft:arrow":2,"minecraft:string":2,"iceandfire:spawn_egg_fire_dragon":1,"minecraft:acacia_log":6,"minecraft:bone":1,"minecraft:emerald":4},"minecraft:used":{"waystones:waystone":1,"minecraft:wooden_axe":7,"wom:ender_blaster":3,"wom:solar":23,"wom:antitheus":27,"minecraft:crafting_table":1,"iceandfire:silver_axe":32,"minecraft:coarse_dirt":1,"wom:moonless":3,"iceandfire:spawn_egg_fire_dragon":5},"minecraft:custom":{"minecraft:time_since_rest":6654,"minecraft:waystone_activated":1,"minecraft:sprint_one_cm":244639,"minecraft:damage_taken":2609,"minecraft:walk_one_cm":422861,"minecraft:mob_kills":9,"minecraft:drop":46,"minecraft:damage_dealt":5269,"minecraft:player_kills":3,"minecraft:talked_to_villager":3,"minecraft:swim_one_cm":613,"minecraft:interact_with_crafting_table":1,"minecraft:fly_one_cm":799427,"minecraft:open_chest":38,"minecraft:crouch_one_cm":611,"minecraft:play_time":125017,"minecraft:deaths":13,"minecraft:sneak_time":705,"minecraft:walk_under_water_one_cm":597,"minecraft:jump":1100,"minecraft:leave_game":10,"minecraft:time_since_death":6620,"minecraft:walk_on_water_one_cm":2512,"minecraft:climb_one_cm":2476,"minecraft:total_world_time":125017,"minecraft:fall_one_cm":10247},"minecraft:crafted":{"minecraft:crafting_table":1,"minecraft:stick":4,"minecraft:wooden_axe":1,"minecraft:acacia_planks":12}},"DataVersion":3465}