{"stats":{"minecraft:dropped":{"minecraft:acacia_log":6,"minecraft:acacia_sapling":4},"minecraft:mined":{"minecraft:acacia_log":9},"minecraft:custom":{"minecraft:time_since_rest":14446,"minecraft:waystone_activated":1,"minecraft:crouch_one_cm":204,"minecraft:play_time":35113,"minecraft:sprint_one_cm":66643,"minecraft:deaths":1,"minecraft:walk_one_cm":82513,"minecraft:sneak_time":278,"minecraft:mob_kills":1,"minecraft:drop":10,"minecraft:jump":234,"minecraft:damage_dealt":200,"minecraft:leave_game":6,"minecraft:time_since_death":14398,"minecraft:total_world_time":35113,"minecraft:interact_with_crafting_table":1,"minecraft:fall_one_cm":894,"minecraft:fly_one_cm":278695},"minecraft:picked_up":{"minecraft:stick":3,"memory_of_the_past:lesser_drop_of_knowledge":1,"minecraft:acacia_log":12,"minecraft:gunpowder":1,"minecraft:acacia_sapling":8},"minecraft:crafted":{"minecraft:acacia_planks":12,"minecraft:crafting_table":1,"minecraft:stick":4,"minecraft:wooden_axe":1},"minecraft:killed":{"minecraft:creeper":1},"minecraft:used":{"waystones:waystone":1,"minecraft:wooden_axe":7,"minecraft:crafting_table":1}},"DataVersion":3465}