{"stats":{"minecraft:mined":{"minecraft:crafting_table":1,"minecraft:acacia_log":42,"minecraft:grass":2},"minecraft:picked_up":{"memory_of_the_past:lesser_drop_of_knowledge":12,"minecraft:crafting_table":1,"minecraft:wheat":1,"alexsmobs:acacia_blossom":3,"doggytalents:rice_grains":1,"minecraft:gunpowder":1,"minecraft:string":4,"minecraft:iron_axe":1,"memory_of_the_past:better_drop_of_knowledge":4,"minecraft:bone":1,"minecraft:wheat_seeds":4,"minecraft:acacia_sapling":15,"minecraft:stick":4,"minecraft:acacia_log":45,"wom:solar":1,"minecraft:sand":13,"minecraft:spider_eye":1,"minecraft:arrow":3,"minecraft:rotten_flesh":5,"minecraft:grass":1,"minecraft:emerald":4,"minecraft:cobblestone":4},"minecraft:killed":{"minecraft:spider":1,"alexsmobs:rattlesnake":1,"minecraft:creeper":1,"minecraft:skeleton":1,"minecraft:zombie":3,"iceandfire:fire_dragon":3,"shifu_epic_fight_skill_recipe:martialbanditnatural":1},"minecraft:killed_by":{"minecraft:player":7,"shifu_epic_fight_skill_recipe:martialbanditnatural":2,"minecraft:skeleton":2,"minecraft:zombie":1},"minecraft:dropped":{"wom:solar":1,"minecraft:wheat_seeds":1,"memory_of_the_past:better_drop_of_knowledge":1,"wom:satsujin":2,"minecraft:wheat":1,"minecraft:spider_spawn_egg":1,"minecraft:cobblestone":7,"iceandfire:spawn_egg_ice_dragon":1,"minecraft:acacia_log":6,"minecraft:emerald":4,"minecraft:grass":4,"iceandfire:creative_dragon_meal":1,"memory_of_the_past:lesser_drop_of_knowledge":5,"minecraft:acacia_sapling":4,"minecraft:spider_eye":1,"minecraft:arrow":2,"iceandfire:spawn_egg_fire_dragon":1,"minecraft:string":2,"minecraft:bone":1},"minecraft:used":{"epicfight:skillbook":2,"minecraft:crafting_table":2,"iceandfire:spawn_egg_fire_dragon":5,"iceandfire:silver_axe":32,"waystones:waystone":1,"wom:ender_blaster":3,"minecraft:wooden_axe":12,"wom:solar":23,"minecraft:bread":4,"wom:antitheus":27,"wom:moonless":3,"minecraft:coarse_dirt":1},"minecraft:custom":{"minecraft:mob_kills":11,"minecraft:interact_with_crafting_table":2,"minecraft:open_barrel":1,"minecraft:leave_game":10,"minecraft:time_since_death":473,"minecraft:climb_one_cm":5762,"minecraft:time_since_rest":507,"minecraft:waystone_activated":1,"minecraft:sprint_one_cm":330912,"minecraft:damage_taken":3539,"minecraft:walk_one_cm":514189,"minecraft:drop":46,"minecraft:damage_dealt":5549,"minecraft:swim_one_cm":1267,"minecraft:talked_to_villager":3,"minecraft:fly_one_cm":866812,"minecraft:player_kills":3,"minecraft:open_chest":67,"minecraft:crouch_one_cm":649,"minecraft:play_time":143780,"minecraft:deaths":17,"minecraft:sneak_time":714,"minecraft:walk_under_water_one_cm":1018,"minecraft:jump":1400,"minecraft:walk_on_water_one_cm":4741,"minecraft:total_world_time":143780,"minecraft:fall_one_cm":16864},"minecraft:crafted":{"minecraft:crafting_table":2,"minecraft:stick":8,"minecraft:wooden_axe":2,"minecraft:acacia_planks":28}},"DataVersion":3465}