{"stats":{"minecraft:mined":{"iceandfire:silver_ore":13,"minecraft:deepslate_diamond_ore":7,"minecraft:stripped_crimson_hyphae":1,"minecraft:granite":6,"minecraft:acacia_log":87,"minecraft:grass_block":2,"minecraft:spawner":1,"minecraft:large_fern":1,"minecraft:furnace":7,"minecraft:iron_ore":85,"minecraft:barrel":2,"minecraft:deepslate_iron_ore":11,"minecraft:smooth_sandstone_stairs":1,"minecraft:stone":54,"minecraft:crafting_table":8,"minecraft:torch":4,"minecraft:melon":1,"minecraft:tall_grass":2,"minecraft:cobblestone":1,"minecraft:lapis_ore":6,"minecraft:deepslate_gold_ore":6,"minecraft:oak_planks":9,"minecraft:smooth_sandstone_slab":1,"minecraft:wall_torch":6,"minecraft:spruce_stairs":2,"minecraft:grass":3,"minecraft:coal_ore":33,"minecraft:sand":9,"minecraft:gold_ore":6,"minecraft:deepslate":6},"minecraft:picked_up":{"minecraft:crafting_table":9,"minecraft:wheat":1,"minecraft:ladder":4,"minecraft:diamond_sword":1,"alexsmobs:roadrunner_feather":1,"minecraft:chain":1,"iceandfire:manuscript":15,"minecraft:string":11,"minecraft:iron_axe":1,"memory_of_the_past:better_drop_of_knowledge":16,"minecraft:cobbled_deepslate":6,"minecraft:beef":4,"minecraft:light_gray_wool":2,"minecraft:melon_slice":6,"minecraft:furnace":7,"minecraft:stripped_crimson_hyphae":1,"minecraft:sandstone":2,"minecraft:stick":11,"minecraft:raw_iron":96,"minecraft:torch":12,"minecraft:acacia_log":85,"minecraft:spruce_stairs":2,"epicfight:skillbook":2,"minecraft:porkchop":9,"iceandfire:deathworm_chitin_white":3,"minecraft:carrot":11,"minecraft:arrow":15,"minecraft:rotten_flesh":25,"minecraft:tropical_fish":2,"iceandfire:deathworm_chitin_yellow":3,"minecraft:gold_ingot":16,"minecraft:mutton":15,"minecraft:cod":8,"minecraft:white_wool":4,"minecraft:cobblestone":59,"memory_of_the_past:lesser_drop_of_knowledge":70,"minecraft:feather":2,"minecraft:glow_ink_sac":3,"minecraft:salmon":6,"minecraft:leather":5,"alexsmobs:acacia_blossom":7,"minecraft:red_mushroom":3,"wom:iron_greataxe":1,"doggytalents:rice_grains":1,"minecraft:smooth_sandstone_stairs":2,"minecraft:lily_pad":10,"minecraft:gunpowder":5,"minecraft:acacia_boat":6,"minecraft:lapis_lazuli":34,"minecraft:dirt":4,"minecraft:bone":15,"minecraft:acacia_planks":23,"jet_and_elias_armors:knight_m_pink_boots":1,"minecraft:wheat_seeds":5,"minecraft:raw_gold":12,"minecraft:oak_planks":8,"minecraft:acacia_sapling":23,"minecraft:cooked_porkchop":3,"wom:solar":1,"minecraft:gravel":2,"minecraft:sand":23,"minecraft:spider_eye":2,"minecraft:diamond":7,"minecraft:granite":6,"minecraft:grass":1,"minecraft:emerald":6,"minecraft:coal":33,"iceandfire:raw_silver":13,"minecraft:ender_pearl":1},"minecraft:killed":{"alexsmobs:tarantula_hawk":1,"minecraft:vindicator":4,"minecraft:spider":9,"alexsmobs:rattlesnake":2,"minecraft:skeleton":12,"iceandfire:fire_dragon":4,"iceandfire:deathworm":2,"minecraft:husk":4,"minecraft:pig":4,"minecraft:creeper":5,"minecraft:sheep":4,"minecraft:pillager":8,"minecraft:zombie":16,"iceandfire:ghost":3,"alexsmobs:roadrunner":1,"shifu_epic_fight_skill_recipe:martialbanditnatural":1,"minecraft:cow":3,"minecraft:enderman":1},"minecraft:killed_by":{"minecraft:player":7,"alexsmobs:rocky_roller":2,"shifu_epic_fight_skill_recipe:martialbanditnatural":3,"iceandfire:deathworm":2,"minecraft:skeleton":13,"minecraft:zombie":1,"iceandfire:ghost":2,"iceandfire:fire_dragon":3},"minecraft:used":{"minecraft:flint_and_steel":1,"minecraft:iron_sword":70,"minecraft:torch":61,"minecraft:carrot":3,"iceandfire:spawn_egg_fire_dragon":5,"minecraft:granite":6,"wom:iron_greataxe":2,"minecraft:wooden_axe":14,"wom:ender_blaster":3,"wom:solar":23,"minecraft:iron_axe":113,"minecraft:iron_boots":1,"minecraft:bow":2,"wom:antitheus":27,"minecraft:furnace":7,"minecraft:cooked_beef":4,"minecraft:acacia_planks":63,"minecraft:cobbled_deepslate":2,"epicfight:skillbook":5,"minecraft:acacia_boat":7,"minecraft:water_bucket":9,"minecraft:baked_potato":4,"minecraft:oak_planks":5,"minecraft:stone_pickaxe":74,"minecraft:wooden_pickaxe":3,"minecraft:sand":5,"minecraft:crafting_table":10,"minecraft:cod":1,"iceandfire:silver_axe":32,"waystones:waystone":1,"minecraft:diamond_pickaxe":23,"minecraft:bread":48,"minecraft:iron_pickaxe":149,"minecraft:diamond_sword":129,"minecraft:cobblestone":26,"minecraft:cooked_porkchop":9,"minecraft:bucket":9,"wom:moonless":3,"minecraft:coarse_dirt":1},"minecraft:dropped":{"iceandfire:raw_silver":1,"minecraft:wheat_seeds":2,"wom:solar":1,"minecraft:lapis_lazuli":1,"minecraft:glow_ink_sac":3,"memory_of_the_past:better_drop_of_knowledge":1,"minecraft:crafting_table":2,"minecraft:cooked_porkchop":3,"minecraft:feather":2,"minecraft:spider_spawn_egg":1,"minecraft:cobblestone":15,"minecraft:book":1,"iceandfire:spawn_egg_ice_dragon":1,"minecraft:tropical_fish":2,"minecraft:spruce_stairs":2,"minecraft:acacia_log":6,"minecraft:red_mushroom":3,"minecraft:cod":8,"minecraft:stick":6,"minecraft:emerald":4,"minecraft:dirt":4,"minecraft:grass":4,"alexsmobs:roadrunner_feather":1,"iceandfire:creative_dragon_meal":1,"minecraft:mutton":9,"memory_of_the_past:lesser_drop_of_knowledge":5,"minecraft:chain":1,"minecraft:iron_axe":1,"minecraft:sand":18,"iceandfire:spawn_egg_fire_dragon":1,"minecraft:paper":4,"minecraft:string":9,"minecraft:lily_pad":9,"minecraft:white_wool":1,"minecraft:acacia_planks":54,"minecraft:bone":15,"minecraft:gravel":2,"alexsmobs:acacia_blossom":4,"minecraft:cobbled_deepslate":4,"minecraft:smooth_sandstone_stairs":1,"wom:satsujin":2,"minecraft:wheat":1,"minecraft:rotten_flesh":21,"minecraft:light_gray_wool":1,"minecraft:oak_planks":3,"minecraft:iron_boots":1,"minecraft:carrot":11,"minecraft:diamond_sword":1,"minecraft:gunpowder":4,"minecraft:ladder":4,"minecraft:acacia_sapling":12,"minecraft:spider_eye":2,"minecraft:stripped_crimson_hyphae":1,"minecraft:arrow":2,"minecraft:stone_pickaxe":1,"minecraft:wooden_pickaxe":1,"iceandfire:deathworm_chitin_yellow":3,"iceandfire:manuscript":30},"minecraft:custom":{"minecraft:mob_kills":86,"minecraft:interact_with_crafting_table":20,"minecraft:open_barrel":22,"minecraft:leave_game":10,"minecraft:time_since_death":316,"minecraft:climb_one_cm":17688,"minecraft:sprint_one_cm":759709,"minecraft:walk_one_cm":1005131,"minecraft:drop":148,"minecraft:talked_to_villager":3,"minecraft:play_time":269780,"minecraft:deaths":38,"minecraft:sneak_time":4947,"minecraft:walk_under_water_one_cm":5549,"minecraft:boat_one_cm":137576,"minecraft:jump":4441,"minecraft:interact_with_blast_furnace":1,"minecraft:walk_on_water_one_cm":29040,"minecraft:total_world_time":269780,"minecraft:interact_with_furnace":40,"minecraft:interact_with_loom":1,"minecraft:time_since_rest":346,"minecraft:waystone_activated":3,"minecraft:damage_taken":13099,"minecraft:trigger_trapped_chest":5,"minecraft:damage_dealt":21743,"minecraft:swim_one_cm":38523,"minecraft:fly_one_cm":1253766,"minecraft:player_kills":3,"minecraft:open_chest":97,"minecraft:crouch_one_cm":13569,"minecraft:fall_one_cm":61559},"minecraft:crafted":{"minecraft:furnace":2,"iceandfire:armor_silver_metal_chestplate":1,"travelersbackpack:white_sleeping_bag":1,"minecraft:stone_pickaxe":1,"iceandfire:armor_silver_metal_boots":1,"minecraft:cooked_beef":4,"minecraft:diamond_sword":1,"minecraft:cooked_porkchop":9,"iceandfire:silver_ingot":12,"minecraft:crafting_table":4,"minecraft:wooden_pickaxe":1,"minecraft:iron_sword":1,"minecraft:acacia_boat":1,"minecraft:air":0,"minecraft:diamond_pickaxe":1,"minecraft:stick":32,"minecraft:iron_ingot":63,"minecraft:wooden_axe":2,"minecraft:acacia_planks":188,"minecraft:torch":76}},"DataVersion":3465}