{"stats":{"minecraft:dropped":{"minecraft:acacia_log":6,"minecraft:acacia_sapling":4},"minecraft:mined":{"minecraft:acacia_log":9},"minecraft:custom":{"minecraft:time_since_rest":22350,"minecraft:waystone_activated":1,"minecraft:crouch_one_cm":247,"minecraft:play_time":43017,"minecraft:sprint_one_cm":72739,"minecraft:deaths":1,"minecraft:walk_one_cm":120407,"minecraft:sneak_time":426,"minecraft:mob_kills":1,"minecraft:drop":10,"minecraft:jump":287,"minecraft:damage_dealt":320,"minecraft:leave_game":6,"minecraft:time_since_death":22302,"minecraft:total_world_time":43017,"minecraft:interact_with_crafting_table":1,"minecraft:fall_one_cm":894,"minecraft:fly_one_cm":287839},"minecraft:picked_up":{"memory_of_the_past:better_drop_of_knowledge":1,"minecraft:stick":3,"memory_of_the_past:lesser_drop_of_knowledge":1,"minecraft:acacia_log":12,"minecraft:gunpowder":1,"minecraft:acacia_sapling":8,"minecraft:string":1},"minecraft:crafted":{"minecraft:acacia_planks":12,"minecraft:crafting_table":1,"minecraft:stick":4,"minecraft:wooden_axe":1},"minecraft:killed":{"minecraft:creeper":1},"minecraft:used":{"waystones:waystone":1,"minecraft:wooden_axe":7,"minecraft:crafting_table":1}},"DataVersion":3465}