{"stats":{"minecraft:mined":{"minecraft:crafting_table":4,"minecraft:acacia_log":77,"minecraft:tall_grass":1,"minecraft:grass":3,"minecraft:coal_ore":21,"minecraft:stone":5},"minecraft:picked_up":{"memory_of_the_past:lesser_drop_of_knowledge":20,"minecraft:crafting_table":4,"minecraft:wheat":1,"minecraft:leather":4,"alexsmobs:acacia_blossom":5,"doggytalents:rice_grains":1,"minecraft:gunpowder":1,"minecraft:string":6,"minecraft:iron_axe":1,"memory_of_the_past:better_drop_of_knowledge":4,"minecraft:bone":1,"minecraft:wheat_seeds":4,"minecraft:beef":2,"minecraft:acacia_sapling":22,"minecraft:stick":10,"minecraft:acacia_log":75,"wom:solar":1,"minecraft:porkchop":9,"minecraft:sand":13,"minecraft:spider_eye":1,"minecraft:arrow":5,"minecraft:rotten_flesh":7,"minecraft:grass":1,"minecraft:emerald":4,"minecraft:coal":21,"minecraft:cobblestone":9},"minecraft:killed":{"minecraft:husk":1,"minecraft:pig":4,"minecraft:spider":2,"alexsmobs:rattlesnake":1,"minecraft:creeper":1,"minecraft:skeleton":1,"minecraft:zombie":3,"iceandfire:fire_dragon":3,"shifu_epic_fight_skill_recipe:martialbanditnatural":1,"minecraft:cow":2},"minecraft:killed_by":{"minecraft:player":7,"shifu_epic_fight_skill_recipe:martialbanditnatural":2,"minecraft:skeleton":5,"minecraft:zombie":1},"minecraft:dropped":{"wom:solar":1,"minecraft:wheat_seeds":1,"memory_of_the_past:better_drop_of_knowledge":1,"wom:satsujin":2,"minecraft:wheat":1,"minecraft:spider_spawn_egg":1,"minecraft:cobblestone":7,"iceandfire:spawn_egg_ice_dragon":1,"minecraft:acacia_log":6,"minecraft:emerald":4,"minecraft:grass":4,"iceandfire:creative_dragon_meal":1,"memory_of_the_past:lesser_drop_of_knowledge":5,"minecraft:acacia_sapling":4,"minecraft:spider_eye":1,"minecraft:arrow":2,"iceandfire:spawn_egg_fire_dragon":1,"minecraft:string":2,"minecraft:bone":1},"minecraft:used":{"epicfight:skillbook":2,"minecraft:stone_pickaxe":23,"minecraft:wooden_pickaxe":3,"minecraft:crafting_table":5,"iceandfire:spawn_egg_fire_dragon":5,"iceandfire:silver_axe":32,"waystones:waystone":1,"wom:ender_blaster":3,"minecraft:wooden_axe":14,"wom:solar":23,"minecraft:iron_axe":50,"minecraft:bread":7,"wom:antitheus":27,"wom:moonless":3,"minecraft:coarse_dirt":1},"minecraft:custom":{"minecraft:mob_kills":19,"minecraft:interact_with_crafting_table":5,"minecraft:open_barrel":1,"minecraft:leave_game":10,"minecraft:time_since_death":1169,"minecraft:climb_one_cm":6410,"minecraft:time_since_rest":1236,"minecraft:waystone_activated":1,"minecraft:sprint_one_cm":410492,"minecraft:damage_taken":4539,"minecraft:walk_one_cm":556657,"minecraft:drop":46,"minecraft:damage_dealt":6569,"minecraft:swim_one_cm":1267,"minecraft:talked_to_villager":3,"minecraft:fly_one_cm":914510,"minecraft:player_kills":3,"minecraft:open_chest":72,"minecraft:crouch_one_cm":1518,"minecraft:play_time":155780,"minecraft:deaths":20,"minecraft:sneak_time":947,"minecraft:walk_under_water_one_cm":1018,"minecraft:jump":1628,"minecraft:walk_on_water_one_cm":6736,"minecraft:total_world_time":155780,"minecraft:fall_one_cm":21791},"minecraft:crafted":{"minecraft:crafting_table":3,"minecraft:wooden_pickaxe":1,"minecraft:stick":24,"minecraft:stone_pickaxe":1,"minecraft:wooden_axe":2,"minecraft:acacia_planks":88,"minecraft:torch":48}},"DataVersion":3465}