{"stats":{"minecraft:mined":{"iceandfire:silver_ore":3,"minecraft:crafting_table":4,"minecraft:acacia_log":87,"minecraft:grass_block":2,"minecraft:tall_grass":1,"minecraft:wall_torch":1,"minecraft:grass":3,"minecraft:coal_ore":23,"minecraft:stone":5},"minecraft:picked_up":{"memory_of_the_past:lesser_drop_of_knowledge":22,"minecraft:crafting_table":4,"minecraft:wheat":1,"minecraft:leather":4,"alexsmobs:acacia_blossom":5,"doggytalents:rice_grains":1,"minecraft:lily_pad":9,"minecraft:gunpowder":3,"minecraft:acacia_boat":3,"minecraft:dirt":2,"minecraft:string":8,"minecraft:iron_axe":1,"memory_of_the_past:better_drop_of_knowledge":5,"minecraft:bone":1,"minecraft:wheat_seeds":4,"minecraft:beef":2,"minecraft:acacia_sapling":23,"minecraft:stick":11,"minecraft:torch":2,"minecraft:acacia_log":85,"wom:solar":1,"minecraft:porkchop":9,"minecraft:sand":13,"minecraft:spider_eye":1,"minecraft:arrow":5,"minecraft:rotten_flesh":7,"minecraft:grass":1,"minecraft:emerald":4,"minecraft:coal":23,"iceandfire:raw_silver":3,"minecraft:cobblestone":9},"minecraft:killed":{"minecraft:husk":1,"minecraft:pig":4,"minecraft:spider":3,"alexsmobs:rattlesnake":1,"minecraft:creeper":3,"minecraft:skeleton":1,"minecraft:zombie":3,"iceandfire:fire_dragon":3,"shifu_epic_fight_skill_recipe:martialbanditnatural":1,"minecraft:cow":2},"minecraft:killed_by":{"minecraft:player":7,"shifu_epic_fight_skill_recipe:martialbanditnatural":3,"minecraft:skeleton":6,"minecraft:zombie":1},"minecraft:dropped":{"wom:solar":1,"minecraft:wheat_seeds":1,"memory_of_the_past:better_drop_of_knowledge":1,"wom:satsujin":2,"minecraft:wheat":1,"minecraft:spider_spawn_egg":1,"minecraft:cobblestone":7,"iceandfire:spawn_egg_ice_dragon":1,"minecraft:acacia_log":6,"minecraft:emerald":4,"minecraft:grass":4,"iceandfire:creative_dragon_meal":1,"memory_of_the_past:lesser_drop_of_knowledge":5,"minecraft:acacia_sapling":4,"minecraft:spider_eye":1,"minecraft:arrow":2,"iceandfire:spawn_egg_fire_dragon":1,"minecraft:string":2,"minecraft:lily_pad":8,"minecraft:bone":1},"minecraft:used":{"minecraft:acacia_boat":3,"epicfight:skillbook":2,"minecraft:stone_pickaxe":30,"minecraft:wooden_pickaxe":3,"minecraft:torch":4,"minecraft:crafting_table":6,"iceandfire:spawn_egg_fire_dragon":5,"iceandfire:silver_axe":32,"waystones:waystone":1,"wom:ender_blaster":3,"minecraft:wooden_axe":14,"wom:solar":23,"minecraft:iron_axe":68,"minecraft:bread":10,"wom:antitheus":27,"wom:moonless":3,"minecraft:coarse_dirt":1},"minecraft:custom":{"minecraft:mob_kills":22,"minecraft:interact_with_crafting_table":6,"minecraft:open_barrel":1,"minecraft:leave_game":10,"minecraft:time_since_death":233,"minecraft:climb_one_cm":6410,"minecraft:time_since_rest":264,"minecraft:waystone_activated":2,"minecraft:sprint_one_cm":454167,"minecraft:damage_taken":5119,"minecraft:walk_one_cm":581514,"minecraft:drop":54,"minecraft:damage_dealt":7253,"minecraft:swim_one_cm":1986,"minecraft:talked_to_villager":3,"minecraft:fly_one_cm":947096,"minecraft:player_kills":3,"minecraft:open_chest":73,"minecraft:crouch_one_cm":1784,"minecraft:play_time":167780,"minecraft:deaths":22,"minecraft:sneak_time":1058,"minecraft:walk_under_water_one_cm":2283,"minecraft:boat_one_cm":100889,"minecraft:jump":1863,"minecraft:walk_on_water_one_cm":8361,"minecraft:total_world_time":167780,"minecraft:fall_one_cm":27915},"minecraft:crafted":{"minecraft:crafting_table":3,"minecraft:wooden_pickaxe":1,"minecraft:acacia_boat":1,"minecraft:stick":24,"minecraft:stone_pickaxe":1,"minecraft:wooden_axe":2,"minecraft:acacia_planks":88,"minecraft:torch":48}},"DataVersion":3465}