{"stats":{"minecraft:mined":{"iceandfire:silver_ore":7,"minecraft:granite":4,"minecraft:crafting_table":5,"minecraft:torch":3,"minecraft:acacia_log":87,"minecraft:grass_block":2,"minecraft:tall_grass":2,"minecraft:lapis_ore":2,"minecraft:wall_torch":2,"minecraft:large_fern":1,"minecraft:furnace":2,"minecraft:iron_ore":29,"minecraft:grass":3,"minecraft:coal_ore":33,"minecraft:deepslate_iron_ore":9,"minecraft:stone":36,"minecraft:deepslate":3},"minecraft:picked_up":{"memory_of_the_past:lesser_drop_of_knowledge":37,"minecraft:crafting_table":6,"minecraft:wheat":1,"minecraft:glow_ink_sac":2,"minecraft:leather":5,"alexsmobs:acacia_blossom":7,"doggytalents:rice_grains":1,"minecraft:lily_pad":10,"minecraft:gunpowder":3,"minecraft:acacia_boat":4,"minecraft:lapis_lazuli":12,"minecraft:dirt":4,"minecraft:string":8,"minecraft:iron_axe":1,"memory_of_the_past:better_drop_of_knowledge":7,"minecraft:bone":3,"minecraft:wheat_seeds":5,"minecraft:cobbled_deepslate":3,"minecraft:beef":4,"minecraft:acacia_sapling":23,"minecraft:furnace":2,"minecraft:raw_iron":38,"minecraft:stick":11,"epicfight:skillbook":2,"minecraft:torch":6,"minecraft:acacia_log":85,"wom:solar":1,"minecraft:porkchop":9,"minecraft:sand":13,"minecraft:spider_eye":1,"minecraft:arrow":8,"minecraft:rotten_flesh":13,"minecraft:granite":3,"minecraft:grass":1,"minecraft:emerald":4,"minecraft:coal":33,"iceandfire:raw_silver":7,"minecraft:cobblestone":40},"minecraft:killed":{"minecraft:husk":1,"minecraft:pig":4,"minecraft:spider":3,"alexsmobs:rattlesnake":1,"minecraft:creeper":4,"minecraft:skeleton":5,"minecraft:zombie":12,"iceandfire:fire_dragon":3,"iceandfire:ghost":3,"shifu_epic_fight_skill_recipe:martialbanditnatural":1,"minecraft:cow":3},"minecraft:killed_by":{"minecraft:player":7,"alexsmobs:rocky_roller":1,"shifu_epic_fight_skill_recipe:martialbanditnatural":3,"minecraft:skeleton":7,"minecraft:zombie":1,"iceandfire:ghost":1},"minecraft:dropped":{"wom:solar":1,"minecraft:wheat_seeds":2,"alexsmobs:acacia_blossom":4,"memory_of_the_past:better_drop_of_knowledge":1,"minecraft:cobbled_deepslate":3,"minecraft:crafting_table":1,"wom:satsujin":2,"minecraft:wheat":1,"minecraft:rotten_flesh":9,"minecraft:spider_spawn_egg":1,"minecraft:cobblestone":15,"minecraft:book":1,"iceandfire:spawn_egg_ice_dragon":1,"minecraft:acacia_log":6,"minecraft:emerald":4,"minecraft:dirt":4,"minecraft:grass":4,"minecraft:gunpowder":2,"iceandfire:creative_dragon_meal":1,"memory_of_the_past:lesser_drop_of_knowledge":5,"minecraft:acacia_sapling":12,"minecraft:spider_eye":1,"minecraft:sand":13,"minecraft:arrow":2,"minecraft:stone_pickaxe":1,"minecraft:wooden_pickaxe":1,"iceandfire:spawn_egg_fire_dragon":1,"minecraft:string":6,"minecraft:lily_pad":9,"minecraft:bone":2},"minecraft:used":{"minecraft:water_bucket":1,"minecraft:acacia_boat":4,"epicfight:skillbook":3,"minecraft:stone_pickaxe":74,"minecraft:wooden_pickaxe":3,"minecraft:iron_sword":39,"minecraft:torch":22,"minecraft:crafting_table":7,"iceandfire:spawn_egg_fire_dragon":5,"iceandfire:silver_axe":32,"waystones:waystone":1,"wom:ender_blaster":3,"minecraft:wooden_axe":14,"wom:solar":23,"minecraft:iron_pickaxe":50,"minecraft:iron_axe":88,"minecraft:bread":22,"wom:antitheus":27,"minecraft:furnace":2,"minecraft:bucket":1,"wom:moonless":3,"minecraft:coarse_dirt":1,"minecraft:acacia_planks":16},"minecraft:custom":{"minecraft:interact_with_furnace":7,"minecraft:mob_kills":42,"minecraft:interact_with_crafting_table":12,"minecraft:open_barrel":1,"minecraft:leave_game":10,"minecraft:time_since_death":3427,"minecraft:climb_one_cm":6485,"minecraft:time_since_rest":3494,"minecraft:waystone_activated":2,"minecraft:sprint_one_cm":523177,"minecraft:damage_taken":6537,"minecraft:walk_one_cm":680180,"minecraft:trigger_trapped_chest":3,"minecraft:drop":80,"minecraft:damage_dealt":11272,"minecraft:swim_one_cm":5302,"minecraft:talked_to_villager":3,"minecraft:fly_one_cm":1004835,"minecraft:player_kills":3,"minecraft:open_chest":73,"minecraft:crouch_one_cm":5377,"minecraft:play_time":191780,"minecraft:deaths":25,"minecraft:sneak_time":1980,"minecraft:walk_under_water_one_cm":2797,"minecraft:boat_one_cm":119108,"minecraft:jump":2220,"minecraft:walk_on_water_one_cm":14666,"minecraft:total_world_time":191780,"minecraft:fall_one_cm":35326},"minecraft:crafted":{"iceandfire:silver_ingot":7,"minecraft:crafting_table":3,"minecraft:wooden_pickaxe":1,"minecraft:iron_sword":1,"minecraft:furnace":2,"minecraft:acacia_boat":1,"minecraft:air":0,"minecraft:stick":24,"minecraft:iron_ingot":6,"minecraft:stone_pickaxe":1,"minecraft:wooden_axe":2,"minecraft:acacia_planks":88,"minecraft:torch":48}},"DataVersion":3465}