{"stats":{"minecraft:crafted":{"minecraft:crafting_table":1,"minecraft:stick":4,"minecraft:wooden_axe":1,"minecraft:acacia_planks":12},"minecraft:dropped":{"minecraft:grass":4,"wom:solar":1,"minecraft:wheat_seeds":1,"iceandfire:creative_dragon_meal":1,"memory_of_the_past:better_drop_of_knowledge":1,"memory_of_the_past:lesser_drop_of_knowledge":2,"wom:satsujin":2,"minecraft:wheat":1,"minecraft:acacia_sapling":4,"minecraft:spider_spawn_egg":1,"minecraft:cobblestone":4,"minecraft:spider_eye":1,"iceandfire:spawn_egg_ice_dragon":1,"iceandfire:spawn_egg_fire_dragon":1,"minecraft:string":2,"minecraft:acacia_log":6},"minecraft:mined":{"minecraft:grass":1,"minecraft:acacia_log":38},"minecraft:killed_by":{"minecraft:player":4},"minecraft:custom":{"minecraft:time_since_rest":18381,"minecraft:waystone_activated":1,"minecraft:sprint_one_cm":215810,"minecraft:damage_taken":1146,"minecraft:walk_one_cm":390642,"minecraft:mob_kills":6,"minecraft:drop":33,"minecraft:damage_dealt":4738,"minecraft:talked_to_villager":3,"minecraft:swim_one_cm":613,"minecraft:interact_with_crafting_table":1,"minecraft:player_kills":2,"minecraft:fly_one_cm":761980,"minecraft:open_chest":38,"minecraft:crouch_one_cm":601,"minecraft:play_time":112012,"minecraft:deaths":8,"minecraft:sneak_time":695,"minecraft:walk_under_water_one_cm":597,"minecraft:jump":946,"minecraft:leave_game":7,"minecraft:time_since_death":18324,"minecraft:walk_on_water_one_cm":2464,"minecraft:climb_one_cm":2476,"minecraft:total_world_time":112012,"minecraft:fall_one_cm":4153},"minecraft:killed":{"minecraft:zombie":1,"iceandfire:fire_dragon":3,"minecraft:spider":1,"minecraft:creeper":1},"minecraft:used":{"wom:ender_blaster":2,"waystones:waystone":1,"minecraft:wooden_axe":7,"wom:solar":23,"wom:antitheus":27,"minecraft:crafting_table":1,"iceandfire:silver_axe":32,"minecraft:coarse_dirt":1,"wom:moonless":3,"iceandfire:spawn_egg_fire_dragon":5},"minecraft:picked_up":{"memory_of_the_past:lesser_drop_of_knowledge":7,"minecraft:stick":4,"minecraft:wheat":1,"alexsmobs:acacia_blossom":2,"minecraft:acacia_log":41,"wom:solar":1,"doggytalents:rice_grains":1,"minecraft:gunpowder":1,"minecraft:spider_eye":1,"minecraft:string":4,"minecraft:iron_axe":1,"memory_of_the_past:better_drop_of_knowledge":2,"minecraft:wheat_seeds":4,"minecraft:grass":1,"minecraft:acacia_sapling":15,"minecraft:cobblestone":4}},"DataVersion":3465}