{"stats":{"minecraft:mined":{"minecraft:stone_pressure_plate":1,"iceandfire:silver_ore":13,"minecraft:deepslate_diamond_ore":7,"minecraft:stripped_crimson_hyphae":1,"minecraft:granite":6,"minecraft:acacia_log":87,"minecraft:grass_block":2,"minecraft:sandstone":2,"minecraft:spawner":1,"minecraft:large_fern":1,"minecraft:furnace":10,"minecraft:iron_ore":85,"minecraft:barrel":2,"minecraft:deepslate_iron_ore":11,"minecraft:smooth_sandstone_stairs":1,"minecraft:stone":58,"minecraft:smithing_table":2,"minecraft:cut_sandstone":1,"minecraft:crafting_table":11,"minecraft:torch":4,"minecraft:melon":1,"minecraft:tall_grass":2,"minecraft:cobblestone":1,"minecraft:lapis_ore":6,"minecraft:deepslate_gold_ore":6,"minecraft:oak_planks":9,"minecraft:smooth_sandstone_slab":1,"minecraft:wall_torch":6,"minecraft:spruce_stairs":2,"minecraft:blue_terracotta":1,"minecraft:grass":3,"minecraft:coal_ore":51,"minecraft:sand":31,"minecraft:gold_ore":6,"minecraft:deepslate":6},"minecraft:picked_up":{"minecraft:crafting_table":12,"minecraft:wheat":1,"minecraft:ladder":4,"minecraft:smithing_table":2,"minecraft:diamond_sword":1,"alexsmobs:roadrunner_feather":1,"minecraft:chain":1,"iceandfire:manuscript":15,"minecraft:string":13,"minecraft:iron_axe":1,"memory_of_the_past:better_drop_of_knowledge":22,"minecraft:cobbled_deepslate":6,"minecraft:beef":4,"minecraft:light_gray_wool":2,"minecraft:melon_slice":6,"minecraft:iron_boots":2,"minecraft:furnace":10,"minecraft:stripped_crimson_hyphae":1,"minecraft:sandstone":4,"minecraft:stick":11,"minecraft:raw_iron":122,"shifu_epic_fight_skill_recipe:sword_scroll":1,"minecraft:torch":12,"minecraft:acacia_log":85,"minecraft:spruce_stairs":2,"epicfight:skillbook":4,"minecraft:porkchop":9,"iceandfire:deathworm_chitin_white":3,"minecraft:carrot":20,"minecraft:stone_pressure_plate":1,"minecraft:arrow":16,"minecraft:rotten_flesh":52,"minecraft:tropical_fish":2,"iceandfire:deathworm_chitin_yellow":3,"iceandfire:myrmex_desert_chitin":3,"minecraft:gold_ingot":16,"minecraft:mutton":22,"minecraft:cod":8,"minecraft:white_wool":7,"minecraft:cobblestone":59,"minecraft:dune_armor_trim_smithing_template":1,"memory_of_the_past:lesser_drop_of_knowledge":92,"minecraft:feather":3,"iceandfire:sea_serpent_fang":4,"minecraft:glow_ink_sac":3,"minecraft:salmon":6,"minecraft:cut_sandstone":1,"minecraft:leather":5,"alexsmobs:acacia_blossom":7,"minecraft:red_mushroom":3,"wom:iron_greataxe":1,"doggytalents:rice_grains":1,"minecraft:smooth_sandstone_stairs":2,"minecraft:lily_pad":10,"minecraft:gunpowder":5,"minecraft:acacia_boat":6,"minecraft:lapis_lazuli":34,"minecraft:dirt":4,"minecraft:glass":10,"minecraft:bone":17,"minecraft:acacia_planks":23,"jet_and_elias_armors:knight_m_pink_boots":2,"minecraft:bow":1,"minecraft:wheat_seeds":5,"minecraft:raw_gold":12,"shifu_epic_fight_skill_recipe:boot_scroll":1,"iceandfire:sea_serpent_scales_deepblue":3,"minecraft:oak_planks":8,"minecraft:acacia_sapling":23,"minecraft:cooked_porkchop":3,"epicfight:iron_spear":1,"wom:solar":1,"minecraft:gravel":2,"minecraft:sand":46,"iceandfire:myrmex_stinger":1,"minecraft:spider_eye":2,"minecraft:blue_terracotta":1,"minecraft:diamond":7,"minecraft:granite":6,"minecraft:grass":1,"minecraft:emerald":14,"minecraft:black_wool":1,"minecraft:coal":65,"iceandfire:raw_silver":13,"minecraft:ender_pearl":2},"minecraft:killed":{"alexsmobs:tarantula_hawk":1,"minecraft:vindicator":4,"minecraft:spider":10,"alexsmobs:rattlesnake":2,"minecraft:skeleton":14,"iceandfire:fire_dragon":4,"shifu_epic_fight_skill_recipe:bandit_captain":1,"iceandfire:deathworm":3,"iceandfire:myrmex_sentinel":1,"minecraft:husk":8,"minecraft:pig":4,"minecraft:creeper":5,"minecraft:sheep":8,"minecraft:pillager":9,"minecraft:zombie":19,"iceandfire:ghost":4,"shifu_epic_fight_skill_recipe:martialbandit":10,"alexsmobs:roadrunner":2,"shifu_epic_fight_skill_recipe:martialbanditnatural":1,"iceandfire:sea_serpent":1,"minecraft:cow":3,"minecraft:enderman":2},"minecraft:killed_by":{"minecraft:player":7,"alexsmobs:rocky_roller":2,"shifu_epic_fight_skill_recipe:martialbanditnatural":4,"iceandfire:deathworm":3,"minecraft:creeper":1,"shifu_epic_fight_skill_recipe:martialbanditleader":1,"shifu_epic_fight_skill_recipe:martialbandit":2,"minecraft:skeleton":13,"minecraft:zombie":1,"shifu_epic_fight_skill_recipe:bandit_captain":1,"iceandfire:ghost":2,"iceandfire:fire_dragon":3},"minecraft:used":{"minecraft:flint_and_steel":1,"minecraft:iron_sword":89,"minecraft:torch":61,"minecraft:carrot":3,"travelersbackpack:iron":4,"iceandfire:spawn_egg_fire_dragon":5,"minecraft:granite":6,"wom:iron_greataxe":8,"wom:agony":12,"minecraft:wooden_axe":14,"wom:ender_blaster":3,"wom:solar":23,"minecraft:iron_axe":113,"minecraft:iron_boots":1,"minecraft:bow":33,"wom:antitheus":27,"minecraft:furnace":10,"minecraft:cooked_beef":21,"minecraft:acacia_planks":63,"minecraft:cobbled_deepslate":2,"epicfight:skillbook":8,"minecraft:acacia_boat":7,"minecraft:water_bucket":10,"minecraft:baked_potato":4,"minecraft:oak_planks":5,"minecraft:stone_pickaxe":74,"minecraft:wooden_pickaxe":3,"minecraft:diamond_axe":2,"minecraft:white_wool":1,"minecraft:sand":5,"minecraft:crafting_table":13,"minecraft:crossbow":5,"minecraft:cod":1,"iceandfire:silver_axe":32,"waystones:waystone":1,"minecraft:diamond_pickaxe":77,"minecraft:apple":3,"minecraft:bread":51,"minecraft:iron_pickaxe":149,"minecraft:diamond_sword":184,"minecraft:cobblestone":26,"minecraft:cooked_porkchop":10,"minecraft:smithing_table":1,"minecraft:bucket":10,"epicfight:uchigatana":1,"wom:moonless":3,"minecraft:coarse_dirt":1},"minecraft:dropped":{"iceandfire:raw_silver":1,"minecraft:wheat_seeds":2,"wom:solar":1,"minecraft:lapis_lazuli":1,"minecraft:glow_ink_sac":3,"memory_of_the_past:better_drop_of_knowledge":1,"minecraft:crafting_table":2,"minecraft:cooked_porkchop":3,"minecraft:feather":2,"minecraft:spider_spawn_egg":1,"minecraft:cobblestone":15,"minecraft:book":1,"iceandfire:spawn_egg_ice_dragon":1,"minecraft:tropical_fish":2,"minecraft:spruce_stairs":2,"minecraft:acacia_log":6,"minecraft:red_mushroom":3,"minecraft:cod":8,"minecraft:stick":6,"minecraft:emerald":4,"minecraft:dirt":4,"minecraft:grass":4,"alexsmobs:roadrunner_feather":1,"iceandfire:creative_dragon_meal":1,"minecraft:mutton":9,"jet_and_elias_armors:knight_m_pink_boots":1,"memory_of_the_past:lesser_drop_of_knowledge":5,"minecraft:cut_sandstone":1,"minecraft:chain":1,"minecraft:iron_axe":1,"minecraft:sand":18,"iceandfire:spawn_egg_fire_dragon":1,"minecraft:paper":4,"minecraft:string":9,"minecraft:lily_pad":9,"minecraft:white_wool":1,"minecraft:acacia_planks":54,"minecraft:bone":17,"minecraft:gravel":2,"epicfight:iron_spear":1,"alexsmobs:acacia_blossom":4,"minecraft:cobbled_deepslate":4,"minecraft:smooth_sandstone_stairs":1,"wom:satsujin":2,"minecraft:wheat":1,"minecraft:rotten_flesh":41,"minecraft:light_gray_wool":1,"minecraft:oak_planks":3,"minecraft:iron_boots":2,"minecraft:carrot":28,"minecraft:diamond_sword":1,"minecraft:gunpowder":4,"minecraft:ladder":4,"minecraft:acacia_sapling":12,"minecraft:spider_eye":2,"minecraft:sandstone":1,"minecraft:stripped_crimson_hyphae":1,"minecraft:arrow":2,"minecraft:bow":1,"minecraft:stone_pickaxe":1,"minecraft:wooden_pickaxe":1,"iceandfire:deathworm_chitin_yellow":3,"epicfight:skillbook":2,"iceandfire:manuscript":30},"minecraft:custom":{"minecraft:interact_with_smithing_table":6,"minecraft:mob_kills":118,"minecraft:interact_with_crafting_table":35,"minecraft:open_barrel":22,"minecraft:leave_game":10,"minecraft:time_since_death":8621,"minecraft:climb_one_cm":33606,"minecraft:sprint_one_cm":915194,"minecraft:walk_one_cm":1225854,"minecraft:drop":164,"minecraft:talked_to_villager":4,"minecraft:play_time":317780,"minecraft:deaths":45,"minecraft:sneak_time":5042,"minecraft:walk_under_water_one_cm":5889,"minecraft:boat_one_cm":137576,"minecraft:jump":4959,"minecraft:interact_with_blast_furnace":1,"minecraft:walk_on_water_one_cm":31417,"minecraft:total_world_time":317780,"minecraft:interact_with_furnace":54,"minecraft:interact_with_loom":2,"minecraft:time_since_rest":8655,"minecraft:waystone_activated":3,"minecraft:damage_taken":17146,"minecraft:trigger_trapped_chest":6,"minecraft:damage_dealt":28183,"minecraft:swim_one_cm":49688,"minecraft:fly_one_cm":1364913,"minecraft:player_kills":3,"minecraft:open_chest":119,"minecraft:crouch_one_cm":13795,"minecraft:fall_one_cm":73797},"minecraft:crafted":{"travelersbackpack:iron":1,"minecraft:furnace":2,"minecraft:glass":12,"iceandfire:armor_silver_metal_chestplate":1,"travelersbackpack:white_sleeping_bag":1,"minecraft:stone_pickaxe":1,"minecraft:chest":1,"iceandfire:armor_silver_metal_boots":1,"minecraft:cooked_beef":4,"minecraft:diamond_sword":1,"minecraft:cooked_porkchop":9,"iceandfire:silver_ingot":12,"minecraft:diamond_axe":1,"minecraft:crafting_table":4,"travelersbackpack:backpack_tank":2,"minecraft:wooden_pickaxe":1,"travelersbackpack:standard":1,"minecraft:iron_sword":1,"minecraft:acacia_boat":1,"minecraft:air":0,"minecraft:diamond_pickaxe":1,"minecraft:stick":40,"minecraft:iron_ingot":88,"minecraft:wooden_axe":2,"minecraft:acacia_planks":188,"minecraft:torch":76},"minecraft:broken":{"iceandfire:armor_silver_metal_chestplate":1}},"DataVersion":3465}