{"stats":{"minecraft:mined":{"iceandfire:silver_ore":13,"minecraft:deepslate_diamond_ore":7,"minecraft:stripped_crimson_hyphae":1,"minecraft:granite":6,"minecraft:acacia_log":87,"minecraft:grass_block":2,"minecraft:spawner":1,"minecraft:large_fern":1,"minecraft:furnace":6,"minecraft:iron_ore":85,"minecraft:barrel":2,"minecraft:deepslate_iron_ore":11,"minecraft:stone":54,"minecraft:crafting_table":7,"minecraft:torch":4,"minecraft:melon":1,"minecraft:tall_grass":2,"minecraft:cobblestone":1,"minecraft:lapis_ore":6,"minecraft:deepslate_gold_ore":6,"minecraft:oak_planks":9,"minecraft:wall_torch":6,"minecraft:spruce_stairs":2,"minecraft:grass":3,"minecraft:coal_ore":33,"minecraft:sand":9,"minecraft:gold_ore":6,"minecraft:deepslate":6},"minecraft:picked_up":{"minecraft:crafting_table":8,"minecraft:wheat":1,"minecraft:diamond_sword":1,"minecraft:string":11,"minecraft:iron_axe":1,"memory_of_the_past:better_drop_of_knowledge":13,"minecraft:cobbled_deepslate":6,"minecraft:beef":4,"minecraft:melon_slice":6,"minecraft:furnace":6,"minecraft:stripped_crimson_hyphae":1,"minecraft:sandstone":2,"minecraft:stick":11,"minecraft:raw_iron":96,"minecraft:torch":12,"minecraft:acacia_log":85,"minecraft:spruce_stairs":2,"epicfight:skillbook":2,"minecraft:porkchop":9,"minecraft:carrot":2,"minecraft:arrow":15,"minecraft:rotten_flesh":25,"minecraft:tropical_fish":1,"minecraft:gold_ingot":16,"minecraft:cobblestone":59,"memory_of_the_past:lesser_drop_of_knowledge":59,"minecraft:glow_ink_sac":3,"minecraft:salmon":6,"minecraft:leather":5,"alexsmobs:acacia_blossom":7,"minecraft:red_mushroom":3,"doggytalents:rice_grains":1,"minecraft:smooth_sandstone_stairs":1,"minecraft:lily_pad":10,"minecraft:gunpowder":5,"minecraft:acacia_boat":6,"minecraft:lapis_lazuli":34,"minecraft:dirt":4,"minecraft:bone":15,"minecraft:acacia_planks":7,"minecraft:wheat_seeds":5,"minecraft:raw_gold":12,"minecraft:oak_planks":7,"minecraft:acacia_sapling":23,"wom:solar":1,"minecraft:gravel":2,"minecraft:sand":22,"minecraft:spider_eye":2,"minecraft:diamond":7,"minecraft:granite":6,"minecraft:grass":1,"minecraft:emerald":6,"minecraft:coal":33,"iceandfire:raw_silver":13,"minecraft:ender_pearl":1},"minecraft:killed":{"minecraft:vindicator":4,"minecraft:spider":9,"alexsmobs:rattlesnake":2,"minecraft:skeleton":12,"iceandfire:fire_dragon":4,"minecraft:husk":2,"minecraft:pig":4,"minecraft:creeper":5,"minecraft:pillager":4,"minecraft:zombie":16,"iceandfire:ghost":3,"shifu_epic_fight_skill_recipe:martialbanditnatural":1,"minecraft:cow":3,"minecraft:enderman":1},"minecraft:killed_by":{"minecraft:player":7,"alexsmobs:rocky_roller":2,"shifu_epic_fight_skill_recipe:martialbanditnatural":3,"minecraft:skeleton":13,"minecraft:zombie":1,"iceandfire:ghost":1,"iceandfire:fire_dragon":3},"minecraft:used":{"minecraft:iron_sword":65,"minecraft:torch":58,"iceandfire:spawn_egg_fire_dragon":5,"minecraft:granite":6,"minecraft:wooden_axe":14,"wom:ender_blaster":3,"wom:solar":23,"minecraft:iron_axe":113,"minecraft:iron_boots":1,"wom:antitheus":27,"minecraft:furnace":6,"minecraft:cooked_beef":4,"minecraft:acacia_planks":42,"minecraft:cobbled_deepslate":2,"epicfight:skillbook":5,"minecraft:acacia_boat":7,"minecraft:water_bucket":7,"minecraft:oak_planks":4,"minecraft:stone_pickaxe":74,"minecraft:wooden_pickaxe":3,"minecraft:sand":5,"minecraft:crafting_table":9,"iceandfire:silver_axe":32,"waystones:waystone":1,"minecraft:diamond_pickaxe":20,"minecraft:bread":45,"minecraft:iron_pickaxe":149,"minecraft:diamond_sword":107,"minecraft:cobblestone":26,"minecraft:cooked_porkchop":4,"minecraft:bucket":7,"wom:moonless":3,"minecraft:coarse_dirt":1},"minecraft:dropped":{"iceandfire:raw_silver":1,"minecraft:wheat_seeds":2,"wom:solar":1,"minecraft:lapis_lazuli":1,"minecraft:glow_ink_sac":3,"memory_of_the_past:better_drop_of_knowledge":1,"minecraft:crafting_table":1,"minecraft:spider_spawn_egg":1,"minecraft:cobblestone":15,"minecraft:book":1,"iceandfire:spawn_egg_ice_dragon":1,"minecraft:tropical_fish":1,"minecraft:spruce_stairs":2,"minecraft:acacia_log":6,"minecraft:red_mushroom":3,"minecraft:stick":6,"minecraft:emerald":4,"minecraft:dirt":4,"minecraft:grass":4,"iceandfire:creative_dragon_meal":1,"memory_of_the_past:lesser_drop_of_knowledge":5,"minecraft:sand":17,"iceandfire:spawn_egg_fire_dragon":1,"minecraft:paper":4,"minecraft:string":9,"minecraft:lily_pad":9,"minecraft:bone":15,"minecraft:gravel":2,"alexsmobs:acacia_blossom":4,"minecraft:cobbled_deepslate":4,"minecraft:smooth_sandstone_stairs":1,"wom:satsujin":2,"minecraft:wheat":1,"minecraft:rotten_flesh":21,"minecraft:oak_planks":1,"minecraft:carrot":2,"minecraft:diamond_sword":1,"minecraft:gunpowder":4,"minecraft:acacia_sapling":12,"minecraft:spider_eye":2,"minecraft:arrow":2,"minecraft:stone_pickaxe":1,"minecraft:wooden_pickaxe":1},"minecraft:custom":{"minecraft:mob_kills":72,"minecraft:interact_with_crafting_table":18,"minecraft:open_barrel":13,"minecraft:leave_game":10,"minecraft:time_since_death":23363,"minecraft:climb_one_cm":14038,"minecraft:sprint_one_cm":678054,"minecraft:walk_one_cm":884967,"minecraft:drop":120,"minecraft:talked_to_villager":3,"minecraft:play_time":245780,"minecraft:deaths":35,"minecraft:sneak_time":4528,"minecraft:walk_under_water_one_cm":2816,"minecraft:boat_one_cm":137576,"minecraft:jump":3284,"minecraft:walk_on_water_one_cm":22205,"minecraft:total_world_time":245780,"minecraft:interact_with_furnace":38,"minecraft:time_since_rest":23393,"minecraft:waystone_activated":3,"minecraft:damage_taken":11221,"minecraft:trigger_trapped_chest":3,"minecraft:damage_dealt":19709,"minecraft:swim_one_cm":5392,"minecraft:fly_one_cm":1185455,"minecraft:player_kills":3,"minecraft:open_chest":79,"minecraft:crouch_one_cm":12231,"minecraft:fall_one_cm":56725},"minecraft:crafted":{"minecraft:furnace":2,"iceandfire:armor_silver_metal_chestplate":1,"minecraft:stone_pickaxe":1,"iceandfire:armor_silver_metal_boots":1,"minecraft:cooked_beef":4,"minecraft:diamond_sword":1,"minecraft:cooked_porkchop":9,"iceandfire:silver_ingot":12,"minecraft:crafting_table":3,"minecraft:wooden_pickaxe":1,"minecraft:iron_sword":1,"minecraft:acacia_boat":1,"minecraft:air":0,"minecraft:diamond_pickaxe":1,"minecraft:stick":32,"minecraft:iron_ingot":45,"minecraft:wooden_axe":2,"minecraft:acacia_planks":88,"minecraft:torch":76}},"DataVersion":3465}