{"stats":{"minecraft:mined":{"iceandfire:silver_ore":1,"minecraft:crafting_table":2,"minecraft:acacia_log":22,"minecraft:grass_block":1,"minecraft:jungle_log":50,"minecraft:cobblestone":1,"minecraft:moss_block":1,"minecraft:sandstone":1,"minecraft:light_blue_bed":1,"minecraft:carrots":18,"minecraft:iron_ore":1,"minecraft:wheat":3,"minecraft:grass":1,"minecraft:coal_ore":14,"minecraft:potatoes":7,"minecraft:oak_log":6,"minecraft:beetroots":1,"minecraft:stone":53,"minecraft:oak_leaves":1},"minecraft:picked_up":{"minecraft:crafting_table":2,"minecraft:jungle_log":45,"minecraft:potato":26,"minecraft:oak_log":6,"minecraft:dirt":1,"minecraft:apple":1,"minecraft:beetroot":1,"minecraft:wheat_seeds":6,"minecraft:stone_pickaxe":1,"minecraft:azalea":12,"minecraft:moss_block":2,"minecraft:acacia_sapling":4,"minecraft:flowering_azalea":10,"minecraft:stick":10,"minecraft:raw_iron":1,"minecraft:sandstone":1,"minecraft:torch":2,"minecraft:acacia_log":21,"minecraft:carrot":56,"minecraft:light_blue_bed":1,"minecraft:stone_sword":1,"minecraft:beetroot_seeds":3,"minecraft:coal":14,"iceandfire:raw_silver":1,"minecraft:cobblestone":54},"minecraft:killed_by":{"alexsmobs:rhinoceros":1},"minecraft:dropped":{"minecraft:moss_block":2,"minecraft:stone_sword":1,"minecraft:beetroot":1,"minecraft:torch":3,"minecraft:azalea":12,"minecraft:flowering_azalea":10,"minecraft:stone_pickaxe":1,"minecraft:wooden_pickaxe":1},"minecraft:used":{"minecraft:stone_sword":4,"minecraft:stone_pickaxe":67,"minecraft:wooden_pickaxe":4,"minecraft:torch":8,"minecraft:dirt":1,"minecraft:crafting_table":3,"minecraft:carrot":1,"minecraft:wooden_axe":70,"minecraft:apple":1,"minecraft:bread":3,"minecraft:stone_axe":28,"minecraft:cobblestone":5},"minecraft:custom":{"minecraft:interact_with_crafting_table":7,"minecraft:leave_game":1,"minecraft:time_since_death":6058,"minecraft:climb_one_cm":319,"minecraft:time_since_rest":6083,"minecraft:sprint_one_cm":49816,"minecraft:damage_taken":795,"minecraft:walk_one_cm":120288,"minecraft:drop":31,"minecraft:damage_dealt":169,"minecraft:fly_one_cm":79736,"minecraft:open_chest":5,"minecraft:crouch_one_cm":870,"minecraft:play_time":28047,"minecraft:deaths":2,"minecraft:sneak_time":456,"minecraft:walk_under_water_one_cm":2937,"minecraft:jump":606,"minecraft:walk_on_water_one_cm":6746,"minecraft:total_world_time":28047,"minecraft:fall_one_cm":17478},"minecraft:crafted":{"minecraft:oak_planks":24,"minecraft:crafting_table":2,"minecraft:wooden_pickaxe":1,"minecraft:stone_axe":1,"minecraft:jungle_planks":180,"minecraft:stick":16,"minecraft:stone_pickaxe":1,"minecraft:wooden_axe":1,"minecraft:stone_sword":1,"minecraft:acacia_planks":84,"minecraft:torch":20}},"DataVersion":3465}