{
  "takesapillage:root": {
    "criteria": {
      "always": "2024-12-20 22:21:26 +0000"
    },
    "done": true
  },
  "minecraft:recipes/decorations/crafting_table": {
    "criteria": {
      "unlock_right_away": "2024-12-20 22:21:26 +0000"
    },
    "done": true
  },
  "cataclysm:root": {
    "criteria": {
      "custom_test_name": "2024-12-20 22:21:26 +0000"
    },
    "done": true
  },
  "iceandfire:iceandfire/root": {
    "criteria": {
      "tick": "2024-12-20 22:21:26 +0000"
    },
    "done": true
  },
  "dungeons_arise:wda_root": {
    "criteria": {
      "WDA": "2024-12-20 22:21:26 +0000"
    },
    "done": true
  },
  "minecraft:adventure/adventuring_time": {
    "criteria": {
      "minecraft:desert": "2024-12-22 03:43:35 +0000",
      "minecraft:windswept_savanna": "2024-12-20 22:21:27 +0000",
      "minecraft:warm_ocean": "2024-12-20 22:24:44 +0000"
    },
    "done": false
  },
  "alexsmobs:alexsmobs/root": {
    "criteria": {
      "useitem": "2024-12-20 22:22:09 +0000"
    },
    "done": true
  },
  "minecraft:husbandry/root": {
    "criteria": {
      "consumed_item": "2024-12-20 22:22:09 +0000"
    },
    "done": true
  },
  "minecraft:adventure/root": {
    "criteria": {
      "killed_by_something": "2024-12-20 22:24:20 +0000"
    },
    "done": true
  },
  "twilightforest:recipes/transportation/twilight_oak_boat": {
    "criteria": {
      "in_water": "2024-12-20 22:24:29 +0000"
    },
    "done": true
  },
  "twilightforest:recipes/transportation/time_boat": {
    "criteria": {
      "in_water": "2024-12-20 22:24:29 +0000"
    },
    "done": true
  },
  "twilightforest:recipes/transportation/mining_boat": {
    "criteria": {
      "in_water": "2024-12-20 22:24:29 +0000"
    },
    "done": true
  },
  "twilightforest:recipes/transportation/mangrove_boat": {
    "criteria": {
      "in_water": "2024-12-20 22:24:29 +0000"
    },
    "done": true
  },
  "twilightforest:recipes/transportation/transformation_boat": {
    "criteria": {
      "in_water": "2024-12-20 22:24:29 +0000"
    },
    "done": true
  },
  "minecraft:recipes/transportation/cherry_boat": {
    "criteria": {
      "in_water": "2024-12-20 22:24:29 +0000"
    },
    "done": true
  },
  "minecraft:recipes/transportation/bamboo_raft": {
    "criteria": {
      "in_water": "2024-12-20 22:24:29 +0000"
    },
    "done": true
  },
  "minecraft:recipes/transportation/spruce_boat": {
    "criteria": {
      "in_water": "2024-12-20 22:24:29 +0000"
    },
    "done": true
  },
  "minecraft:recipes/transportation/birch_boat": {
    "criteria": {
      "in_water": "2024-12-20 22:24:29 +0000"
    },
    "done": true
  },
  "minecraft:recipes/transportation/oak_boat": {
    "criteria": {
      "in_water": "2024-12-20 22:24:29 +0000"
    },
    "done": true
  },
  "minecraft:recipes/transportation/mangrove_boat": {
    "criteria": {
      "in_water": "2024-12-20 22:24:29 +0000"
    },
    "done": true
  },
  "twilightforest:recipes/transportation/canopy_boat": {
    "criteria": {
      "in_water": "2024-12-20 22:24:29 +0000"
    },
    "done": true
  },
  "twilightforest:recipes/transportation/dark_boat": {
    "criteria": {
      "in_water": "2024-12-20 22:24:29 +0000"
    },
    "done": true
  },
  "minecraft:recipes/transportation/acacia_boat": {
    "criteria": {
      "in_water": "2024-12-20 22:24:29 +0000"
    },
    "done": true
  },
  "twilightforest:recipes/transportation/sorting_boat": {
    "criteria": {
      "in_water": "2024-12-20 22:24:29 +0000"
    },
    "done": true
  },
  "minecraft:recipes/transportation/jungle_boat": {
    "criteria": {
      "in_water": "2024-12-20 22:24:29 +0000"
    },
    "done": true
  },
  "minecraft:recipes/transportation/dark_oak_boat": {
    "criteria": {
      "in_water": "2024-12-20 22:24:29 +0000"
    },
    "done": true
  },
  "minecraft:recipes/redstone/lever": {
    "criteria": {
      "has_cobblestone": "2024-12-20 22:24:39 +0000"
    },
    "done": true
  },
  "minecraft:recipes/combat/stone_sword": {
    "criteria": {
      "has_cobblestone": "2024-12-20 22:24:39 +0000"
    },
    "done": true
  },
  "minecraft:recipes/decorations/cobblestone_wall": {
    "criteria": {
      "has_cobblestone": "2024-12-20 22:24:39 +0000"
    },
    "done": true
  },
  "minecraft:recipes/tools/stone_axe": {
    "criteria": {
      "has_cobblestone": "2024-12-20 22:24:39 +0000"
    },
    "done": true
  },
  "minecraft:story/mine_stone": {
    "criteria": {
      "get_stone": "2024-12-20 22:24:39 +0000"
    },
    "done": true
  },
  "minecraft:recipes/decorations/furnace": {
    "criteria": {
      "has_cobblestone": "2024-12-20 22:24:39 +0000"
    },
    "done": true
  },
  "minecraft:recipes/building_blocks/cobblestone_slab_from_cobblestone_stonecutting": {
    "criteria": {
      "has_cobblestone": "2024-12-20 22:24:39 +0000"
    },
    "done": true
  },
  "minecraft:recipes/building_blocks/stone": {
    "criteria": {
      "has_cobblestone": "2024-12-20 22:24:39 +0000"
    },
    "done": true
  },
  "minecraft:recipes/tools/stone_pickaxe": {
    "criteria": {
      "has_cobblestone": "2024-12-20 22:24:39 +0000"
    },
    "done": true
  },
  "minecraft:recipes/building_blocks/cobblestone_slab": {
    "criteria": {
      "has_cobblestone": "2024-12-20 22:24:39 +0000"
    },
    "done": true
  },
  "minecraft:recipes/decorations/cobblestone_wall_from_cobblestone_stonecutting": {
    "criteria": {
      "has_cobblestone": "2024-12-20 22:24:39 +0000"
    },
    "done": true
  },
  "minecraft:recipes/building_blocks/cobblestone_stairs_from_cobblestone_stonecutting": {
    "criteria": {
      "has_cobblestone": "2024-12-20 22:24:39 +0000"
    },
    "done": true
  },
  "minecraft:recipes/building_blocks/cobblestone_stairs": {
    "criteria": {
      "has_cobblestone": "2024-12-20 22:24:39 +0000"
    },
    "done": true
  },
  "minecraft:recipes/tools/stone_hoe": {
    "criteria": {
      "has_cobblestone": "2024-12-20 22:24:39 +0000"
    },
    "done": true
  },
  "minecraft:recipes/tools/stone_shovel": {
    "criteria": {
      "has_cobblestone": "2024-12-20 22:24:39 +0000"
    },
    "done": true
  },
  "minecraft:adventure/kill_all_mobs": {
    "criteria": {
      "minecraft:skeleton": "2024-12-20 22:24:46 +0000",
      "minecraft:spider": "2024-12-22 04:30:06 +0000",
      "minecraft:creeper": "2024-12-22 03:58:43 +0000",
      "minecraft:witch": "2024-12-22 04:30:54 +0000",
      "minecraft:husk": "2024-12-22 03:48:39 +0000",
      "minecraft:zombie": "2024-12-22 03:46:53 +0000"
    },
    "done": false
  },
  "minecraft:adventure/kill_a_mob": {
    "criteria": {
      "minecraft:skeleton": "2024-12-20 22:24:46 +0000"
    },
    "done": true
  },
  "travelersbackpack:recipes/misc/skeleton": {
    "criteria": {
      "has_arrow": "2024-12-20 22:24:49 +0000"
    },
    "done": true
  },
  "doggytalents:recipes/decorations/pianist_suit": {
    "criteria": {
      "has_string": "2024-12-20 22:24:54 +0000"
    },
    "done": true
  },
  "minecraft:recipes/combat/bow": {
    "criteria": {
      "has_string": "2024-12-20 22:24:54 +0000"
    },
    "done": true
  },
  "doggytalents:recipes/decorations/bowtie": {
    "criteria": {
      "has_string": "2024-12-20 22:24:54 +0000"
    },
    "done": true
  },
  "doggytalents:recipes/decorations/guard_suit": {
    "criteria": {
      "has_string": "2024-12-20 22:24:54 +0000"
    },
    "done": true
  },
  "minecraft:recipes/tools/fishing_rod": {
    "criteria": {
      "has_string": "2024-12-20 22:24:54 +0000"
    },
    "done": true
  },
  "doggytalents:recipes/decorations/locator_orb_rei": {
    "criteria": {
      "has_string": "2024-12-20 22:24:54 +0000"
    },
    "done": true
  },
  "minecraft:recipes/redstone/tripwire_hook": {
    "criteria": {
      "has_string": "2024-12-20 22:24:54 +0000"
    },
    "done": true
  },
  "travelersbackpack:recipes/misc/spider": {
    "criteria": {
      "has_string": "2024-12-20 22:24:54 +0000"
    },
    "done": true
  },
  "doggytalents:recipes/decorations/wig": {
    "criteria": {
      "has_string": "2024-12-20 22:24:54 +0000"
    },
    "done": true
  },
  "minecraft:recipes/decorations/candle": {
    "criteria": {
      "has_string": "2024-12-20 22:24:54 +0000"
    },
    "done": true
  },
  "doggytalents:recipes/decorations/wool_collar_thicc": {
    "criteria": {
      "has_string": "2024-12-20 22:24:54 +0000"
    },
    "done": true
  },
  "doggytalents:recipes/decorations/locator_orb_shin": {
    "criteria": {
      "has_string": "2024-12-20 22:24:54 +0000"
    },
    "done": true
  },
  "doggytalents:recipes/tools/empty_locator_orb": {
    "criteria": {
      "has_string": "2024-12-20 22:24:54 +0000"
    },
    "done": true
  },
  "doggytalents:recipes/decorations/bach_wig": {
    "criteria": {
      "has_string": "2024-12-20 22:24:54 +0000"
    },
    "done": true
  },
  "doggytalents:recipes/decorations/tengu_mask": {
    "criteria": {
      "has_string": "2024-12-20 22:24:54 +0000"
    },
    "done": true
  },
  "doggytalents:recipes/decorations/locator_orb_jin": {
    "criteria": {
      "has_string": "2024-12-20 22:24:54 +0000"
    },
    "done": true
  },
  "doggytalents:recipes/decorations/wool_collar": {
    "criteria": {
      "has_string": "2024-12-20 22:24:54 +0000"
    },
    "done": true
  },
  "doggytalents:recipes/misc/gender_bone": {
    "criteria": {
      "has_string": "2024-12-20 22:24:54 +0000"
    },
    "done": true
  },
  "doggytalents:recipes/decorations/kitsune_mask": {
    "criteria": {
      "has_string": "2024-12-20 22:24:54 +0000"
    },
    "done": true
  },
  "minecraft:recipes/building_blocks/white_wool_from_string": {
    "criteria": {
      "has_string": "2024-12-20 22:24:54 +0000"
    },
    "done": true
  },
  "doggytalents:recipes/decorations/locator_orb_chu": {
    "criteria": {
      "has_string": "2024-12-20 22:24:54 +0000"
    },
    "done": true
  },
  "doggytalents:recipes/decorations/locator_orb_chi": {
    "criteria": {
      "has_string": "2024-12-20 22:24:54 +0000"
    },
    "done": true
  },
  "minecraft:recipes/combat/crossbow": {
    "criteria": {
      "has_string": "2024-12-20 22:24:54 +0000"
    },
    "done": true
  },
  "doggytalents:recipes/decorations/locator_orb_tei": {
    "criteria": {
      "has_string": "2024-12-20 22:24:54 +0000"
    },
    "done": true
  },
  "doggytalents:recipes/decorations/locator_orb_ko": {
    "criteria": {
      "has_string": "2024-12-20 22:24:54 +0000"
    },
    "done": true
  },
  "minecraft:recipes/decorations/loom": {
    "criteria": {
      "has_string": "2024-12-20 22:24:54 +0000"
    },
    "done": true
  },
  "doggytalents:recipes/decorations/locator_orb_gi": {
    "criteria": {
      "has_string": "2024-12-20 22:24:54 +0000"
    },
    "done": true
  },
  "doggytalents:recipes/decorations/locator_orb_dyable": {
    "criteria": {
      "has_string": "2024-12-20 22:24:54 +0000"
    },
    "done": true
  },
  "minecraft:recipes/redstone/acacia_button": {
    "criteria": {
      "has_planks": "2024-12-22 03:34:56 +0000"
    },
    "done": true
  },
  "minecraft:recipes/redstone/acacia_pressure_plate": {
    "criteria": {
      "has_planks": "2024-12-22 03:34:56 +0000"
    },
    "done": true
  },
  "minecraft:recipes/building_blocks/acacia_slab": {
    "criteria": {
      "has_planks": "2024-12-22 03:34:56 +0000"
    },
    "done": true
  },
  "minecraft:recipes/redstone/acacia_trapdoor": {
    "criteria": {
      "has_planks": "2024-12-22 03:34:56 +0000"
    },
    "done": true
  },
  "minecraft:recipes/misc/stick": {
    "criteria": {
      "has_planks": "2024-12-22 03:34:56 +0000"
    },
    "done": true
  },
  "iceandfire:recipes/misc/earplugs": {
    "criteria": {
      "has_item": "2024-12-22 03:34:56 +0000"
    },
    "done": true
  },
  "minecraft:recipes/building_blocks/acacia_stairs": {
    "criteria": {
      "has_planks": "2024-12-22 03:34:56 +0000"
    },
    "done": true
  },
  "minecraft:recipes/redstone/acacia_door": {
    "criteria": {
      "has_planks": "2024-12-22 03:34:56 +0000"
    },
    "done": true
  },
  "minecraft:recipes/redstone/acacia_fence_gate": {
    "criteria": {
      "has_planks": "2024-12-22 03:34:56 +0000"
    },
    "done": true
  },
  "minecraft:recipes/decorations/acacia_sign": {
    "criteria": {
      "has_planks": "2024-12-22 03:34:56 +0000"
    },
    "done": true
  },
  "minecraft:recipes/decorations/acacia_fence": {
    "criteria": {
      "has_planks": "2024-12-22 03:34:56 +0000"
    },
    "done": true
  },
  "minecraft:recipes/decorations/barrel": {
    "criteria": {
      "has_planks": "2024-12-22 03:34:56 +0000"
    },
    "done": true
  },
  "travelersbackpack:recipes/misc/crafting_upgrade": {
    "criteria": {
      "has_crafting_table": "2024-12-22 03:35:03 +0000"
    },
    "done": true
  },
  "fantasyfurniture:recipes/misc/furniture_station": {
    "criteria": {
      "has_crafting_table": "2024-12-22 03:35:03 +0000"
    },
    "done": true
  },
  "minecraft:story/root": {
    "criteria": {
      "crafting_table": "2024-12-22 03:35:03 +0000"
    },
    "done": true
  },
  "doggytalents:recipes/food/uncooked_rice_bowl": {
    "criteria": {
      "has_dtn_rice_grains": "2024-12-22 03:35:35 +0000"
    },
    "done": true
  },
  "doggytalents:recipes/food/training_treat": {
    "criteria": {
      "has_dtn_rice_grains": "2024-12-22 03:35:35 +0000"
    },
    "done": true
  },
  "minecraft:recipes/decorations/ladder": {
    "criteria": {
      "has_stick": "2024-12-22 03:35:40 +0000"
    },
    "done": true
  },
  "doggytalents:recipes/decorations/sunglasses": {
    "criteria": {
      "has_stick": "2024-12-22 03:35:40 +0000"
    },
    "done": true
  },
  "minecraft:recipes/tools/wooden_axe": {
    "criteria": {
      "has_stick": "2024-12-22 03:35:40 +0000"
    },
    "done": true
  },
  "doggytalents:recipes/decorations/giant_stick": {
    "criteria": {
      "has_stick": "2024-12-22 03:35:40 +0000"
    },
    "done": true
  },
  "minecraft:recipes/decorations/chest": {
    "criteria": {
      "has_lots_of_items": "2024-12-22 03:35:40 +0000"
    },
    "done": true
  },
  "minecraft:recipes/decorations/campfire": {
    "criteria": {
      "has_stick": "2024-12-22 03:35:40 +0000"
    },
    "done": true
  },
  "minecraft:recipes/tools/wooden_hoe": {
    "criteria": {
      "has_stick": "2024-12-22 03:35:40 +0000"
    },
    "done": true
  },
  "minecraft:recipes/misc/charcoal": {
    "criteria": {
      "has_log": "2024-12-22 03:35:40 +0000"
    },
    "done": true
  },
  "minecraft:recipes/tools/wooden_pickaxe": {
    "criteria": {
      "has_stick": "2024-12-22 03:35:40 +0000"
    },
    "done": true
  },
  "minecraft:recipes/tools/wooden_shovel": {
    "criteria": {
      "has_stick": "2024-12-22 03:35:40 +0000"
    },
    "done": true
  },
  "minecraft:recipes/building_blocks/acacia_wood": {
    "criteria": {
      "has_log": "2024-12-22 03:35:40 +0000"
    },
    "done": true
  },
  "minecraft:recipes/combat/wooden_sword": {
    "criteria": {
      "has_stick": "2024-12-22 03:35:40 +0000"
    },
    "done": true
  },
  "minecraft:recipes/building_blocks/oak_planks": {
    "criteria": {
      "has_logs": "2024-12-22 03:35:40 +0000"
    },
    "done": true
  },
  "minecraft:recipes/building_blocks/oak_wood": {
    "criteria": {
      "has_log": "2024-12-22 03:35:40 +0000"
    },
    "done": true
  },
  "minecraft:recipes/building_blocks/acacia_planks": {
    "criteria": {
      "has_log": "2024-12-22 03:35:40 +0000"
    },
    "done": true
  },
  "travelersbackpack:recipes/misc/coal": {
    "criteria": {
      "has_coal": "2024-12-22 03:35:58 +0000"
    },
    "done": true
  },
  "memory_of_the_past:first_level_up": {
    "criteria": {
      "first_level_up_0": "2024-12-22 03:35:58 +0000"
    },
    "done": true
  },
  "minecraft:recipes/building_blocks/coal_block": {
    "criteria": {
      "has_coal": "2024-12-22 03:35:58 +0000"
    },
    "done": true
  },
  "minecraft:recipes/decorations/oak_sign": {
    "criteria": {
      "has_planks": "2024-12-22 03:36:06 +0000"
    },
    "done": true
  },
  "minecraft:recipes/redstone/oak_trapdoor": {
    "criteria": {
      "has_planks": "2024-12-22 03:36:06 +0000"
    },
    "done": true
  },
  "minecraft:recipes/building_blocks/oak_stairs": {
    "criteria": {
      "has_planks": "2024-12-22 03:36:06 +0000"
    },
    "done": true
  },
  "minecraft:recipes/decorations/oak_fence": {
    "criteria": {
      "has_planks": "2024-12-22 03:36:06 +0000"
    },
    "done": true
  },
  "minecraft:recipes/redstone/oak_button": {
    "criteria": {
      "has_planks": "2024-12-22 03:36:06 +0000"
    },
    "done": true
  },
  "minecraft:recipes/building_blocks/oak_slab": {
    "criteria": {
      "has_planks": "2024-12-22 03:36:06 +0000"
    },
    "done": true
  },
  "minecraft:recipes/redstone/oak_fence_gate": {
    "criteria": {
      "has_planks": "2024-12-22 03:36:06 +0000"
    },
    "done": true
  },
  "minecraft:recipes/redstone/oak_pressure_plate": {
    "criteria": {
      "has_planks": "2024-12-22 03:36:06 +0000"
    },
    "done": true
  },
  "minecraft:recipes/redstone/oak_door": {
    "criteria": {
      "has_planks": "2024-12-22 03:36:06 +0000"
    },
    "done": true
  },
  "minecraft:recipes/decorations/torch": {
    "criteria": {
      "has_stone_pickaxe": "2024-12-22 03:39:05 +0000"
    },
    "done": true
  },
  "minecraft:story/upgrade_tools": {
    "criteria": {
      "stone_pickaxe": "2024-12-22 03:39:05 +0000"
    },
    "done": true
  },
  "iceandfire:recipes/misc/dragon_meal": {
    "criteria": {
      "has_item": "2024-12-22 03:39:35 +0000"
    },
    "done": true
  },
  "minecraft:recipes/food/cooked_mutton_from_smoking": {
    "criteria": {
      "has_mutton": "2024-12-22 03:39:35 +0000"
    },
    "done": true
  },
  "minecraft:recipes/food/cooked_mutton": {
    "criteria": {
      "has_mutton": "2024-12-22 03:39:35 +0000"
    },
    "done": true
  },
  "minecraft:recipes/food/cooked_mutton_from_campfire_cooking": {
    "criteria": {
      "has_mutton": "2024-12-22 03:39:35 +0000"
    },
    "done": true
  },
  "minecraft:recipes/combat/iron_leggings": {
    "criteria": {
      "has_iron_ingot": "2024-12-22 03:39:37 +0000"
    },
    "done": true
  },
  "minecraft:recipes/misc/iron_nugget_from_smelting": {
    "criteria": {
      "has_iron_axe": "2024-12-22 03:39:37 +0000"
    },
    "done": true
  },
  "minecraft:recipes/combat/iron_chestplate": {
    "criteria": {
      "has_iron_ingot": "2024-12-22 03:39:37 +0000"
    },
    "done": true
  },
  "travelersbackpack:recipes/misc/backpack_tank": {
    "criteria": {
      "has_iron": "2024-12-22 03:39:37 +0000"
    },
    "done": true
  },
  "doggytalents:recipes/decorations/superdog_suit": {
    "criteria": {
      "has_iron_ingot": "2024-12-22 03:39:37 +0000"
    },
    "done": true
  },
  "minecraft:recipes/misc/iron_nugget": {
    "criteria": {
      "has_iron_ingot": "2024-12-22 03:39:37 +0000"
    },
    "done": true
  },
  "doggytalents:recipes/combat/sussy_sickle": {
    "criteria": {
      "has_iron_ingot": "2024-12-22 03:39:37 +0000"
    },
    "done": true
  },
  "minecraft:recipes/misc/bucket": {
    "criteria": {
      "has_iron_ingot": "2024-12-22 03:39:37 +0000"
    },
    "done": true
  },
  "minecraft:recipes/combat/iron_helmet": {
    "criteria": {
      "has_iron_ingot": "2024-12-22 03:39:37 +0000"
    },
    "done": true
  },
  "minecraft:recipes/transportation/minecart": {
    "criteria": {
      "has_iron_ingot": "2024-12-22 03:39:37 +0000"
    },
    "done": true
  },
  "minecraft:recipes/tools/iron_hoe": {
    "criteria": {
      "has_iron_ingot": "2024-12-22 03:39:37 +0000"
    },
    "done": true
  },
  "doggytalents:recipes/tools/whistle": {
    "criteria": {
      "has_iron_ingot": "2024-12-22 03:39:37 +0000"
    },
    "done": true
  },
  "minecraft:story/smelt_iron": {
    "criteria": {
      "iron": "2024-12-22 03:39:37 +0000"
    },
    "done": true
  },
  "minecraft:recipes/tools/shears": {
    "criteria": {
      "has_iron_ingot": "2024-12-22 03:39:37 +0000"
    },
    "done": true
  },
  "doggytalents:recipes/decorations/propeller_hat": {
    "criteria": {
      "has_iron_ingot": "2024-12-22 03:39:37 +0000"
    },
    "done": true
  },
  "minecraft:recipes/decorations/chain": {
    "criteria": {
      "has_iron_ingot": "2024-12-22 03:39:37 +0000"
    },
    "done": true
  },
  "minecraft:recipes/building_blocks/iron_block": {
    "criteria": {
      "has_iron_ingot": "2024-12-22 03:39:37 +0000"
    },
    "done": true
  },
  "minecraft:recipes/decorations/smithing_table": {
    "criteria": {
      "has_iron_ingot": "2024-12-22 03:39:37 +0000"
    },
    "done": true
  },
  "minecraft:recipes/combat/iron_sword": {
    "criteria": {
      "has_iron_ingot": "2024-12-22 03:39:37 +0000"
    },
    "done": true
  },
  "minecraft:recipes/tools/iron_pickaxe": {
    "criteria": {
      "has_iron_ingot": "2024-12-22 03:39:37 +0000"
    },
    "done": true
  },
  "minecraft:recipes/combat/shield": {
    "criteria": {
      "has_iron_ingot": "2024-12-22 03:39:37 +0000"
    },
    "done": true
  },
  "minecraft:recipes/redstone/hopper": {
    "criteria": {
      "has_iron_ingot": "2024-12-22 03:39:37 +0000"
    },
    "done": true
  },
  "travelersbackpack:recipes/misc/iron": {
    "criteria": {
      "has_iron_ingot": "2024-12-22 03:39:37 +0000"
    },
    "done": true
  },
  "minecraft:recipes/decorations/iron_bars": {
    "criteria": {
      "has_iron_ingot": "2024-12-22 03:39:37 +0000"
    },
    "done": true
  },
  "travelersbackpack:recipes/misc/iron_tier_upgrade": {
    "criteria": {
      "has_iron_ingot": "2024-12-22 03:39:37 +0000"
    },
    "done": true
  },
  "minecraft:recipes/combat/iron_boots": {
    "criteria": {
      "has_iron_ingot": "2024-12-22 03:39:37 +0000"
    },
    "done": true
  },
  "travelersbackpack:recipes/misc/hose_nozzle": {
    "criteria": {
      "has_iron": "2024-12-22 03:39:37 +0000"
    },
    "done": true
  },
  "minecraft:recipes/decorations/lantern": {
    "criteria": {
      "has_iron_ingot": "2024-12-22 03:39:37 +0000"
    },
    "done": true
  },
  "minecraft:recipes/tools/iron_shovel": {
    "criteria": {
      "has_iron_ingot": "2024-12-22 03:39:37 +0000"
    },
    "done": true
  },
  "minecraft:recipes/redstone/iron_trapdoor": {
    "criteria": {
      "has_iron_ingot": "2024-12-22 03:39:37 +0000"
    },
    "done": true
  },
  "minecraft:recipes/tools/iron_axe": {
    "criteria": {
      "has_iron_ingot": "2024-12-22 03:39:37 +0000"
    },
    "done": true
  },
  "minecraft:recipes/misc/iron_nugget_from_blasting": {
    "criteria": {
      "has_iron_axe": "2024-12-22 03:39:37 +0000"
    },
    "done": true
  },
  "doggytalents:recipes/building_blocks/dog_bath": {
    "criteria": {
      "has_iron_ingot": "2024-12-22 03:39:37 +0000"
    },
    "done": true
  },
  "doggytalents:recipes/building_blocks/food_bowl": {
    "criteria": {
      "has_iron_ingot": "2024-12-22 03:39:37 +0000"
    },
    "done": true
  },
  "minecraft:recipes/redstone/iron_door": {
    "criteria": {
      "has_iron_ingot": "2024-12-22 03:39:37 +0000"
    },
    "done": true
  },
  "minecraft:recipes/redstone/heavy_weighted_pressure_plate": {
    "criteria": {
      "has_iron_ingot": "2024-12-22 03:39:37 +0000"
    },
    "done": true
  },
  "alexsmobs:alexsmobs/kangaroo": {
    "criteria": {
      "killed_by": "2024-12-22 03:39:47 +0000"
    },
    "done": true
  },
  "minecraft:husbandry/balanced_diet": {
    "criteria": {
      "mutton": "2024-12-22 03:39:51 +0000",
      "bread": "2024-12-22 04:01:02 +0000"
    },
    "done": false
  },
  "iceandfire:recipes/tools/silver_ingot_from_smelting_raw_silver": {
    "criteria": {
      "has_raw_silver": "2024-12-22 03:40:12 +0000"
    },
    "done": true
  },
  "iceandfire:recipes/building_blocks/raw_silver_to_raw_silver_block": {
    "criteria": {
      "has_raw_silver": "2024-12-22 03:40:12 +0000"
    },
    "done": true
  },
  "iceandfire:recipes/tools/silver_ingot_from_blasting_raw_silver": {
    "criteria": {
      "has_raw_silver": "2024-12-22 03:40:12 +0000"
    },
    "done": true
  },
  "minecraft:story/iron_tools": {
    "criteria": {
      "iron_pickaxe": "2024-12-22 03:40:50 +0000"
    },
    "done": true
  },
  "minecraft:story/obtain_armor": {
    "criteria": {
      "iron_chestplate": "2024-12-22 03:40:57 +0000"
    },
    "done": true
  },
  "minecraft:recipes/decorations/smoker": {
    "criteria": {
      "has_furnace": "2024-12-22 03:41:23 +0000"
    },
    "done": true
  },
  "twilightforest:recipes/transportation/transformation_chest_boat": {
    "criteria": {
      "has_boat": "2024-12-22 03:43:08 +0000"
    },
    "done": true
  },
  "twilightforest:recipes/transportation/sorting_chest_boat": {
    "criteria": {
      "has_boat": "2024-12-22 03:43:08 +0000"
    },
    "done": true
  },
  "twilightforest:recipes/transportation/canopy_chest_boat": {
    "criteria": {
      "has_boat": "2024-12-22 03:43:08 +0000"
    },
    "done": true
  },
  "minecraft:recipes/transportation/spruce_chest_boat": {
    "criteria": {
      "has_boat": "2024-12-22 03:43:08 +0000"
    },
    "done": true
  },
  "minecraft:recipes/transportation/jungle_chest_boat": {
    "criteria": {
      "has_boat": "2024-12-22 03:43:08 +0000"
    },
    "done": true
  },
  "twilightforest:recipes/transportation/time_chest_boat": {
    "criteria": {
      "has_boat": "2024-12-22 03:43:08 +0000"
    },
    "done": true
  },
  "minecraft:recipes/transportation/acacia_chest_boat": {
    "criteria": {
      "has_boat": "2024-12-22 03:43:08 +0000"
    },
    "done": true
  },
  "minecraft:recipes/transportation/mangrove_chest_boat": {
    "criteria": {
      "has_boat": "2024-12-22 03:43:08 +0000"
    },
    "done": true
  },
  "twilightforest:recipes/transportation/mining_chest_boat": {
    "criteria": {
      "has_boat": "2024-12-22 03:43:08 +0000"
    },
    "done": true
  },
  "minecraft:recipes/transportation/oak_chest_boat": {
    "criteria": {
      "has_boat": "2024-12-22 03:43:08 +0000"
    },
    "done": true
  },
  "minecraft:recipes/transportation/cherry_chest_boat": {
    "criteria": {
      "has_boat": "2024-12-22 03:43:08 +0000"
    },
    "done": true
  },
  "minecraft:recipes/transportation/birch_chest_boat": {
    "criteria": {
      "has_boat": "2024-12-22 03:43:08 +0000"
    },
    "done": true
  },
  "twilightforest:recipes/transportation/twilight_oak_chest_boat": {
    "criteria": {
      "has_boat": "2024-12-22 03:43:08 +0000"
    },
    "done": true
  },
  "minecraft:recipes/transportation/dark_oak_chest_boat": {
    "criteria": {
      "has_boat": "2024-12-22 03:43:08 +0000"
    },
    "done": true
  },
  "twilightforest:recipes/transportation/mangrove_chest_boat": {
    "criteria": {
      "has_boat": "2024-12-22 03:43:08 +0000"
    },
    "done": true
  },
  "minecraft:recipes/transportation/bamboo_chest_raft": {
    "criteria": {
      "has_boat": "2024-12-22 03:43:08 +0000"
    },
    "done": true
  },
  "twilightforest:recipes/transportation/dark_chest_boat": {
    "criteria": {
      "has_boat": "2024-12-22 03:43:08 +0000"
    },
    "done": true
  },
  "minecraft:recipes/misc/paper": {
    "criteria": {
      "has_reeds": "2024-12-22 03:43:39 +0000"
    },
    "done": true
  },
  "minecraft:recipes/misc/sugar_from_sugar_cane": {
    "criteria": {
      "has_sugar_cane": "2024-12-22 03:43:39 +0000"
    },
    "done": true
  },
  "doggytalents:recipes/tools/throw_bone": {
    "criteria": {
      "has_bone": "2024-12-22 03:47:43 +0000"
    },
    "done": true
  },
  "minecraft:recipes/misc/bone_meal": {
    "criteria": {
      "has_bone": "2024-12-22 03:47:43 +0000"
    },
    "done": true
  },
  "travelersbackpack:recipes/misc/wolf": {
    "criteria": {
      "has_bone": "2024-12-22 03:47:43 +0000"
    },
    "done": true
  },
  "doggytalents:recipes/tools/conducting_bone": {
    "criteria": {
      "has_bone": "2024-12-22 03:47:43 +0000"
    },
    "done": true
  },
  "minecraft:recipes/building_blocks/emerald_block": {
    "criteria": {
      "has_emerald": "2024-12-22 03:47:59 +0000"
    },
    "done": true
  },
  "travelersbackpack:recipes/misc/emerald": {
    "criteria": {
      "has_emerald": "2024-12-22 03:47:59 +0000"
    },
    "done": true
  },
  "iceandfire:recipes/misc/silver_ingot_to_silver_nugget": {
    "criteria": {
      "has_silver_ingot": "2024-12-22 03:49:14 +0000"
    },
    "done": true
  },
  "iceandfire:recipes/building_blocks/silver_ingot_to_silver_block": {
    "criteria": {
      "has_silver_ingot": "2024-12-22 03:49:14 +0000"
    },
    "done": true
  },
  "iceandfire:recipes/tools/silver_pickaxe": {
    "criteria": {
      "has_the_recipe": "2024-12-22 03:49:44 +0000"
    },
    "done": true
  },
  "minecraft:recipes/misc/book": {
    "criteria": {
      "has_paper": "2024-12-22 03:50:58 +0000"
    },
    "done": true
  },
  "doggytalents:recipes/decorations/head_band_blank": {
    "criteria": {
      "has_paper": "2024-12-22 03:50:58 +0000"
    },
    "done": true
  },
  "doggytalents:recipes/decorations/birthday_hat_alt": {
    "criteria": {
      "has_paper": "2024-12-22 03:50:58 +0000"
    },
    "done": true
  },
  "minecraft:recipes/decorations/cartography_table": {
    "criteria": {
      "has_paper": "2024-12-22 03:50:58 +0000"
    },
    "done": true
  },
  "minecraft:recipes/food/bread": {
    "criteria": {
      "has_wheat": "2024-12-22 03:50:59 +0000"
    },
    "done": true
  },
  "minecraft:recipes/building_blocks/hay_block": {
    "criteria": {
      "has_wheat": "2024-12-22 03:50:59 +0000"
    },
    "done": true
  },
  "travelersbackpack:recipes/misc/hay": {
    "criteria": {
      "has_wheat": "2024-12-22 03:50:59 +0000"
    },
    "done": true
  },
  "minecraft:recipes/food/baked_potato_from_campfire_cooking": {
    "criteria": {
      "has_potato": "2024-12-22 03:51:00 +0000"
    },
    "done": true
  },
  "minecraft:recipes/food/baked_potato": {
    "criteria": {
      "has_potato": "2024-12-22 03:51:00 +0000"
    },
    "done": true
  },
  "minecraft:recipes/food/baked_potato_from_smoking": {
    "criteria": {
      "has_potato": "2024-12-22 03:51:00 +0000"
    },
    "done": true
  },
  "minecraft:recipes/building_blocks/bookshelf": {
    "criteria": {
      "has_book": "2024-12-22 03:51:18 +0000"
    },
    "done": true
  },
  "minecraft:recipes/redstone/lectern": {
    "criteria": {
      "has_book": "2024-12-22 03:51:18 +0000"
    },
    "done": true
  },
  "minecraft:recipes/building_blocks/chiseled_bookshelf": {
    "criteria": {
      "has_book": "2024-12-22 03:51:18 +0000"
    },
    "done": true
  },
  "minecraft:recipes/misc/writable_book": {
    "criteria": {
      "has_book": "2024-12-22 03:51:18 +0000"
    },
    "done": true
  },
  "travelersbackpack:recipes/misc/bookshelf": {
    "criteria": {
      "has_book": "2024-12-22 03:51:18 +0000"
    },
    "done": true
  },
  "minecraft:recipes/building_blocks/light_gray_concrete_powder": {
    "criteria": {
      "has_sand": "2024-12-22 04:27:16 +0000"
    },
    "done": true
  },
  "minecraft:recipes/building_blocks/pink_concrete_powder": {
    "criteria": {
      "has_sand": "2024-12-22 04:27:16 +0000"
    },
    "done": true
  },
  "minecraft:recipes/building_blocks/sandstone_slab": {
    "criteria": {
      "has_sandstone": "2024-12-22 04:44:07 +0000"
    },
    "done": true
  },
  "minecraft:recipes/combat/diamond_leggings": {
    "criteria": {
      "has_diamond": "2024-12-22 04:26:46 +0000"
    },
    "done": true
  },
  "twilightforest:recipes/decorations/iron_ladder": {
    "criteria": {
      "has_iron_bars": "2024-12-22 03:55:50 +0000"
    },
    "done": true
  },
  "minecraft:recipes/misc/blue_dye": {
    "criteria": {
      "has_lapis_lazuli": "2024-12-22 04:32:55 +0000"
    },
    "done": true
  },
  "doggytalents:recipes/tools/shrinking_mallet": {
    "criteria": {
      "has_gold_ingot": "2024-12-22 04:09:14 +0000"
    },
    "done": true
  },
  "minecraft:recipes/building_blocks/jungle_wood": {
    "criteria": {
      "has_log": "2024-12-22 04:19:18 +0000"
    },
    "done": true
  },
  "minecraft:story/deflect_arrow": {
    "criteria": {
      "deflected_projectile": "2024-12-22 04:32:11 +0000"
    },
    "done": true
  },
  "minecraft:recipes/tools/golden_axe": {
    "criteria": {
      "has_gold_ingot": "2024-12-22 04:09:14 +0000"
    },
    "done": true
  },
  "minecraft:recipes/building_blocks/red_concrete_powder": {
    "criteria": {
      "has_sand": "2024-12-22 04:27:16 +0000"
    },
    "done": true
  },
  "minecraft:recipes/tools/golden_pickaxe": {
    "criteria": {
      "has_gold_ingot": "2024-12-22 04:09:14 +0000"
    },
    "done": true
  },
  "minecraft:nether/brew_potion": {
    "criteria": {
      "potion": "2024-12-22 04:03:02 +0000"
    },
    "done": true
  },
  "minecraft:recipes/building_blocks/lapis_block": {
    "criteria": {
      "has_lapis_lazuli": "2024-12-22 04:32:55 +0000"
    },
    "done": true
  },
  "minecraft:recipes/building_blocks/raw_iron_block": {
    "criteria": {
      "has_raw_iron": "2024-12-22 04:31:55 +0000"
    },
    "done": true
  },
  "minecraft:recipes/building_blocks/brown_concrete_powder": {
    "criteria": {
      "has_sand": "2024-12-22 04:27:16 +0000"
    },
    "done": true
  },
  "minecraft:recipes/combat/diamond_sword": {
    "criteria": {
      "has_diamond": "2024-12-22 04:26:46 +0000"
    },
    "done": true
  },
  "minecraft:recipes/decorations/jukebox": {
    "criteria": {
      "has_diamond": "2024-12-22 04:26:46 +0000"
    },
    "done": true
  },
  "minecraft:recipes/misc/gold_nugget": {
    "criteria": {
      "has_gold_ingot": "2024-12-22 04:09:14 +0000"
    },
    "done": true
  },
  "doggytalents:recipes/tools/radio_collar": {
    "criteria": {
      "has_redstone": "2024-12-22 04:05:41 +0000"
    },
    "done": true
  },
  "alexsmobs:alexsmobs/rattlesnake": {
    "criteria": {
      "killed": "2024-12-22 04:00:36 +0000"
    },
    "done": true
  },
  "minecraft:recipes/building_blocks/light_blue_concrete_powder": {
    "criteria": {
      "has_sand": "2024-12-22 04:27:16 +0000"
    },
    "done": true
  },
  "minecraft:recipes/building_blocks/glass": {
    "criteria": {
      "has_smelts_to_glass": "2024-12-22 04:27:16 +0000"
    },
    "done": true
  },
  "minecraft:recipes/tools/golden_shovel": {
    "criteria": {
      "has_gold_ingot": "2024-12-22 04:09:14 +0000"
    },
    "done": true
  },
  "minecraft:recipes/building_blocks/smooth_sandstone": {
    "criteria": {
      "has_sandstone": "2024-12-22 04:44:07 +0000"
    },
    "done": true
  },
  "minecraft:recipes/combat/diamond_chestplate": {
    "criteria": {
      "has_diamond": "2024-12-22 04:26:46 +0000"
    },
    "done": true
  },
  "minecraft:recipes/redstone/redstone_torch": {
    "criteria": {
      "has_redstone": "2024-12-22 04:05:41 +0000"
    },
    "done": true
  },
  "minecraft:recipes/food/golden_apple": {
    "criteria": {
      "has_gold_ingot": "2024-12-22 04:09:14 +0000"
    },
    "done": true
  },
  "minecraft:recipes/building_blocks/green_concrete_powder": {
    "criteria": {
      "has_sand": "2024-12-22 04:27:16 +0000"
    },
    "done": true
  },
  "doggytalents:recipes/decorations/witch_hat": {
    "criteria": {
      "has_potion": "2024-12-22 04:03:03 +0000"
    },
    "done": true
  },
  "minecraft:recipes/tools/clock": {
    "criteria": {
      "has_redstone": "2024-12-22 04:05:41 +0000"
    },
    "done": true
  },
  "minecraft:recipes/misc/gold_ingot_from_nuggets": {
    "criteria": {
      "has_gold_nugget": "2024-12-22 04:08:52 +0000"
    },
    "done": true
  },
  "travelersbackpack:recipes/misc/sandstone": {
    "criteria": {
      "has_sandstone": "2024-12-22 04:44:07 +0000"
    },
    "done": true
  },
  "minecraft:recipes/decorations/sandstone_wall_from_sandstone_stonecutting": {
    "criteria": {
      "has_sandstone": "2024-12-22 04:44:07 +0000"
    },
    "done": true
  },
  "minecraft:recipes/combat/golden_boots": {
    "criteria": {
      "has_gold_ingot": "2024-12-22 04:09:14 +0000"
    },
    "done": true
  },
  "minecraft:recipes/building_blocks/chiseled_sandstone": {
    "criteria": {
      "has_sandstone_slab": "2024-12-22 04:03:59 +0000"
    },
    "done": true
  },
  "minecraft:recipes/combat/arrow": {
    "criteria": {
      "has_feather": "2024-12-22 04:32:02 +0000"
    },
    "done": true
  },
  "travelersbackpack:recipes/misc/creeper": {
    "criteria": {
      "has_gunpowder": "2024-12-22 03:58:45 +0000"
    },
    "done": true
  },
  "minecraft:recipes/building_blocks/blue_concrete_powder": {
    "criteria": {
      "has_sand": "2024-12-22 04:27:16 +0000"
    },
    "done": true
  },
  "minecraft:recipes/building_blocks/granite_slab_from_granite_stonecutting": {
    "criteria": {
      "has_granite": "2024-12-22 04:32:45 +0000"
    },
    "done": true
  },
  "minecraft:recipes/combat/golden_helmet": {
    "criteria": {
      "has_gold_ingot": "2024-12-22 04:09:14 +0000"
    },
    "done": true
  },
  "minecraft:recipes/building_blocks/cut_sandstone": {
    "criteria": {
      "has_sandstone": "2024-12-22 04:44:07 +0000"
    },
    "done": true
  },
  "minecraft:recipes/food/cooked_rabbit": {
    "criteria": {
      "has_rabbit": "2024-12-22 04:00:09 +0000"
    },
    "done": true
  },
  "doggytalents:recipes/decorations/smarty_glasses": {
    "criteria": {
      "has_redstone": "2024-12-22 04:05:41 +0000"
    },
    "done": true
  },
  "minecraft:recipes/food/cooked_rabbit_from_smoking": {
    "criteria": {
      "has_rabbit": "2024-12-22 04:00:09 +0000"
    },
    "done": true
  },
  "minecraft:recipes/brewing/golden_carrot": {
    "criteria": {
      "has_gold_nugget": "2024-12-22 04:08:52 +0000"
    },
    "done": true
  },
  "minecraft:adventure/sleep_in_bed": {
    "criteria": {
      "slept_in_bed": "2024-12-22 04:25:55 +0000"
    },
    "done": true
  },
  "minecraft:recipes/food/cooked_rabbit_from_campfire_cooking": {
    "criteria": {
      "has_rabbit": "2024-12-22 04:00:09 +0000"
    },
    "done": true
  },
  "minecraft:recipes/building_blocks/white_concrete_powder": {
    "criteria": {
      "has_sand": "2024-12-22 04:27:16 +0000"
    },
    "done": true
  },
  "minecraft:recipes/tools/diamond_pickaxe": {
    "criteria": {
      "has_diamond": "2024-12-22 04:26:46 +0000"
    },
    "done": true
  },
  "minecraft:recipes/decorations/granite_wall_from_granite_stonecutting": {
    "criteria": {
      "has_granite": "2024-12-22 04:32:45 +0000"
    },
    "done": true
  },
  "minecraft:recipes/combat/golden_chestplate": {
    "criteria": {
      "has_gold_ingot": "2024-12-22 04:09:14 +0000"
    },
    "done": true
  },
  "travelersbackpack:recipes/misc/gold": {
    "criteria": {
      "has_gold_ingot": "2024-12-22 04:09:14 +0000"
    },
    "done": true
  },
  "doggytalents:recipes/tools/magnifying_bone": {
    "criteria": {
      "has_gold_ingot": "2024-12-22 04:09:14 +0000"
    },
    "done": true
  },
  "minecraft:recipes/building_blocks/sandstone_stairs_from_sandstone_stonecutting": {
    "criteria": {
      "has_sandstone": "2024-12-22 04:44:07 +0000"
    },
    "done": true
  },
  "iceandfire:recipes/tools/silver_axe": {
    "criteria": {
      "has_the_recipe": "2024-12-22 04:09:33 +0000"
    },
    "done": true
  },
  "iceandfire:iceandfire/lectern": {
    "criteria": {
      "bestiary": "2024-12-22 04:08:17 +0000"
    },
    "done": true
  },
  "iceandfire:recipes/misc/bestiary": {
    "criteria": {
      "has_item": "2024-12-22 04:08:23 +0000"
    },
    "done": true
  },
  "minecraft:recipes/building_blocks/polished_granite_from_granite_stonecutting": {
    "criteria": {
      "has_granite": "2024-12-22 04:32:45 +0000"
    },
    "done": true
  },
  "doggytalents:recipes/tools/canine_tracker": {
    "criteria": {
      "has_gold_ingot": "2024-12-22 04:09:14 +0000"
    },
    "done": true
  },
  "minecraft:recipes/redstone/jungle_button": {
    "criteria": {
      "has_planks": "2024-12-22 04:18:38 +0000"
    },
    "done": true
  },
  "minecraft:recipes/redstone/note_block": {
    "criteria": {
      "has_redstone": "2024-12-22 04:05:41 +0000"
    },
    "done": true
  },
  "minecraft:recipes/redstone/target": {
    "criteria": {
      "has_redstone": "2024-12-22 04:05:41 +0000"
    },
    "done": true
  },
  "minecraft:recipes/tools/diamond_hoe": {
    "criteria": {
      "has_diamond": "2024-12-22 04:26:46 +0000"
    },
    "done": true
  },
  "minecraft:recipes/tools/diamond_shovel": {
    "criteria": {
      "has_diamond": "2024-12-22 04:26:46 +0000"
    },
    "done": true
  },
  "travelersbackpack:recipes/misc/chicken": {
    "criteria": {
      "has_feather": "2024-12-22 04:32:02 +0000"
    },
    "done": true
  },
  "minecraft:recipes/building_blocks/granite_slab": {
    "criteria": {
      "has_granite": "2024-12-22 04:32:45 +0000"
    },
    "done": true
  },
  "minecraft:recipes/redstone/light_weighted_pressure_plate": {
    "criteria": {
      "has_gold_ingot": "2024-12-22 04:09:14 +0000"
    },
    "done": true
  },
  "minecraft:recipes/tools/compass": {
    "criteria": {
      "has_redstone": "2024-12-22 04:05:41 +0000"
    },
    "done": true
  },
  "iceandfire:recipes/tools/silver_sword": {
    "criteria": {
      "has_the_recipe": "2024-12-22 04:16:15 +0000"
    },
    "done": true
  },
  "minecraft:recipes/building_blocks/jungle_stairs": {
    "criteria": {
      "has_planks": "2024-12-22 04:18:38 +0000"
    },
    "done": true
  },
  "minecraft:recipes/redstone/jungle_fence_gate": {
    "criteria": {
      "has_planks": "2024-12-22 04:18:38 +0000"
    },
    "done": true
  },
  "minecraft:recipes/combat/diamond_boots": {
    "criteria": {
      "has_diamond": "2024-12-22 04:26:46 +0000"
    },
    "done": true
  },
  "minecraft:recipes/building_blocks/lime_concrete_powder": {
    "criteria": {
      "has_sand": "2024-12-22 04:27:16 +0000"
    },
    "done": true
  },
  "travelersbackpack:recipes/misc/diamond_tier_upgrade": {
    "criteria": {
      "has_diamond": "2024-12-22 04:26:46 +0000"
    },
    "done": true
  },
  "minecraft:recipes/building_blocks/sandstone_stairs": {
    "criteria": {
      "has_sandstone": "2024-12-22 04:44:07 +0000"
    },
    "done": true
  },
  "doggytalents:recipes/decorations/baker_hat": {
    "criteria": {
      "has_bread": "2024-12-22 04:00:59 +0000"
    },
    "done": true
  },
  "travelersbackpack:recipes/misc/redstone": {
    "criteria": {
      "has_redstone": "2024-12-22 04:05:41 +0000"
    },
    "done": true
  },
  "iceandfire:recipes/building_blocks/silver_nugget_to_silver_ingot": {
    "criteria": {
      "has_silver_nugget": "2024-12-22 04:08:57 +0000"
    },
    "done": true
  },
  "minecraft:recipes/building_blocks/orange_concrete_powder": {
    "criteria": {
      "has_sand": "2024-12-22 04:27:16 +0000"
    },
    "done": true
  },
  "minecraft:recipes/building_blocks/granite_stairs": {
    "criteria": {
      "has_granite": "2024-12-22 04:32:45 +0000"
    },
    "done": true
  },
  "minecraft:recipes/misc/leather": {
    "criteria": {
      "has_rabbit_hide": "2024-12-22 04:00:09 +0000"
    },
    "done": true
  },
  "minecraft:recipes/building_blocks/jungle_planks": {
    "criteria": {
      "has_logs": "2024-12-22 04:18:30 +0000"
    },
    "done": true
  },
  "minecraft:recipes/building_blocks/granite_stairs_from_granite_stonecutting": {
    "criteria": {
      "has_granite": "2024-12-22 04:32:45 +0000"
    },
    "done": true
  },
  "doggytalents:recipes/tools/feathered_mantle": {
    "criteria": {
      "has_feather": "2024-12-22 04:32:02 +0000"
    },
    "done": true
  },
  "minecraft:recipes/brewing/fermented_spider_eye": {
    "criteria": {
      "has_spider_eye": "2024-12-22 04:36:56 +0000"
    },
    "done": true
  },
  "minecraft:recipes/misc/iron_ingot_from_smelting_raw_iron": {
    "criteria": {
      "has_raw_iron": "2024-12-22 04:31:55 +0000"
    },
    "done": true
  },
  "minecraft:recipes/building_blocks/magenta_concrete_powder": {
    "criteria": {
      "has_sand": "2024-12-22 04:27:16 +0000"
    },
    "done": true
  },
  "minecraft:recipes/building_blocks/cut_sandstone_from_sandstone_stonecutting": {
    "criteria": {
      "has_sandstone": "2024-12-22 04:44:07 +0000"
    },
    "done": true
  },
  "minecraft:recipes/redstone/jungle_trapdoor": {
    "criteria": {
      "has_planks": "2024-12-22 04:18:38 +0000"
    },
    "done": true
  },
  "minecraft:recipes/building_blocks/chiseled_sandstone_from_sandstone_stonecutting": {
    "criteria": {
      "has_sandstone": "2024-12-22 04:44:07 +0000"
    },
    "done": true
  },
  "minecraft:recipes/decorations/granite_wall": {
    "criteria": {
      "has_granite": "2024-12-22 04:32:45 +0000"
    },
    "done": true
  },
  "minecraft:recipes/building_blocks/polished_granite_slab_from_granite_stonecutting": {
    "criteria": {
      "has_granite": "2024-12-22 04:32:45 +0000"
    },
    "done": true
  },
  "minecraft:recipes/combat/diamond_helmet": {
    "criteria": {
      "has_diamond": "2024-12-22 04:26:46 +0000"
    },
    "done": true
  },
  "minecraft:recipes/decorations/jungle_sign": {
    "criteria": {
      "has_planks": "2024-12-22 04:18:38 +0000"
    },
    "done": true
  },
  "minecraft:recipes/building_blocks/cut_sandstone_slab_from_sandstone_stonecutting": {
    "criteria": {
      "has_sandstone": "2024-12-22 04:44:07 +0000"
    },
    "done": true
  },
  "minecraft:recipes/building_blocks/sandstone_slab_from_sandstone_stonecutting": {
    "criteria": {
      "has_sandstone": "2024-12-22 04:44:07 +0000"
    },
    "done": true
  },
  "minecraft:recipes/redstone/dropper": {
    "criteria": {
      "has_redstone": "2024-12-22 04:05:41 +0000"
    },
    "done": true
  },
  "minecraft:recipes/transportation/carrot_on_a_stick": {
    "criteria": {
      "has_carrot": "2024-12-22 04:49:51 +0000"
    },
    "done": true
  },
  "minecraft:recipes/redstone/jungle_door": {
    "criteria": {
      "has_planks": "2024-12-22 04:18:38 +0000"
    },
    "done": true
  },
  "minecraft:recipes/building_blocks/polished_granite": {
    "criteria": {
      "has_granite": "2024-12-22 04:32:45 +0000"
    },
    "done": true
  },
  "iceandfire:recipes/food/gold_pile": {
    "criteria": {
      "has_item": "2024-12-22 04:08:52 +0000"
    },
    "done": true
  },
  "minecraft:recipes/building_blocks/yellow_concrete_powder": {
    "criteria": {
      "has_sand": "2024-12-22 04:27:16 +0000"
    },
    "done": true
  },
  "minecraft:recipes/combat/golden_sword": {
    "criteria": {
      "has_gold_ingot": "2024-12-22 04:09:14 +0000"
    },
    "done": true
  },
  "minecraft:recipes/building_blocks/gold_block": {
    "criteria": {
      "has_gold_ingot": "2024-12-22 04:09:14 +0000"
    },
    "done": true
  },
  "minecraft:recipes/brewing/cauldron": {
    "criteria": {
      "has_water_bucket": "2024-12-22 04:34:38 +0000"
    },
    "done": true
  },
  "minecraft:recipes/building_blocks/sandstone": {
    "criteria": {
      "has_sand": "2024-12-22 04:27:16 +0000"
    },
    "done": true
  },
  "minecraft:recipes/decorations/jungle_fence": {
    "criteria": {
      "has_planks": "2024-12-22 04:18:38 +0000"
    },
    "done": true
  },
  "minecraft:recipes/redstone/redstone_block": {
    "criteria": {
      "has_redstone": "2024-12-22 04:05:41 +0000"
    },
    "done": true
  },
  "travelersbackpack:recipes/misc/lapis": {
    "criteria": {
      "has_lapis_lazuli": "2024-12-22 04:32:55 +0000"
    },
    "done": true
  },
  "travelersbackpack:recipes/misc/diamond": {
    "criteria": {
      "has_diamond": "2024-12-22 04:26:46 +0000"
    },
    "done": true
  },
  "minecraft:recipes/redstone/jungle_pressure_plate": {
    "criteria": {
      "has_planks": "2024-12-22 04:18:38 +0000"
    },
    "done": true
  },
  "minecraft:recipes/misc/iron_ingot_from_blasting_raw_iron": {
    "criteria": {
      "has_raw_iron": "2024-12-22 04:31:55 +0000"
    },
    "done": true
  },
  "iceandfire:recipes/combat/armor_silver_metal_helmet": {
    "criteria": {
      "has_the_recipe": "2024-12-22 04:13:09 +0000"
    },
    "done": true
  },
  "minecraft:recipes/building_blocks/gray_concrete_powder": {
    "criteria": {
      "has_sand": "2024-12-22 04:27:16 +0000"
    },
    "done": true
  },
  "doggytalents:recipes/decorations/hot_dog": {
    "criteria": {
      "has_bread": "2024-12-22 04:00:59 +0000"
    },
    "done": true
  },
  "minecraft:recipes/building_blocks/black_concrete_powder": {
    "criteria": {
      "has_sand": "2024-12-22 04:27:16 +0000"
    },
    "done": true
  },
  "travelersbackpack:recipes/misc/gold_tier_upgrade": {
    "criteria": {
      "has_gold_ingot": "2024-12-22 04:09:14 +0000"
    },
    "done": true
  },
  "minecraft:recipes/building_blocks/diamond_block": {
    "criteria": {
      "has_diamond": "2024-12-22 04:26:46 +0000"
    },
    "done": true
  },
  "minecraft:recipes/decorations/sandstone_wall": {
    "criteria": {
      "has_sandstone": "2024-12-22 04:44:07 +0000"
    },
    "done": true
  },
  "minecraft:recipes/misc/wheat": {
    "criteria": {
      "has_hay_block": "2024-12-22 04:17:14 +0000"
    },
    "done": true
  },
  "minecraft:recipes/tools/golden_hoe": {
    "criteria": {
      "has_gold_ingot": "2024-12-22 04:09:14 +0000"
    },
    "done": true
  },
  "minecraft:recipes/misc/firework_rocket_simple": {
    "criteria": {
      "has_gunpowder": "2024-12-22 03:58:45 +0000"
    },
    "done": true
  },
  "minecraft:recipes/redstone/tnt": {
    "criteria": {
      "has_gunpowder": "2024-12-22 03:58:45 +0000"
    },
    "done": true
  },
  "minecraft:recipes/building_blocks/purple_concrete_powder": {
    "criteria": {
      "has_sand": "2024-12-22 04:27:16 +0000"
    },
    "done": true
  },
  "minecraft:story/mine_diamond": {
    "criteria": {
      "diamond": "2024-12-22 04:26:46 +0000"
    },
    "done": true
  },
  "minecraft:recipes/building_blocks/polished_granite_stairs_from_granite_stonecutting": {
    "criteria": {
      "has_granite": "2024-12-22 04:32:45 +0000"
    },
    "done": true
  },
  "minecraft:recipes/building_blocks/cyan_concrete_powder": {
    "criteria": {
      "has_sand": "2024-12-22 04:27:16 +0000"
    },
    "done": true
  },
  "minecraft:recipes/tools/diamond_axe": {
    "criteria": {
      "has_diamond": "2024-12-22 04:26:46 +0000"
    },
    "done": true
  },
  "minecraft:recipes/building_blocks/jungle_slab": {
    "criteria": {
      "has_planks": "2024-12-22 04:18:38 +0000"
    },
    "done": true
  },
  "minecraft:recipes/combat/golden_leggings": {
    "criteria": {
      "has_gold_ingot": "2024-12-22 04:09:14 +0000"
    },
    "done": true
  },
  "minecraft:recipes/redstone/piston": {
    "criteria": {
      "has_redstone": "2024-12-22 04:05:41 +0000"
    },
    "done": true
  },
  "DataVersion": 3465
}