{
  "takesapillage:root": {
    "criteria": {
      "always": "2024-12-20 22:21:26 +0000"
    },
    "done": true
  },
  "minecraft:recipes/decorations/crafting_table": {
    "criteria": {
      "unlock_right_away": "2024-12-20 22:21:26 +0000"
    },
    "done": true
  },
  "cataclysm:root": {
    "criteria": {
      "custom_test_name": "2024-12-20 22:21:26 +0000"
    },
    "done": true
  },
  "iceandfire:iceandfire/root": {
    "criteria": {
      "tick": "2024-12-20 22:21:26 +0000"
    },
    "done": true
  },
  "dungeons_arise:wda_root": {
    "criteria": {
      "WDA": "2024-12-20 22:21:26 +0000"
    },
    "done": true
  },
  "minecraft:adventure/adventuring_time": {
    "criteria": {
      "minecraft:windswept_savanna": "2024-12-20 22:21:27 +0000",
      "minecraft:warm_ocean": "2024-12-20 22:24:44 +0000"
    },
    "done": false
  },
  "alexsmobs:alexsmobs/root": {
    "criteria": {
      "useitem": "2024-12-20 22:22:09 +0000"
    },
    "done": true
  },
  "minecraft:husbandry/root": {
    "criteria": {
      "consumed_item": "2024-12-20 22:22:09 +0000"
    },
    "done": true
  },
  "minecraft:adventure/root": {
    "criteria": {
      "killed_by_something": "2024-12-20 22:24:20 +0000"
    },
    "done": true
  },
  "twilightforest:recipes/transportation/twilight_oak_boat": {
    "criteria": {
      "in_water": "2024-12-20 22:24:29 +0000"
    },
    "done": true
  },
  "twilightforest:recipes/transportation/time_boat": {
    "criteria": {
      "in_water": "2024-12-20 22:24:29 +0000"
    },
    "done": true
  },
  "twilightforest:recipes/transportation/mining_boat": {
    "criteria": {
      "in_water": "2024-12-20 22:24:29 +0000"
    },
    "done": true
  },
  "twilightforest:recipes/transportation/mangrove_boat": {
    "criteria": {
      "in_water": "2024-12-20 22:24:29 +0000"
    },
    "done": true
  },
  "twilightforest:recipes/transportation/transformation_boat": {
    "criteria": {
      "in_water": "2024-12-20 22:24:29 +0000"
    },
    "done": true
  },
  "minecraft:recipes/transportation/cherry_boat": {
    "criteria": {
      "in_water": "2024-12-20 22:24:29 +0000"
    },
    "done": true
  },
  "minecraft:recipes/transportation/bamboo_raft": {
    "criteria": {
      "in_water": "2024-12-20 22:24:29 +0000"
    },
    "done": true
  },
  "minecraft:recipes/transportation/spruce_boat": {
    "criteria": {
      "in_water": "2024-12-20 22:24:29 +0000"
    },
    "done": true
  },
  "minecraft:recipes/transportation/birch_boat": {
    "criteria": {
      "in_water": "2024-12-20 22:24:29 +0000"
    },
    "done": true
  },
  "minecraft:recipes/transportation/oak_boat": {
    "criteria": {
      "in_water": "2024-12-20 22:24:29 +0000"
    },
    "done": true
  },
  "minecraft:recipes/transportation/mangrove_boat": {
    "criteria": {
      "in_water": "2024-12-20 22:24:29 +0000"
    },
    "done": true
  },
  "twilightforest:recipes/transportation/canopy_boat": {
    "criteria": {
      "in_water": "2024-12-20 22:24:29 +0000"
    },
    "done": true
  },
  "twilightforest:recipes/transportation/dark_boat": {
    "criteria": {
      "in_water": "2024-12-20 22:24:29 +0000"
    },
    "done": true
  },
  "minecraft:recipes/transportation/acacia_boat": {
    "criteria": {
      "in_water": "2024-12-20 22:24:29 +0000"
    },
    "done": true
  },
  "twilightforest:recipes/transportation/sorting_boat": {
    "criteria": {
      "in_water": "2024-12-20 22:24:29 +0000"
    },
    "done": true
  },
  "minecraft:recipes/transportation/jungle_boat": {
    "criteria": {
      "in_water": "2024-12-20 22:24:29 +0000"
    },
    "done": true
  },
  "minecraft:recipes/transportation/dark_oak_boat": {
    "criteria": {
      "in_water": "2024-12-20 22:24:29 +0000"
    },
    "done": true
  },
  "minecraft:recipes/redstone/lever": {
    "criteria": {
      "has_cobblestone": "2024-12-20 22:24:39 +0000"
    },
    "done": true
  },
  "minecraft:recipes/combat/stone_sword": {
    "criteria": {
      "has_cobblestone": "2024-12-20 22:24:39 +0000"
    },
    "done": true
  },
  "minecraft:recipes/decorations/cobblestone_wall": {
    "criteria": {
      "has_cobblestone": "2024-12-20 22:24:39 +0000"
    },
    "done": true
  },
  "minecraft:recipes/tools/stone_axe": {
    "criteria": {
      "has_cobblestone": "2024-12-20 22:24:39 +0000"
    },
    "done": true
  },
  "minecraft:story/mine_stone": {
    "criteria": {
      "get_stone": "2024-12-20 22:24:39 +0000"
    },
    "done": true
  },
  "minecraft:recipes/decorations/furnace": {
    "criteria": {
      "has_cobblestone": "2024-12-20 22:24:39 +0000"
    },
    "done": true
  },
  "minecraft:recipes/building_blocks/cobblestone_slab_from_cobblestone_stonecutting": {
    "criteria": {
      "has_cobblestone": "2024-12-20 22:24:39 +0000"
    },
    "done": true
  },
  "minecraft:recipes/building_blocks/stone": {
    "criteria": {
      "has_cobblestone": "2024-12-20 22:24:39 +0000"
    },
    "done": true
  },
  "minecraft:recipes/tools/stone_pickaxe": {
    "criteria": {
      "has_cobblestone": "2024-12-20 22:24:39 +0000"
    },
    "done": true
  },
  "minecraft:recipes/building_blocks/cobblestone_slab": {
    "criteria": {
      "has_cobblestone": "2024-12-20 22:24:39 +0000"
    },
    "done": true
  },
  "minecraft:recipes/decorations/cobblestone_wall_from_cobblestone_stonecutting": {
    "criteria": {
      "has_cobblestone": "2024-12-20 22:24:39 +0000"
    },
    "done": true
  },
  "minecraft:recipes/building_blocks/cobblestone_stairs_from_cobblestone_stonecutting": {
    "criteria": {
      "has_cobblestone": "2024-12-20 22:24:39 +0000"
    },
    "done": true
  },
  "minecraft:recipes/building_blocks/cobblestone_stairs": {
    "criteria": {
      "has_cobblestone": "2024-12-20 22:24:39 +0000"
    },
    "done": true
  },
  "minecraft:recipes/tools/stone_hoe": {
    "criteria": {
      "has_cobblestone": "2024-12-20 22:24:39 +0000"
    },
    "done": true
  },
  "minecraft:recipes/tools/stone_shovel": {
    "criteria": {
      "has_cobblestone": "2024-12-20 22:24:39 +0000"
    },
    "done": true
  },
  "minecraft:adventure/kill_all_mobs": {
    "criteria": {
      "minecraft:skeleton": "2024-12-20 22:24:46 +0000"
    },
    "done": false
  },
  "minecraft:adventure/kill_a_mob": {
    "criteria": {
      "minecraft:skeleton": "2024-12-20 22:24:46 +0000"
    },
    "done": true
  },
  "travelersbackpack:recipes/misc/skeleton": {
    "criteria": {
      "has_arrow": "2024-12-20 22:24:49 +0000"
    },
    "done": true
  },
  "doggytalents:recipes/decorations/pianist_suit": {
    "criteria": {
      "has_string": "2024-12-20 22:24:54 +0000"
    },
    "done": true
  },
  "minecraft:recipes/combat/bow": {
    "criteria": {
      "has_string": "2024-12-20 22:24:54 +0000"
    },
    "done": true
  },
  "doggytalents:recipes/decorations/bowtie": {
    "criteria": {
      "has_string": "2024-12-20 22:24:54 +0000"
    },
    "done": true
  },
  "doggytalents:recipes/decorations/guard_suit": {
    "criteria": {
      "has_string": "2024-12-20 22:24:54 +0000"
    },
    "done": true
  },
  "minecraft:recipes/tools/fishing_rod": {
    "criteria": {
      "has_string": "2024-12-20 22:24:54 +0000"
    },
    "done": true
  },
  "doggytalents:recipes/decorations/locator_orb_rei": {
    "criteria": {
      "has_string": "2024-12-20 22:24:54 +0000"
    },
    "done": true
  },
  "minecraft:recipes/redstone/tripwire_hook": {
    "criteria": {
      "has_string": "2024-12-20 22:24:54 +0000"
    },
    "done": true
  },
  "travelersbackpack:recipes/misc/spider": {
    "criteria": {
      "has_string": "2024-12-20 22:24:54 +0000"
    },
    "done": true
  },
  "doggytalents:recipes/decorations/wig": {
    "criteria": {
      "has_string": "2024-12-20 22:24:54 +0000"
    },
    "done": true
  },
  "minecraft:recipes/decorations/candle": {
    "criteria": {
      "has_string": "2024-12-20 22:24:54 +0000"
    },
    "done": true
  },
  "doggytalents:recipes/decorations/wool_collar_thicc": {
    "criteria": {
      "has_string": "2024-12-20 22:24:54 +0000"
    },
    "done": true
  },
  "doggytalents:recipes/decorations/locator_orb_shin": {
    "criteria": {
      "has_string": "2024-12-20 22:24:54 +0000"
    },
    "done": true
  },
  "doggytalents:recipes/tools/empty_locator_orb": {
    "criteria": {
      "has_string": "2024-12-20 22:24:54 +0000"
    },
    "done": true
  },
  "doggytalents:recipes/decorations/bach_wig": {
    "criteria": {
      "has_string": "2024-12-20 22:24:54 +0000"
    },
    "done": true
  },
  "doggytalents:recipes/decorations/tengu_mask": {
    "criteria": {
      "has_string": "2024-12-20 22:24:54 +0000"
    },
    "done": true
  },
  "doggytalents:recipes/decorations/locator_orb_jin": {
    "criteria": {
      "has_string": "2024-12-20 22:24:54 +0000"
    },
    "done": true
  },
  "doggytalents:recipes/decorations/wool_collar": {
    "criteria": {
      "has_string": "2024-12-20 22:24:54 +0000"
    },
    "done": true
  },
  "doggytalents:recipes/misc/gender_bone": {
    "criteria": {
      "has_string": "2024-12-20 22:24:54 +0000"
    },
    "done": true
  },
  "doggytalents:recipes/decorations/kitsune_mask": {
    "criteria": {
      "has_string": "2024-12-20 22:24:54 +0000"
    },
    "done": true
  },
  "minecraft:recipes/building_blocks/white_wool_from_string": {
    "criteria": {
      "has_string": "2024-12-20 22:24:54 +0000"
    },
    "done": true
  },
  "doggytalents:recipes/decorations/locator_orb_chu": {
    "criteria": {
      "has_string": "2024-12-20 22:24:54 +0000"
    },
    "done": true
  },
  "doggytalents:recipes/decorations/locator_orb_chi": {
    "criteria": {
      "has_string": "2024-12-20 22:24:54 +0000"
    },
    "done": true
  },
  "minecraft:recipes/combat/crossbow": {
    "criteria": {
      "has_string": "2024-12-20 22:24:54 +0000"
    },
    "done": true
  },
  "doggytalents:recipes/decorations/locator_orb_tei": {
    "criteria": {
      "has_string": "2024-12-20 22:24:54 +0000"
    },
    "done": true
  },
  "doggytalents:recipes/decorations/locator_orb_ko": {
    "criteria": {
      "has_string": "2024-12-20 22:24:54 +0000"
    },
    "done": true
  },
  "minecraft:recipes/decorations/loom": {
    "criteria": {
      "has_string": "2024-12-20 22:24:54 +0000"
    },
    "done": true
  },
  "doggytalents:recipes/decorations/locator_orb_gi": {
    "criteria": {
      "has_string": "2024-12-20 22:24:54 +0000"
    },
    "done": true
  },
  "doggytalents:recipes/decorations/locator_orb_dyable": {
    "criteria": {
      "has_string": "2024-12-20 22:24:54 +0000"
    },
    "done": true
  },
  "minecraft:recipes/redstone/acacia_button": {
    "criteria": {
      "has_planks": "2024-12-22 03:34:56 +0000"
    },
    "done": true
  },
  "minecraft:recipes/decorations/ladder": {
    "criteria": {
      "has_stick": "2024-12-22 03:35:40 +0000"
    },
    "done": true
  },
  "minecraft:recipes/combat/iron_leggings": {
    "criteria": {
      "has_iron_ingot": "2024-12-22 03:39:37 +0000"
    },
    "done": true
  },
  "iceandfire:recipes/misc/dragon_meal": {
    "criteria": {
      "has_item": "2024-12-22 03:39:35 +0000"
    },
    "done": true
  },
  "travelersbackpack:recipes/misc/coal": {
    "criteria": {
      "has_coal": "2024-12-22 03:35:58 +0000"
    },
    "done": true
  },
  "minecraft:story/obtain_armor": {
    "criteria": {
      "iron_chestplate": "2024-12-22 03:40:57 +0000"
    },
    "done": true
  },
  "minecraft:recipes/misc/iron_nugget_from_smelting": {
    "criteria": {
      "has_iron_axe": "2024-12-22 03:39:37 +0000"
    },
    "done": true
  },
  "minecraft:recipes/food/cooked_mutton_from_smoking": {
    "criteria": {
      "has_mutton": "2024-12-22 03:39:35 +0000"
    },
    "done": true
  },
  "minecraft:recipes/redstone/acacia_pressure_plate": {
    "criteria": {
      "has_planks": "2024-12-22 03:34:56 +0000"
    },
    "done": true
  },
  "minecraft:story/iron_tools": {
    "criteria": {
      "iron_pickaxe": "2024-12-22 03:40:50 +0000"
    },
    "done": true
  },
  "minecraft:recipes/combat/iron_chestplate": {
    "criteria": {
      "has_iron_ingot": "2024-12-22 03:39:37 +0000"
    },
    "done": true
  },
  "minecraft:recipes/decorations/oak_sign": {
    "criteria": {
      "has_planks": "2024-12-22 03:36:06 +0000"
    },
    "done": true
  },
  "minecraft:recipes/redstone/oak_trapdoor": {
    "criteria": {
      "has_planks": "2024-12-22 03:36:06 +0000"
    },
    "done": true
  },
  "travelersbackpack:recipes/misc/backpack_tank": {
    "criteria": {
      "has_iron": "2024-12-22 03:39:37 +0000"
    },
    "done": true
  },
  "doggytalents:recipes/decorations/superdog_suit": {
    "criteria": {
      "has_iron_ingot": "2024-12-22 03:39:37 +0000"
    },
    "done": true
  },
  "minecraft:recipes/misc/iron_nugget": {
    "criteria": {
      "has_iron_ingot": "2024-12-22 03:39:37 +0000"
    },
    "done": true
  },
  "doggytalents:recipes/combat/sussy_sickle": {
    "criteria": {
      "has_iron_ingot": "2024-12-22 03:39:37 +0000"
    },
    "done": true
  },
  "minecraft:recipes/misc/bucket": {
    "criteria": {
      "has_iron_ingot": "2024-12-22 03:39:37 +0000"
    },
    "done": true
  },
  "iceandfire:recipes/tools/silver_ingot_from_smelting_raw_silver": {
    "criteria": {
      "has_raw_silver": "2024-12-22 03:40:12 +0000"
    },
    "done": true
  },
  "minecraft:recipes/combat/iron_helmet": {
    "criteria": {
      "has_iron_ingot": "2024-12-22 03:39:37 +0000"
    },
    "done": true
  },
  "minecraft:recipes/building_blocks/acacia_slab": {
    "criteria": {
      "has_planks": "2024-12-22 03:34:56 +0000"
    },
    "done": true
  },
  "minecraft:recipes/transportation/minecart": {
    "criteria": {
      "has_iron_ingot": "2024-12-22 03:39:37 +0000"
    },
    "done": true
  },
  "minecraft:recipes/tools/iron_hoe": {
    "criteria": {
      "has_iron_ingot": "2024-12-22 03:39:37 +0000"
    },
    "done": true
  },
  "doggytalents:recipes/decorations/sunglasses": {
    "criteria": {
      "has_stick": "2024-12-22 03:35:40 +0000"
    },
    "done": true
  },
  "minecraft:recipes/tools/wooden_axe": {
    "criteria": {
      "has_stick": "2024-12-22 03:35:40 +0000"
    },
    "done": true
  },
  "doggytalents:recipes/tools/whistle": {
    "criteria": {
      "has_iron_ingot": "2024-12-22 03:39:37 +0000"
    },
    "done": true
  },
  "minecraft:recipes/redstone/acacia_trapdoor": {
    "criteria": {
      "has_planks": "2024-12-22 03:34:56 +0000"
    },
    "done": true
  },
  "doggytalents:recipes/food/uncooked_rice_bowl": {
    "criteria": {
      "has_dtn_rice_grains": "2024-12-22 03:35:35 +0000"
    },
    "done": true
  },
  "doggytalents:recipes/decorations/giant_stick": {
    "criteria": {
      "has_stick": "2024-12-22 03:35:40 +0000"
    },
    "done": true
  },
  "travelersbackpack:recipes/misc/crafting_upgrade": {
    "criteria": {
      "has_crafting_table": "2024-12-22 03:35:03 +0000"
    },
    "done": true
  },
  "minecraft:story/smelt_iron": {
    "criteria": {
      "iron": "2024-12-22 03:39:37 +0000"
    },
    "done": true
  },
  "minecraft:recipes/decorations/smoker": {
    "criteria": {
      "has_furnace": "2024-12-22 03:41:23 +0000"
    },
    "done": true
  },
  "minecraft:recipes/decorations/chest": {
    "criteria": {
      "has_lots_of_items": "2024-12-22 03:35:40 +0000"
    },
    "done": true
  },
  "minecraft:recipes/tools/shears": {
    "criteria": {
      "has_iron_ingot": "2024-12-22 03:39:37 +0000"
    },
    "done": true
  },
  "minecraft:recipes/misc/stick": {
    "criteria": {
      "has_planks": "2024-12-22 03:34:56 +0000"
    },
    "done": true
  },
  "doggytalents:recipes/decorations/propeller_hat": {
    "criteria": {
      "has_iron_ingot": "2024-12-22 03:39:37 +0000"
    },
    "done": true
  },
  "minecraft:recipes/building_blocks/oak_stairs": {
    "criteria": {
      "has_planks": "2024-12-22 03:36:06 +0000"
    },
    "done": true
  },
  "minecraft:recipes/decorations/chain": {
    "criteria": {
      "has_iron_ingot": "2024-12-22 03:39:37 +0000"
    },
    "done": true
  },
  "minecraft:recipes/decorations/oak_fence": {
    "criteria": {
      "has_planks": "2024-12-22 03:36:06 +0000"
    },
    "done": true
  },
  "minecraft:recipes/building_blocks/iron_block": {
    "criteria": {
      "has_iron_ingot": "2024-12-22 03:39:37 +0000"
    },
    "done": true
  },
  "memory_of_the_past:first_level_up": {
    "criteria": {
      "first_level_up_0": "2024-12-22 03:35:58 +0000"
    },
    "done": true
  },
  "iceandfire:recipes/misc/earplugs": {
    "criteria": {
      "has_item": "2024-12-22 03:34:56 +0000"
    },
    "done": true
  },
  "minecraft:recipes/decorations/smithing_table": {
    "criteria": {
      "has_iron_ingot": "2024-12-22 03:39:37 +0000"
    },
    "done": true
  },
  "minecraft:recipes/building_blocks/acacia_stairs": {
    "criteria": {
      "has_planks": "2024-12-22 03:34:56 +0000"
    },
    "done": true
  },
  "iceandfire:recipes/building_blocks/raw_silver_to_raw_silver_block": {
    "criteria": {
      "has_raw_silver": "2024-12-22 03:40:12 +0000"
    },
    "done": true
  },
  "minecraft:recipes/redstone/acacia_door": {
    "criteria": {
      "has_planks": "2024-12-22 03:34:56 +0000"
    },
    "done": true
  },
  "minecraft:recipes/redstone/acacia_fence_gate": {
    "criteria": {
      "has_planks": "2024-12-22 03:34:56 +0000"
    },
    "done": true
  },
  "minecraft:recipes/building_blocks/coal_block": {
    "criteria": {
      "has_coal": "2024-12-22 03:35:58 +0000"
    },
    "done": true
  },
  "minecraft:recipes/redstone/oak_button": {
    "criteria": {
      "has_planks": "2024-12-22 03:36:06 +0000"
    },
    "done": true
  },
  "iceandfire:recipes/tools/silver_ingot_from_blasting_raw_silver": {
    "criteria": {
      "has_raw_silver": "2024-12-22 03:40:12 +0000"
    },
    "done": true
  },
  "minecraft:recipes/combat/iron_sword": {
    "criteria": {
      "has_iron_ingot": "2024-12-22 03:39:37 +0000"
    },
    "done": true
  },
  "minecraft:recipes/tools/iron_pickaxe": {
    "criteria": {
      "has_iron_ingot": "2024-12-22 03:39:37 +0000"
    },
    "done": true
  },
  "minecraft:recipes/decorations/torch": {
    "criteria": {
      "has_stone_pickaxe": "2024-12-22 03:39:05 +0000"
    },
    "done": true
  },
  "minecraft:recipes/combat/shield": {
    "criteria": {
      "has_iron_ingot": "2024-12-22 03:39:37 +0000"
    },
    "done": true
  },
  "minecraft:recipes/redstone/hopper": {
    "criteria": {
      "has_iron_ingot": "2024-12-22 03:39:37 +0000"
    },
    "done": true
  },
  "travelersbackpack:recipes/misc/iron": {
    "criteria": {
      "has_iron_ingot": "2024-12-22 03:39:37 +0000"
    },
    "done": true
  },
  "minecraft:recipes/decorations/iron_bars": {
    "criteria": {
      "has_iron_ingot": "2024-12-22 03:39:37 +0000"
    },
    "done": true
  },
  "fantasyfurniture:recipes/misc/furniture_station": {
    "criteria": {
      "has_crafting_table": "2024-12-22 03:35:03 +0000"
    },
    "done": true
  },
  "minecraft:recipes/building_blocks/oak_slab": {
    "criteria": {
      "has_planks": "2024-12-22 03:36:06 +0000"
    },
    "done": true
  },
  "travelersbackpack:recipes/misc/iron_tier_upgrade": {
    "criteria": {
      "has_iron_ingot": "2024-12-22 03:39:37 +0000"
    },
    "done": true
  },
  "minecraft:recipes/combat/iron_boots": {
    "criteria": {
      "has_iron_ingot": "2024-12-22 03:39:37 +0000"
    },
    "done": true
  },
  "travelersbackpack:recipes/misc/hose_nozzle": {
    "criteria": {
      "has_iron": "2024-12-22 03:39:37 +0000"
    },
    "done": true
  },
  "minecraft:recipes/decorations/acacia_sign": {
    "criteria": {
      "has_planks": "2024-12-22 03:34:56 +0000"
    },
    "done": true
  },
  "minecraft:recipes/decorations/lantern": {
    "criteria": {
      "has_iron_ingot": "2024-12-22 03:39:37 +0000"
    },
    "done": true
  },
  "minecraft:recipes/food/cooked_mutton": {
    "criteria": {
      "has_mutton": "2024-12-22 03:39:35 +0000"
    },
    "done": true
  },
  "minecraft:recipes/decorations/campfire": {
    "criteria": {
      "has_stick": "2024-12-22 03:35:40 +0000"
    },
    "done": true
  },
  "minecraft:recipes/tools/wooden_hoe": {
    "criteria": {
      "has_stick": "2024-12-22 03:35:40 +0000"
    },
    "done": true
  },
  "minecraft:recipes/redstone/oak_fence_gate": {
    "criteria": {
      "has_planks": "2024-12-22 03:36:06 +0000"
    },
    "done": true
  },
  "minecraft:recipes/misc/charcoal": {
    "criteria": {
      "has_log": "2024-12-22 03:35:40 +0000"
    },
    "done": true
  },
  "minecraft:recipes/tools/wooden_pickaxe": {
    "criteria": {
      "has_stick": "2024-12-22 03:35:40 +0000"
    },
    "done": true
  },
  "minecraft:recipes/tools/iron_shovel": {
    "criteria": {
      "has_iron_ingot": "2024-12-22 03:39:37 +0000"
    },
    "done": true
  },
  "doggytalents:recipes/food/training_treat": {
    "criteria": {
      "has_dtn_rice_grains": "2024-12-22 03:35:35 +0000"
    },
    "done": true
  },
  "minecraft:story/upgrade_tools": {
    "criteria": {
      "stone_pickaxe": "2024-12-22 03:39:05 +0000"
    },
    "done": true
  },
  "minecraft:recipes/redstone/oak_pressure_plate": {
    "criteria": {
      "has_planks": "2024-12-22 03:36:06 +0000"
    },
    "done": true
  },
  "minecraft:recipes/redstone/oak_door": {
    "criteria": {
      "has_planks": "2024-12-22 03:36:06 +0000"
    },
    "done": true
  },
  "minecraft:recipes/food/cooked_mutton_from_campfire_cooking": {
    "criteria": {
      "has_mutton": "2024-12-22 03:39:35 +0000"
    },
    "done": true
  },
  "minecraft:recipes/tools/wooden_shovel": {
    "criteria": {
      "has_stick": "2024-12-22 03:35:40 +0000"
    },
    "done": true
  },
  "minecraft:recipes/decorations/acacia_fence": {
    "criteria": {
      "has_planks": "2024-12-22 03:34:56 +0000"
    },
    "done": true
  },
  "minecraft:recipes/redstone/iron_trapdoor": {
    "criteria": {
      "has_iron_ingot": "2024-12-22 03:39:37 +0000"
    },
    "done": true
  },
  "minecraft:recipes/building_blocks/acacia_wood": {
    "criteria": {
      "has_log": "2024-12-22 03:35:40 +0000"
    },
    "done": true
  },
  "minecraft:recipes/combat/wooden_sword": {
    "criteria": {
      "has_stick": "2024-12-22 03:35:40 +0000"
    },
    "done": true
  },
  "minecraft:recipes/building_blocks/oak_planks": {
    "criteria": {
      "has_logs": "2024-12-22 03:35:40 +0000"
    },
    "done": true
  },
  "minecraft:recipes/tools/iron_axe": {
    "criteria": {
      "has_iron_ingot": "2024-12-22 03:39:37 +0000"
    },
    "done": true
  },
  "minecraft:recipes/misc/iron_nugget_from_blasting": {
    "criteria": {
      "has_iron_axe": "2024-12-22 03:39:37 +0000"
    },
    "done": true
  },
  "minecraft:recipes/decorations/barrel": {
    "criteria": {
      "has_planks": "2024-12-22 03:34:56 +0000"
    },
    "done": true
  },
  "alexsmobs:alexsmobs/kangaroo": {
    "criteria": {
      "killed_by": "2024-12-22 03:39:47 +0000"
    },
    "done": true
  },
  "minecraft:husbandry/balanced_diet": {
    "criteria": {
      "mutton": "2024-12-22 03:39:51 +0000"
    },
    "done": false
  },
  "minecraft:recipes/building_blocks/oak_wood": {
    "criteria": {
      "has_log": "2024-12-22 03:35:40 +0000"
    },
    "done": true
  },
  "minecraft:story/root": {
    "criteria": {
      "crafting_table": "2024-12-22 03:35:03 +0000"
    },
    "done": true
  },
  "doggytalents:recipes/building_blocks/dog_bath": {
    "criteria": {
      "has_iron_ingot": "2024-12-22 03:39:37 +0000"
    },
    "done": true
  },
  "doggytalents:recipes/building_blocks/food_bowl": {
    "criteria": {
      "has_iron_ingot": "2024-12-22 03:39:37 +0000"
    },
    "done": true
  },
  "minecraft:recipes/building_blocks/acacia_planks": {
    "criteria": {
      "has_log": "2024-12-22 03:35:40 +0000"
    },
    "done": true
  },
  "minecraft:recipes/redstone/iron_door": {
    "criteria": {
      "has_iron_ingot": "2024-12-22 03:39:37 +0000"
    },
    "done": true
  },
  "minecraft:recipes/redstone/heavy_weighted_pressure_plate": {
    "criteria": {
      "has_iron_ingot": "2024-12-22 03:39:37 +0000"
    },
    "done": true
  },
  "DataVersion": 3465
}