{
  "travelersbackpack:recipes/misc/coal": {
    "criteria": {
      "has_coal": "2024-12-23 04:05:30 +0000"
    },
    "done": true
  },
  "takesapillage:root": {
    "criteria": {
      "always": "2024-12-23 04:05:30 +0000"
    },
    "done": true
  },
  "doggytalents:recipes/decorations/pianist_suit": {
    "criteria": {
      "has_string": "2024-12-23 04:05:30 +0000"
    },
    "done": true
  },
  "minecraft:recipes/combat/bow": {
    "criteria": {
      "has_string": "2024-12-23 04:05:30 +0000"
    },
    "done": true
  },
  "doggytalents:recipes/decorations/bowtie": {
    "criteria": {
      "has_string": "2024-12-23 04:05:30 +0000"
    },
    "done": true
  },
  "doggytalents:recipes/decorations/guard_suit": {
    "criteria": {
      "has_string": "2024-12-23 04:05:30 +0000"
    },
    "done": true
  },
  "minecraft:recipes/tools/fishing_rod": {
    "criteria": {
      "has_string": "2024-12-23 04:05:30 +0000"
    },
    "done": true
  },
  "minecraft:recipes/decorations/crafting_table": {
    "criteria": {
      "unlock_right_away": "2024-12-23 04:05:30 +0000"
    },
    "done": true
  },
  "minecraft:recipes/decorations/chest": {
    "criteria": {
      "has_lots_of_items": "2024-12-23 04:05:30 +0000"
    },
    "done": true
  },
  "minecraft:story/shiny_gear": {
    "criteria": {
      "diamond_leggings": "2024-12-23 04:05:30 +0000"
    },
    "done": true
  },
  "minecraft:recipes/building_blocks/birch_wood": {
    "criteria": {
      "has_log": "2024-12-23 04:05:30 +0000"
    },
    "done": true
  },
  "doggytalents:recipes/decorations/locator_orb_rei": {
    "criteria": {
      "has_string": "2024-12-23 04:05:30 +0000"
    },
    "done": true
  },
  "minecraft:recipes/redstone/tripwire_hook": {
    "criteria": {
      "has_string": "2024-12-23 04:05:30 +0000"
    },
    "done": true
  },
  "travelersbackpack:recipes/misc/spider": {
    "criteria": {
      "has_string": "2024-12-23 04:05:30 +0000"
    },
    "done": true
  },
  "doggytalents:recipes/decorations/wig": {
    "criteria": {
      "has_string": "2024-12-23 04:05:30 +0000"
    },
    "done": true
  },
  "minecraft:recipes/decorations/candle": {
    "criteria": {
      "has_string": "2024-12-23 04:05:30 +0000"
    },
    "done": true
  },
  "doggytalents:recipes/decorations/wool_collar_thicc": {
    "criteria": {
      "has_string": "2024-12-23 04:05:30 +0000"
    },
    "done": true
  },
  "minecraft:recipes/building_blocks/coal_block": {
    "criteria": {
      "has_coal": "2024-12-23 04:05:30 +0000"
    },
    "done": true
  },
  "cataclysm:root": {
    "criteria": {
      "custom_test_name": "2024-12-23 04:05:30 +0000"
    },
    "done": true
  },
  "doggytalents:recipes/decorations/locator_orb_shin": {
    "criteria": {
      "has_string": "2024-12-23 04:05:30 +0000"
    },
    "done": true
  },
  "doggytalents:recipes/tools/empty_locator_orb": {
    "criteria": {
      "has_string": "2024-12-23 04:05:30 +0000"
    },
    "done": true
  },
  "iceandfire:iceandfire/root": {
    "criteria": {
      "tick": "2024-12-23 04:05:30 +0000"
    },
    "done": true
  },
  "doggytalents:recipes/decorations/bach_wig": {
    "criteria": {
      "has_string": "2024-12-23 04:05:30 +0000"
    },
    "done": true
  },
  "doggytalents:recipes/decorations/baker_hat": {
    "criteria": {
      "has_bread": "2024-12-23 04:05:30 +0000"
    },
    "done": true
  },
  "doggytalents:recipes/decorations/tengu_mask": {
    "criteria": {
      "has_string": "2024-12-23 04:05:30 +0000"
    },
    "done": true
  },
  "minecraft:recipes/building_blocks/birch_planks": {
    "criteria": {
      "has_logs": "2024-12-23 04:05:30 +0000"
    },
    "done": true
  },
  "travelersbackpack:recipes/misc/skeleton": {
    "criteria": {
      "has_arrow": "2024-12-23 04:05:30 +0000"
    },
    "done": true
  },
  "dungeons_arise:wda_root": {
    "criteria": {
      "WDA": "2024-12-23 04:05:30 +0000"
    },
    "done": true
  },
  "minecraft:recipes/decorations/campfire": {
    "criteria": {
      "has_coal": "2024-12-23 04:05:30 +0000"
    },
    "done": true
  },
  "minecraft:recipes/misc/charcoal": {
    "criteria": {
      "has_log": "2024-12-23 04:05:30 +0000"
    },
    "done": true
  },
  "doggytalents:recipes/decorations/locator_orb_jin": {
    "criteria": {
      "has_string": "2024-12-23 04:05:30 +0000"
    },
    "done": true
  },
  "doggytalents:recipes/decorations/wool_collar": {
    "criteria": {
      "has_string": "2024-12-23 04:05:30 +0000"
    },
    "done": true
  },
  "doggytalents:recipes/misc/gender_bone": {
    "criteria": {
      "has_string": "2024-12-23 04:05:30 +0000"
    },
    "done": true
  },
  "doggytalents:recipes/decorations/kitsune_mask": {
    "criteria": {
      "has_string": "2024-12-23 04:05:30 +0000"
    },
    "done": true
  },
  "minecraft:recipes/redstone/dispenser": {
    "criteria": {
      "has_bow": "2024-12-23 04:05:30 +0000"
    },
    "done": true
  },
  "minecraft:recipes/brewing/cauldron": {
    "criteria": {
      "has_water_bucket": "2024-12-23 04:05:30 +0000"
    },
    "done": true
  },
  "minecraft:recipes/building_blocks/white_wool_from_string": {
    "criteria": {
      "has_string": "2024-12-23 04:05:30 +0000"
    },
    "done": true
  },
  "doggytalents:recipes/decorations/locator_orb_chu": {
    "criteria": {
      "has_string": "2024-12-23 04:05:30 +0000"
    },
    "done": true
  },
  "doggytalents:recipes/decorations/locator_orb_chi": {
    "criteria": {
      "has_string": "2024-12-23 04:05:30 +0000"
    },
    "done": true
  },
  "doggytalents:recipes/decorations/hot_dog": {
    "criteria": {
      "has_bread": "2024-12-23 04:05:30 +0000"
    },
    "done": true
  },
  "minecraft:recipes/combat/crossbow": {
    "criteria": {
      "has_string": "2024-12-23 04:05:30 +0000"
    },
    "done": true
  },
  "doggytalents:recipes/decorations/locator_orb_tei": {
    "criteria": {
      "has_string": "2024-12-23 04:05:30 +0000"
    },
    "done": true
  },
  "doggytalents:recipes/decorations/locator_orb_ko": {
    "criteria": {
      "has_string": "2024-12-23 04:05:30 +0000"
    },
    "done": true
  },
  "minecraft:recipes/decorations/loom": {
    "criteria": {
      "has_string": "2024-12-23 04:05:30 +0000"
    },
    "done": true
  },
  "doggytalents:recipes/decorations/locator_orb_gi": {
    "criteria": {
      "has_string": "2024-12-23 04:05:30 +0000"
    },
    "done": true
  },
  "doggytalents:recipes/decorations/locator_orb_dyable": {
    "criteria": {
      "has_string": "2024-12-23 04:05:30 +0000"
    },
    "done": true
  },
  "minecraft:adventure/adventuring_time": {
    "criteria": {
      "minecraft:taiga": "2024-12-23 04:25:07 +0000",
      "minecraft:deep_ocean": "2024-12-23 04:05:31 +0000",
      "minecraft:sunflower_plains": "2024-12-23 04:35:49 +0000",
      "minecraft:savanna_plateau": "2024-12-23 04:23:50 +0000",
      "minecraft:river": "2024-12-23 04:24:10 +0000",
      "minecraft:lukewarm_ocean": "2024-12-23 08:21:14 +0000",
      "minecraft:forest": "2024-12-23 07:48:52 +0000",
      "minecraft:lush_caves": "2024-12-23 07:01:26 +0000",
      "minecraft:desert": "2024-12-23 04:10:12 +0000",
      "minecraft:ocean": "2024-12-23 04:09:19 +0000",
      "minecraft:windswept_savanna": "2024-12-23 06:26:03 +0000",
      "minecraft:warm_ocean": "2024-12-23 06:26:04 +0000",
      "minecraft:deep_lukewarm_ocean": "2024-12-23 08:20:26 +0000",
      "minecraft:savanna": "2024-12-23 04:23:30 +0000",
      "minecraft:plains": "2024-12-23 04:35:28 +0000"
    },
    "done": false
  },
  "minecraft:husbandry/root": {
    "criteria": {
      "consumed_item": "2024-12-23 04:06:02 +0000"
    },
    "done": true
  },
  "minecraft:husbandry/balanced_diet": {
    "criteria": {
      "cooked_beef": "2024-12-23 21:52:40 +0000",
      "bread": "2024-12-23 04:06:02 +0000",
      "enchanted_golden_apple": "2024-12-23 07:02:57 +0000"
    },
    "done": false
  },
  "twilightforest:recipes/transportation/twilight_oak_boat": {
    "criteria": {
      "in_water": "2024-12-23 04:08:40 +0000"
    },
    "done": true
  },
  "twilightforest:recipes/transportation/time_boat": {
    "criteria": {
      "in_water": "2024-12-23 04:08:40 +0000"
    },
    "done": true
  },
  "twilightforest:recipes/transportation/mining_boat": {
    "criteria": {
      "in_water": "2024-12-23 04:08:40 +0000"
    },
    "done": true
  },
  "twilightforest:recipes/transportation/mangrove_boat": {
    "criteria": {
      "in_water": "2024-12-23 04:08:40 +0000"
    },
    "done": true
  },
  "twilightforest:recipes/transportation/transformation_boat": {
    "criteria": {
      "in_water": "2024-12-23 04:08:40 +0000"
    },
    "done": true
  },
  "minecraft:recipes/transportation/cherry_boat": {
    "criteria": {
      "in_water": "2024-12-23 04:08:40 +0000"
    },
    "done": true
  },
  "minecraft:recipes/transportation/bamboo_raft": {
    "criteria": {
      "in_water": "2024-12-23 04:08:40 +0000"
    },
    "done": true
  },
  "minecraft:recipes/transportation/spruce_boat": {
    "criteria": {
      "in_water": "2024-12-23 04:08:40 +0000"
    },
    "done": true
  },
  "minecraft:recipes/transportation/birch_boat": {
    "criteria": {
      "in_water": "2024-12-23 04:08:40 +0000"
    },
    "done": true
  },
  "minecraft:recipes/transportation/oak_boat": {
    "criteria": {
      "in_water": "2024-12-23 04:08:40 +0000"
    },
    "done": true
  },
  "minecraft:recipes/transportation/mangrove_boat": {
    "criteria": {
      "in_water": "2024-12-23 04:08:40 +0000"
    },
    "done": true
  },
  "twilightforest:recipes/transportation/canopy_boat": {
    "criteria": {
      "in_water": "2024-12-23 04:08:40 +0000"
    },
    "done": true
  },
  "twilightforest:recipes/transportation/dark_boat": {
    "criteria": {
      "in_water": "2024-12-23 04:08:40 +0000"
    },
    "done": true
  },
  "minecraft:recipes/transportation/acacia_boat": {
    "criteria": {
      "in_water": "2024-12-23 04:08:40 +0000"
    },
    "done": true
  },
  "twilightforest:recipes/transportation/sorting_boat": {
    "criteria": {
      "in_water": "2024-12-23 04:08:40 +0000"
    },
    "done": true
  },
  "minecraft:recipes/transportation/jungle_boat": {
    "criteria": {
      "in_water": "2024-12-23 04:08:40 +0000"
    },
    "done": true
  },
  "minecraft:recipes/transportation/dark_oak_boat": {
    "criteria": {
      "in_water": "2024-12-23 04:08:40 +0000"
    },
    "done": true
  },
  "minecraft:adventure/kill_all_mobs": {
    "criteria": {
      "minecraft:skeleton": "2024-12-23 04:12:15 +0000",
      "minecraft:ghast": "2024-12-23 07:18:03 +0000",
      "minecraft:hoglin": "2024-12-23 07:10:47 +0000",
      "minecraft:spider": "2024-12-23 04:15:56 +0000",
      "minecraft:creeper": "2024-12-23 04:14:57 +0000",
      "minecraft:cave_spider": "2024-12-23 06:29:00 +0000",
      "minecraft:piglin": "2024-12-23 07:08:31 +0000",
      "minecraft:enderman": "2024-12-23 04:15:19 +0000",
      "minecraft:zombie": "2024-12-23 04:10:01 +0000",
      "minecraft:zombie_villager": "2024-12-23 08:10:33 +0000"
    },
    "done": false
  },
  "minecraft:adventure/root": {
    "criteria": {
      "killed_something": "2024-12-23 04:10:01 +0000"
    },
    "done": true
  },
  "minecraft:adventure/kill_a_mob": {
    "criteria": {
      "minecraft:zombie": "2024-12-23 04:10:01 +0000"
    },
    "done": true
  },
  "iceandfire:recipes/combat/deathworm_white_helmet": {
    "criteria": {
      "has_item": "2024-12-23 04:10:32 +0000"
    },
    "done": true
  },
  "iceandfire:recipes/combat/deathworm_white_leggings": {
    "criteria": {
      "has_item": "2024-12-23 04:10:32 +0000"
    },
    "done": true
  },
  "iceandfire:recipes/combat/deathworm_white_chestplate": {
    "criteria": {
      "has_item": "2024-12-23 04:10:32 +0000"
    },
    "done": true
  },
  "iceandfire:recipes/combat/deathworm_white_boots": {
    "criteria": {
      "has_item": "2024-12-23 04:10:32 +0000"
    },
    "done": true
  },
  "minecraft:recipes/tools/flint_and_steel": {
    "criteria": {
      "has_obsidian": "2024-12-23 04:10:39 +0000"
    },
    "done": true
  },
  "minecraft:story/form_obsidian": {
    "criteria": {
      "obsidian": "2024-12-23 04:10:39 +0000"
    },
    "done": true
  },
  "minecraft:recipes/decorations/enchanting_table": {
    "criteria": {
      "has_obsidian": "2024-12-23 04:10:39 +0000"
    },
    "done": true
  },
  "minecraft:recipes/building_blocks/light_gray_concrete_powder": {
    "criteria": {
      "has_sand": "2024-12-23 04:11:18 +0000"
    },
    "done": true
  },
  "minecraft:recipes/building_blocks/pink_concrete_powder": {
    "criteria": {
      "has_sand": "2024-12-23 04:11:18 +0000"
    },
    "done": true
  },
  "minecraft:recipes/building_blocks/red_concrete_powder": {
    "criteria": {
      "has_sand": "2024-12-23 04:11:18 +0000"
    },
    "done": true
  },
  "minecraft:recipes/building_blocks/brown_concrete_powder": {
    "criteria": {
      "has_sand": "2024-12-23 04:11:18 +0000"
    },
    "done": true
  },
  "minecraft:recipes/building_blocks/light_blue_concrete_powder": {
    "criteria": {
      "has_sand": "2024-12-23 04:11:18 +0000"
    },
    "done": true
  },
  "minecraft:recipes/building_blocks/glass": {
    "criteria": {
      "has_smelts_to_glass": "2024-12-23 04:11:18 +0000"
    },
    "done": true
  },
  "minecraft:recipes/building_blocks/green_concrete_powder": {
    "criteria": {
      "has_sand": "2024-12-23 04:11:18 +0000"
    },
    "done": true
  },
  "minecraft:recipes/building_blocks/blue_concrete_powder": {
    "criteria": {
      "has_sand": "2024-12-23 04:11:18 +0000"
    },
    "done": true
  },
  "minecraft:recipes/building_blocks/white_concrete_powder": {
    "criteria": {
      "has_sand": "2024-12-23 04:11:18 +0000"
    },
    "done": true
  },
  "minecraft:recipes/building_blocks/lime_concrete_powder": {
    "criteria": {
      "has_sand": "2024-12-23 04:11:18 +0000"
    },
    "done": true
  },
  "minecraft:recipes/building_blocks/orange_concrete_powder": {
    "criteria": {
      "has_sand": "2024-12-23 04:11:18 +0000"
    },
    "done": true
  },
  "minecraft:recipes/building_blocks/magenta_concrete_powder": {
    "criteria": {
      "has_sand": "2024-12-23 04:11:18 +0000"
    },
    "done": true
  },
  "minecraft:recipes/building_blocks/yellow_concrete_powder": {
    "criteria": {
      "has_sand": "2024-12-23 04:11:18 +0000"
    },
    "done": true
  },
  "minecraft:recipes/building_blocks/sandstone": {
    "criteria": {
      "has_sand": "2024-12-23 04:11:18 +0000"
    },
    "done": true
  },
  "minecraft:recipes/building_blocks/gray_concrete_powder": {
    "criteria": {
      "has_sand": "2024-12-23 04:11:18 +0000"
    },
    "done": true
  },
  "minecraft:recipes/building_blocks/black_concrete_powder": {
    "criteria": {
      "has_sand": "2024-12-23 04:11:18 +0000"
    },
    "done": true
  },
  "minecraft:recipes/building_blocks/purple_concrete_powder": {
    "criteria": {
      "has_sand": "2024-12-23 04:11:18 +0000"
    },
    "done": true
  },
  "minecraft:recipes/building_blocks/cyan_concrete_powder": {
    "criteria": {
      "has_sand": "2024-12-23 04:11:18 +0000"
    },
    "done": true
  },
  "minecraft:recipes/misc/light_gray_dye_from_white_tulip": {
    "criteria": {
      "has_white_tulip": "2024-12-23 04:11:58 +0000"
    },
    "done": true
  },
  "doggytalents:recipes/food/uncooked_rice_bowl": {
    "criteria": {
      "has_dtn_rice_grains": "2024-12-23 04:12:05 +0000"
    },
    "done": true
  },
  "doggytalents:recipes/food/training_treat": {
    "criteria": {
      "has_dtn_rice_grains": "2024-12-23 04:12:05 +0000"
    },
    "done": true
  },
  "travelersbackpack:recipes/misc/diamond_smithing": {
    "criteria": {
      "has_diamond": "2024-12-23 04:12:06 +0000"
    },
    "done": true
  },
  "alexsmobs:alexsmobs/seagull_steal": {
    "criteria": {
      "ex": "2024-12-23 04:14:04 +0000"
    },
    "done": true
  },
  "minecraft:recipes/misc/copper_ingot_from_blasting_raw_copper": {
    "criteria": {
      "has_raw_copper": "2024-12-23 04:14:11 +0000"
    },
    "done": true
  },
  "minecraft:recipes/building_blocks/raw_copper_block": {
    "criteria": {
      "has_raw_copper": "2024-12-23 04:14:11 +0000"
    },
    "done": true
  },
  "minecraft:recipes/misc/copper_ingot_from_smelting_raw_copper": {
    "criteria": {
      "has_raw_copper": "2024-12-23 04:14:11 +0000"
    },
    "done": true
  },
  "travelersbackpack:recipes/misc/creeper": {
    "criteria": {
      "has_gunpowder": "2024-12-23 04:14:58 +0000"
    },
    "done": true
  },
  "minecraft:recipes/misc/firework_rocket_simple": {
    "criteria": {
      "has_gunpowder": "2024-12-23 04:14:58 +0000"
    },
    "done": true
  },
  "minecraft:recipes/redstone/tnt": {
    "criteria": {
      "has_gunpowder": "2024-12-23 04:14:58 +0000"
    },
    "done": true
  },
  "doggytalents:recipes/tools/throw_bone": {
    "criteria": {
      "has_bone": "2024-12-23 04:15:01 +0000"
    },
    "done": true
  },
  "minecraft:recipes/misc/bone_meal": {
    "criteria": {
      "has_bone": "2024-12-23 04:15:01 +0000"
    },
    "done": true
  },
  "travelersbackpack:recipes/misc/wolf": {
    "criteria": {
      "has_bone": "2024-12-23 04:15:01 +0000"
    },
    "done": true
  },
  "doggytalents:recipes/tools/conducting_bone": {
    "criteria": {
      "has_bone": "2024-12-23 04:15:01 +0000"
    },
    "done": true
  },
  "minecraft:recipes/misc/blue_dye_from_cornflower": {
    "criteria": {
      "has_cornflower": "2024-12-23 04:15:03 +0000"
    },
    "done": true
  },
  "minecraft:recipes/misc/orange_dye_from_orange_tulip": {
    "criteria": {
      "has_orange_tulip": "2024-12-23 04:15:43 +0000"
    },
    "done": true
  },
  "minecraft:recipes/misc/yellow_dye_from_dandelion": {
    "criteria": {
      "has_dandelion": "2024-12-23 04:15:44 +0000"
    },
    "done": true
  },
  "minecraft:recipes/misc/pink_dye_from_pink_tulip": {
    "criteria": {
      "has_pink_tulip": "2024-12-23 04:16:47 +0000"
    },
    "done": true
  },
  "minecraft:recipes/misc/magenta_dye_from_allium": {
    "criteria": {
      "has_allium": "2024-12-23 04:16:47 +0000"
    },
    "done": true
  },
  "minecraft:recipes/misc/diamond": {
    "criteria": {
      "has_diamond_block": "2024-12-23 04:18:38 +0000"
    },
    "done": true
  },
  "memory_of_the_past:first_level_up": {
    "criteria": {
      "first_level_up_0": "2024-12-23 04:18:38 +0000"
    },
    "done": true
  },
  "minecraft:recipes/misc/netherite_upgrade_smithing_template": {
    "criteria": {
      "has_netherite_upgrade_smithing_template": "2024-12-23 04:23:05 +0000"
    },
    "done": true
  },
  "minecraft:recipes/misc/nether_brick": {
    "criteria": {
      "has_netherrack": "2024-12-23 04:23:12 +0000"
    },
    "done": true
  },
  "minecraft:adventure/sleep_in_bed": {
    "criteria": {
      "slept_in_bed": "2024-12-23 04:25:39 +0000"
    },
    "done": true
  },
  "doggytalents:recipes/tools/shrinking_mallet": {
    "criteria": {
      "has_gold_ingot": "2024-12-23 04:26:52 +0000"
    },
    "done": true
  },
  "minecraft:recipes/tools/golden_axe": {
    "criteria": {
      "has_gold_ingot": "2024-12-23 04:26:52 +0000"
    },
    "done": true
  },
  "minecraft:recipes/tools/golden_pickaxe": {
    "criteria": {
      "has_gold_ingot": "2024-12-23 04:26:52 +0000"
    },
    "done": true
  },
  "minecraft:recipes/misc/gold_nugget": {
    "criteria": {
      "has_gold_ingot": "2024-12-23 04:26:52 +0000"
    },
    "done": true
  },
  "minecraft:recipes/tools/golden_shovel": {
    "criteria": {
      "has_gold_ingot": "2024-12-23 04:26:52 +0000"
    },
    "done": true
  },
  "minecraft:recipes/food/golden_apple": {
    "criteria": {
      "has_gold_ingot": "2024-12-23 04:26:52 +0000"
    },
    "done": true
  },
  "minecraft:recipes/combat/golden_boots": {
    "criteria": {
      "has_gold_ingot": "2024-12-23 04:26:52 +0000"
    },
    "done": true
  },
  "minecraft:recipes/combat/golden_helmet": {
    "criteria": {
      "has_gold_ingot": "2024-12-23 04:26:52 +0000"
    },
    "done": true
  },
  "minecraft:recipes/combat/golden_chestplate": {
    "criteria": {
      "has_gold_ingot": "2024-12-23 04:26:52 +0000"
    },
    "done": true
  },
  "travelersbackpack:recipes/misc/gold": {
    "criteria": {
      "has_gold_ingot": "2024-12-23 04:26:52 +0000"
    },
    "done": true
  },
  "doggytalents:recipes/tools/magnifying_bone": {
    "criteria": {
      "has_gold_ingot": "2024-12-23 04:26:52 +0000"
    },
    "done": true
  },
  "doggytalents:recipes/tools/canine_tracker": {
    "criteria": {
      "has_gold_ingot": "2024-12-23 04:26:52 +0000"
    },
    "done": true
  },
  "minecraft:recipes/redstone/light_weighted_pressure_plate": {
    "criteria": {
      "has_gold_ingot": "2024-12-23 04:26:52 +0000"
    },
    "done": true
  },
  "minecraft:recipes/combat/golden_sword": {
    "criteria": {
      "has_gold_ingot": "2024-12-23 04:26:52 +0000"
    },
    "done": true
  },
  "minecraft:recipes/building_blocks/gold_block": {
    "criteria": {
      "has_gold_ingot": "2024-12-23 04:26:52 +0000"
    },
    "done": true
  },
  "travelersbackpack:recipes/misc/gold_tier_upgrade": {
    "criteria": {
      "has_gold_ingot": "2024-12-23 04:26:52 +0000"
    },
    "done": true
  },
  "minecraft:recipes/tools/golden_hoe": {
    "criteria": {
      "has_gold_ingot": "2024-12-23 04:26:52 +0000"
    },
    "done": true
  },
  "minecraft:recipes/combat/golden_leggings": {
    "criteria": {
      "has_gold_ingot": "2024-12-23 04:26:52 +0000"
    },
    "done": true
  },
  "minecraft:recipes/building_blocks/emerald_block": {
    "criteria": {
      "has_emerald": "2024-12-23 04:27:10 +0000"
    },
    "done": true
  },
  "travelersbackpack:recipes/misc/emerald": {
    "criteria": {
      "has_emerald": "2024-12-23 04:27:10 +0000"
    },
    "done": true
  },
  "minecraft:recipes/food/bread": {
    "criteria": {
      "has_wheat": "2024-12-23 04:28:10 +0000"
    },
    "done": true
  },
  "minecraft:recipes/building_blocks/hay_block": {
    "criteria": {
      "has_wheat": "2024-12-23 04:28:10 +0000"
    },
    "done": true
  },
  "travelersbackpack:recipes/misc/hay": {
    "criteria": {
      "has_wheat": "2024-12-23 04:28:10 +0000"
    },
    "done": true
  },
  "iceandfire:recipes/misc/dragon_meal": {
    "criteria": {
      "has_item": "2024-12-23 04:28:13 +0000"
    },
    "done": true
  },
  "minecraft:recipes/combat/arrow": {
    "criteria": {
      "has_feather": "2024-12-23 04:28:13 +0000"
    },
    "done": true
  },
  "travelersbackpack:recipes/misc/chicken": {
    "criteria": {
      "has_feather": "2024-12-23 04:28:13 +0000"
    },
    "done": true
  },
  "doggytalents:recipes/tools/feathered_mantle": {
    "criteria": {
      "has_feather": "2024-12-23 04:28:13 +0000"
    },
    "done": true
  },
  "minecraft:recipes/decorations/glow_item_frame": {
    "criteria": {
      "has_item_frame": "2024-12-23 04:29:44 +0000"
    },
    "done": true
  },
  "minecraft:recipes/building_blocks/lime_terracotta": {
    "criteria": {
      "has_terracotta": "2024-12-23 04:30:33 +0000"
    },
    "done": true
  },
  "minecraft:recipes/building_blocks/light_gray_terracotta": {
    "criteria": {
      "has_terracotta": "2024-12-23 04:30:33 +0000"
    },
    "done": true
  },
  "minecraft:recipes/building_blocks/red_terracotta": {
    "criteria": {
      "has_terracotta": "2024-12-23 04:30:33 +0000"
    },
    "done": true
  },
  "minecraft:recipes/building_blocks/black_terracotta": {
    "criteria": {
      "has_terracotta": "2024-12-23 04:30:33 +0000"
    },
    "done": true
  },
  "minecraft:recipes/building_blocks/pink_terracotta": {
    "criteria": {
      "has_terracotta": "2024-12-23 04:30:33 +0000"
    },
    "done": true
  },
  "minecraft:recipes/building_blocks/blue_terracotta": {
    "criteria": {
      "has_terracotta": "2024-12-23 04:30:33 +0000"
    },
    "done": true
  },
  "minecraft:recipes/building_blocks/light_blue_terracotta": {
    "criteria": {
      "has_terracotta": "2024-12-23 04:30:33 +0000"
    },
    "done": true
  },
  "minecraft:recipes/building_blocks/yellow_terracotta": {
    "criteria": {
      "has_terracotta": "2024-12-23 04:30:33 +0000"
    },
    "done": true
  },
  "minecraft:recipes/building_blocks/purple_terracotta": {
    "criteria": {
      "has_terracotta": "2024-12-23 04:30:33 +0000"
    },
    "done": true
  },
  "minecraft:recipes/building_blocks/white_terracotta": {
    "criteria": {
      "has_terracotta": "2024-12-23 04:30:33 +0000"
    },
    "done": true
  },
  "minecraft:recipes/building_blocks/orange_terracotta": {
    "criteria": {
      "has_terracotta": "2024-12-23 04:30:33 +0000"
    },
    "done": true
  },
  "minecraft:recipes/building_blocks/magenta_terracotta": {
    "criteria": {
      "has_terracotta": "2024-12-23 04:30:33 +0000"
    },
    "done": true
  },
  "minecraft:recipes/building_blocks/cyan_terracotta": {
    "criteria": {
      "has_terracotta": "2024-12-23 04:30:33 +0000"
    },
    "done": true
  },
  "minecraft:recipes/building_blocks/gray_terracotta": {
    "criteria": {
      "has_terracotta": "2024-12-23 04:30:33 +0000"
    },
    "done": true
  },
  "minecraft:recipes/building_blocks/green_terracotta": {
    "criteria": {
      "has_terracotta": "2024-12-23 04:30:33 +0000"
    },
    "done": true
  },
  "minecraft:recipes/building_blocks/brown_terracotta": {
    "criteria": {
      "has_terracotta": "2024-12-23 04:30:33 +0000"
    },
    "done": true
  },
  "minecraft:recipes/decorations/painting": {
    "criteria": {
      "has_wool": "2024-12-23 04:31:04 +0000"
    },
    "done": true
  },
  "doggytalents:recipes/decorations/lab_coat": {
    "criteria": {
      "has_wool": "2024-12-23 04:31:04 +0000"
    },
    "done": true
  },
  "travelersbackpack:recipes/decorations/white_sleeping_bag": {
    "criteria": {
      "has_white_wool": "2024-12-23 04:31:04 +0000"
    },
    "done": true
  },
  "minecraft:recipes/decorations/white_carpet": {
    "criteria": {
      "has_white_wool": "2024-12-23 04:31:04 +0000"
    },
    "done": true
  },
  "doggytalents:recipes/decorations/beastars_uniform_male": {
    "criteria": {
      "has_wool": "2024-12-23 04:31:04 +0000"
    },
    "done": true
  },
  "doggytalents:recipes/decorations/conan_suit": {
    "criteria": {
      "has_wool": "2024-12-23 04:31:04 +0000"
    },
    "done": true
  },
  "travelersbackpack:recipes/misc/sheep": {
    "criteria": {
      "has_white_wool": "2024-12-23 04:31:04 +0000"
    },
    "done": true
  },
  "minecraft:recipes/decorations/white_banner": {
    "criteria": {
      "has_white_wool": "2024-12-23 04:31:04 +0000"
    },
    "done": true
  },
  "minecraft:recipes/decorations/white_bed": {
    "criteria": {
      "has_white_wool": "2024-12-23 04:31:04 +0000"
    },
    "done": true
  },
  "doggytalents:recipes/decorations/dog_plushie_toy_item": {
    "criteria": {
      "has_white_wool": "2024-12-23 04:31:04 +0000"
    },
    "done": true
  },
  "doggytalents:recipes/building_blocks/dog_bed_def": {
    "criteria": {
      "has_wool": "2024-12-23 04:31:04 +0000"
    },
    "done": true
  },
  "doggytalents:recipes/decorations/beastars_uniform_female": {
    "criteria": {
      "has_wool": "2024-12-23 04:31:04 +0000"
    },
    "done": true
  },
  "iceandfire:recipes/misc/dragon_bone_wall": {
    "criteria": {
      "has_item": "2024-12-23 04:32:23 +0000"
    },
    "done": true
  },
  "iceandfire:recipes/tools/dragonbone_shovel": {
    "criteria": {
      "has_item": "2024-12-23 04:32:23 +0000"
    },
    "done": true
  },
  "iceandfire:recipes/misc/dragon_flute": {
    "criteria": {
      "has_item": "2024-12-23 04:32:23 +0000"
    },
    "done": true
  },
  "iceandfire:recipes/tools/dragonbone_axe": {
    "criteria": {
      "has_item": "2024-12-23 04:32:23 +0000"
    },
    "done": true
  },
  "iceandfire:recipes/tools/dragonbone_pickaxe": {
    "criteria": {
      "has_item": "2024-12-23 04:32:23 +0000"
    },
    "done": true
  },
  "iceandfire:recipes/misc/nest": {
    "criteria": {
      "has_item": "2024-12-23 04:32:23 +0000"
    },
    "done": true
  },
  "iceandfire:recipes/combat/dragonbone_bow": {
    "criteria": {
      "has_item": "2024-12-23 04:32:23 +0000"
    },
    "done": true
  },
  "iceandfire:recipes/building_blocks/dragon_bone_block": {
    "criteria": {
      "has_dragonbone": "2024-12-23 04:32:23 +0000"
    },
    "done": true
  },
  "iceandfire:recipes/tools/dragonbone_sword": {
    "criteria": {
      "has_item": "2024-12-23 04:32:23 +0000"
    },
    "done": true
  },
  "iceandfire:recipes/tools/dragonbone_hoe": {
    "criteria": {
      "has_item": "2024-12-23 04:32:23 +0000"
    },
    "done": true
  },
  "iceandfire:recipes/misc/dragon_horn": {
    "criteria": {
      "has_item": "2024-12-23 04:32:23 +0000"
    },
    "done": true
  },
  "minecraft:recipes/combat/iron_leggings": {
    "criteria": {
      "has_iron_ingot": "2024-12-23 04:33:48 +0000"
    },
    "done": true
  },
  "minecraft:recipes/combat/iron_chestplate": {
    "criteria": {
      "has_iron_ingot": "2024-12-23 04:33:48 +0000"
    },
    "done": true
  },
  "travelersbackpack:recipes/misc/backpack_tank": {
    "criteria": {
      "has_iron": "2024-12-23 04:33:48 +0000"
    },
    "done": true
  },
  "doggytalents:recipes/decorations/superdog_suit": {
    "criteria": {
      "has_iron_ingot": "2024-12-23 04:33:48 +0000"
    },
    "done": true
  },
  "minecraft:recipes/misc/iron_nugget": {
    "criteria": {
      "has_iron_ingot": "2024-12-23 04:33:48 +0000"
    },
    "done": true
  },
  "doggytalents:recipes/combat/sussy_sickle": {
    "criteria": {
      "has_iron_ingot": "2024-12-23 04:33:48 +0000"
    },
    "done": true
  },
  "minecraft:recipes/misc/bucket": {
    "criteria": {
      "has_iron_ingot": "2024-12-23 04:33:48 +0000"
    },
    "done": true
  },
  "minecraft:recipes/combat/iron_helmet": {
    "criteria": {
      "has_iron_ingot": "2024-12-23 04:33:48 +0000"
    },
    "done": true
  },
  "minecraft:recipes/transportation/minecart": {
    "criteria": {
      "has_iron_ingot": "2024-12-23 04:33:48 +0000"
    },
    "done": true
  },
  "minecraft:recipes/tools/iron_hoe": {
    "criteria": {
      "has_iron_ingot": "2024-12-23 04:33:48 +0000"
    },
    "done": true
  },
  "doggytalents:recipes/tools/whistle": {
    "criteria": {
      "has_iron_ingot": "2024-12-23 04:33:48 +0000"
    },
    "done": true
  },
  "minecraft:story/smelt_iron": {
    "criteria": {
      "iron": "2024-12-23 04:33:48 +0000"
    },
    "done": true
  },
  "minecraft:recipes/tools/shears": {
    "criteria": {
      "has_iron_ingot": "2024-12-23 04:33:48 +0000"
    },
    "done": true
  },
  "doggytalents:recipes/decorations/propeller_hat": {
    "criteria": {
      "has_iron_ingot": "2024-12-23 04:33:48 +0000"
    },
    "done": true
  },
  "minecraft:recipes/decorations/chain": {
    "criteria": {
      "has_iron_ingot": "2024-12-23 04:33:48 +0000"
    },
    "done": true
  },
  "minecraft:recipes/building_blocks/iron_block": {
    "criteria": {
      "has_iron_ingot": "2024-12-23 04:33:48 +0000"
    },
    "done": true
  },
  "minecraft:recipes/decorations/smithing_table": {
    "criteria": {
      "has_iron_ingot": "2024-12-23 04:33:48 +0000"
    },
    "done": true
  },
  "minecraft:recipes/combat/iron_sword": {
    "criteria": {
      "has_iron_ingot": "2024-12-23 04:33:48 +0000"
    },
    "done": true
  },
  "minecraft:recipes/tools/iron_pickaxe": {
    "criteria": {
      "has_iron_ingot": "2024-12-23 04:33:48 +0000"
    },
    "done": true
  },
  "minecraft:recipes/combat/shield": {
    "criteria": {
      "has_iron_ingot": "2024-12-23 04:33:48 +0000"
    },
    "done": true
  },
  "minecraft:recipes/redstone/hopper": {
    "criteria": {
      "has_iron_ingot": "2024-12-23 04:33:48 +0000"
    },
    "done": true
  },
  "travelersbackpack:recipes/misc/iron": {
    "criteria": {
      "has_iron_ingot": "2024-12-23 04:33:48 +0000"
    },
    "done": true
  },
  "minecraft:recipes/decorations/iron_bars": {
    "criteria": {
      "has_iron_ingot": "2024-12-23 04:33:48 +0000"
    },
    "done": true
  },
  "travelersbackpack:recipes/misc/iron_tier_upgrade": {
    "criteria": {
      "has_iron_ingot": "2024-12-23 04:33:48 +0000"
    },
    "done": true
  },
  "minecraft:recipes/combat/iron_boots": {
    "criteria": {
      "has_iron_ingot": "2024-12-23 04:33:48 +0000"
    },
    "done": true
  },
  "travelersbackpack:recipes/misc/hose_nozzle": {
    "criteria": {
      "has_iron": "2024-12-23 04:33:48 +0000"
    },
    "done": true
  },
  "minecraft:recipes/decorations/lantern": {
    "criteria": {
      "has_iron_ingot": "2024-12-23 04:33:48 +0000"
    },
    "done": true
  },
  "minecraft:recipes/tools/iron_shovel": {
    "criteria": {
      "has_iron_ingot": "2024-12-23 04:33:48 +0000"
    },
    "done": true
  },
  "minecraft:recipes/redstone/iron_trapdoor": {
    "criteria": {
      "has_iron_ingot": "2024-12-23 04:33:48 +0000"
    },
    "done": true
  },
  "minecraft:recipes/tools/iron_axe": {
    "criteria": {
      "has_iron_ingot": "2024-12-23 04:33:48 +0000"
    },
    "done": true
  },
  "doggytalents:recipes/building_blocks/dog_bath": {
    "criteria": {
      "has_iron_ingot": "2024-12-23 04:33:48 +0000"
    },
    "done": true
  },
  "doggytalents:recipes/building_blocks/food_bowl": {
    "criteria": {
      "has_iron_ingot": "2024-12-23 04:33:48 +0000"
    },
    "done": true
  },
  "minecraft:recipes/redstone/iron_door": {
    "criteria": {
      "has_iron_ingot": "2024-12-23 04:33:48 +0000"
    },
    "done": true
  },
  "minecraft:recipes/redstone/heavy_weighted_pressure_plate": {
    "criteria": {
      "has_iron_ingot": "2024-12-23 04:33:48 +0000"
    },
    "done": true
  },
  "minecraft:recipes/building_blocks/oak_planks": {
    "criteria": {
      "has_logs": "2024-12-23 04:35:17 +0000"
    },
    "done": true
  },
  "minecraft:recipes/building_blocks/oak_wood": {
    "criteria": {
      "has_log": "2024-12-23 04:35:17 +0000"
    },
    "done": true
  },
  "minecraft:recipes/decorations/ladder": {
    "criteria": {
      "has_stick": "2024-12-23 04:35:25 +0000"
    },
    "done": true
  },
  "doggytalents:recipes/decorations/sunglasses": {
    "criteria": {
      "has_stick": "2024-12-23 04:35:25 +0000"
    },
    "done": true
  },
  "minecraft:recipes/tools/wooden_axe": {
    "criteria": {
      "has_stick": "2024-12-23 04:35:25 +0000"
    },
    "done": true
  },
  "doggytalents:recipes/decorations/giant_stick": {
    "criteria": {
      "has_stick": "2024-12-23 04:35:25 +0000"
    },
    "done": true
  },
  "minecraft:recipes/tools/wooden_hoe": {
    "criteria": {
      "has_stick": "2024-12-23 04:35:25 +0000"
    },
    "done": true
  },
  "minecraft:recipes/tools/wooden_pickaxe": {
    "criteria": {
      "has_stick": "2024-12-23 04:35:25 +0000"
    },
    "done": true
  },
  "minecraft:recipes/tools/wooden_shovel": {
    "criteria": {
      "has_stick": "2024-12-23 04:35:25 +0000"
    },
    "done": true
  },
  "minecraft:recipes/combat/wooden_sword": {
    "criteria": {
      "has_stick": "2024-12-23 04:35:25 +0000"
    },
    "done": true
  },
  "minecraft:recipes/building_blocks/spruce_wood": {
    "criteria": {
      "has_log": "2024-12-23 04:37:08 +0000"
    },
    "done": true
  },
  "minecraft:recipes/building_blocks/spruce_planks": {
    "criteria": {
      "has_logs": "2024-12-23 04:37:08 +0000"
    },
    "done": true
  },
  "minecraft:recipes/building_blocks/dark_oak_planks": {
    "criteria": {
      "has_log": "2024-12-23 04:39:10 +0000"
    },
    "done": true
  },
  "minecraft:recipes/building_blocks/dark_oak_wood": {
    "criteria": {
      "has_log": "2024-12-23 04:39:10 +0000"
    },
    "done": true
  },
  "minecraft:recipes/decorations/oak_sign": {
    "criteria": {
      "has_planks": "2024-12-23 04:41:00 +0000"
    },
    "done": true
  },
  "minecraft:recipes/redstone/oak_trapdoor": {
    "criteria": {
      "has_planks": "2024-12-23 04:41:00 +0000"
    },
    "done": true
  },
  "minecraft:recipes/misc/stick": {
    "criteria": {
      "has_planks": "2024-12-23 04:41:00 +0000"
    },
    "done": true
  },
  "minecraft:recipes/building_blocks/oak_stairs": {
    "criteria": {
      "has_planks": "2024-12-23 04:41:00 +0000"
    },
    "done": true
  },
  "minecraft:recipes/decorations/oak_fence": {
    "criteria": {
      "has_planks": "2024-12-23 04:41:00 +0000"
    },
    "done": true
  },
  "iceandfire:recipes/misc/earplugs": {
    "criteria": {
      "has_item": "2024-12-23 04:41:00 +0000"
    },
    "done": true
  },
  "minecraft:recipes/redstone/oak_button": {
    "criteria": {
      "has_planks": "2024-12-23 04:41:00 +0000"
    },
    "done": true
  },
  "minecraft:recipes/building_blocks/oak_slab": {
    "criteria": {
      "has_planks": "2024-12-23 04:41:00 +0000"
    },
    "done": true
  },
  "minecraft:recipes/redstone/oak_fence_gate": {
    "criteria": {
      "has_planks": "2024-12-23 04:41:00 +0000"
    },
    "done": true
  },
  "minecraft:recipes/redstone/oak_pressure_plate": {
    "criteria": {
      "has_planks": "2024-12-23 04:41:00 +0000"
    },
    "done": true
  },
  "minecraft:recipes/redstone/oak_door": {
    "criteria": {
      "has_planks": "2024-12-23 04:41:00 +0000"
    },
    "done": true
  },
  "minecraft:recipes/decorations/barrel": {
    "criteria": {
      "has_planks": "2024-12-23 04:41:00 +0000"
    },
    "done": true
  },
  "minecraft:recipes/redstone/lever": {
    "criteria": {
      "has_cobblestone": "2024-12-23 04:41:26 +0000"
    },
    "done": true
  },
  "minecraft:recipes/combat/stone_sword": {
    "criteria": {
      "has_cobblestone": "2024-12-23 04:41:26 +0000"
    },
    "done": true
  },
  "minecraft:recipes/decorations/cobblestone_wall": {
    "criteria": {
      "has_cobblestone": "2024-12-23 04:41:26 +0000"
    },
    "done": true
  },
  "minecraft:recipes/tools/stone_axe": {
    "criteria": {
      "has_cobblestone": "2024-12-23 04:41:26 +0000"
    },
    "done": true
  },
  "minecraft:story/mine_stone": {
    "criteria": {
      "get_stone": "2024-12-23 04:41:26 +0000"
    },
    "done": true
  },
  "minecraft:recipes/decorations/furnace": {
    "criteria": {
      "has_cobblestone": "2024-12-23 04:41:26 +0000"
    },
    "done": true
  },
  "minecraft:recipes/building_blocks/cobblestone_slab_from_cobblestone_stonecutting": {
    "criteria": {
      "has_cobblestone": "2024-12-23 04:41:26 +0000"
    },
    "done": true
  },
  "minecraft:recipes/building_blocks/stone": {
    "criteria": {
      "has_cobblestone": "2024-12-23 04:41:26 +0000"
    },
    "done": true
  },
  "minecraft:recipes/tools/stone_pickaxe": {
    "criteria": {
      "has_cobblestone": "2024-12-23 04:41:26 +0000"
    },
    "done": true
  },
  "minecraft:recipes/building_blocks/cobblestone_slab": {
    "criteria": {
      "has_cobblestone": "2024-12-23 04:41:26 +0000"
    },
    "done": true
  },
  "minecraft:recipes/decorations/cobblestone_wall_from_cobblestone_stonecutting": {
    "criteria": {
      "has_cobblestone": "2024-12-23 04:41:26 +0000"
    },
    "done": true
  },
  "minecraft:recipes/building_blocks/cobblestone_stairs_from_cobblestone_stonecutting": {
    "criteria": {
      "has_cobblestone": "2024-12-23 04:41:26 +0000"
    },
    "done": true
  },
  "minecraft:recipes/building_blocks/cobblestone_stairs": {
    "criteria": {
      "has_cobblestone": "2024-12-23 04:41:26 +0000"
    },
    "done": true
  },
  "minecraft:recipes/tools/stone_hoe": {
    "criteria": {
      "has_cobblestone": "2024-12-23 04:41:26 +0000"
    },
    "done": true
  },
  "minecraft:recipes/tools/stone_shovel": {
    "criteria": {
      "has_cobblestone": "2024-12-23 04:41:26 +0000"
    },
    "done": true
  },
  "minecraft:recipes/building_blocks/cherry_planks": {
    "criteria": {
      "has_log": "2024-12-23 04:43:53 +0000"
    },
    "done": true
  },
  "minecraft:recipes/building_blocks/cherry_wood": {
    "criteria": {
      "has_log": "2024-12-23 04:43:53 +0000"
    },
    "done": true
  },
  "minecraft:recipes/building_blocks/cherry_slab": {
    "criteria": {
      "has_planks": "2024-12-23 04:44:55 +0000"
    },
    "done": true
  },
  "minecraft:recipes/decorations/cherry_fence": {
    "criteria": {
      "has_planks": "2024-12-23 04:44:55 +0000"
    },
    "done": true
  },
  "minecraft:recipes/building_blocks/cherry_stairs": {
    "criteria": {
      "has_planks": "2024-12-23 04:44:55 +0000"
    },
    "done": true
  },
  "minecraft:recipes/redstone/cherry_trapdoor": {
    "criteria": {
      "has_planks": "2024-12-23 04:44:55 +0000"
    },
    "done": true
  },
  "minecraft:recipes/redstone/cherry_button": {
    "criteria": {
      "has_planks": "2024-12-23 04:44:55 +0000"
    },
    "done": true
  },
  "minecraft:recipes/redstone/cherry_fence_gate": {
    "criteria": {
      "has_planks": "2024-12-23 04:44:55 +0000"
    },
    "done": true
  },
  "minecraft:recipes/decorations/cherry_sign": {
    "criteria": {
      "has_planks": "2024-12-23 04:44:55 +0000"
    },
    "done": true
  },
  "minecraft:recipes/redstone/cherry_pressure_plate": {
    "criteria": {
      "has_planks": "2024-12-23 04:44:55 +0000"
    },
    "done": true
  },
  "minecraft:recipes/redstone/cherry_door": {
    "criteria": {
      "has_planks": "2024-12-23 04:44:55 +0000"
    },
    "done": true
  },
  "minecraft:recipes/decorations/composter": {
    "criteria": {
      "has_wood_slab": "2024-12-23 04:45:54 +0000"
    },
    "done": true
  },
  "twilightforest:recipes/decorations/wood/cherry_banister": {
    "criteria": {
      "has_item": "2024-12-23 04:45:54 +0000"
    },
    "done": true
  },
  "iceandfire:iceandfire/lectern": {
    "criteria": {
      "bestiary": "2024-12-23 04:51:44 +0000"
    },
    "done": true
  },
  "travelersbackpack:recipes/misc/enderman": {
    "criteria": {
      "has_ender_pearl": "2024-12-23 04:54:51 +0000"
    },
    "done": true
  },
  "minecraft:recipes/brewing/fermented_spider_eye": {
    "criteria": {
      "has_spider_eye": "2024-12-23 04:56:19 +0000"
    },
    "done": true
  },
  "minecraft:recipes/building_blocks/coarse_dirt": {
    "criteria": {
      "has_gravel": "2024-12-23 05:08:28 +0000"
    },
    "done": true
  },
  "minecraft:recipes/decorations/fletching_table": {
    "criteria": {
      "has_flint": "2024-12-23 05:08:36 +0000"
    },
    "done": true
  },
  "minecraft:recipes/building_blocks/bookshelf": {
    "criteria": {
      "has_book": "2024-12-23 05:18:49 +0000"
    },
    "done": true
  },
  "minecraft:recipes/redstone/lectern": {
    "criteria": {
      "has_book": "2024-12-23 05:18:49 +0000"
    },
    "done": true
  },
  "minecraft:recipes/building_blocks/chiseled_bookshelf": {
    "criteria": {
      "has_book": "2024-12-23 05:18:49 +0000"
    },
    "done": true
  },
  "minecraft:recipes/misc/writable_book": {
    "criteria": {
      "has_book": "2024-12-23 05:18:49 +0000"
    },
    "done": true
  },
  "travelersbackpack:recipes/misc/bookshelf": {
    "criteria": {
      "has_book": "2024-12-23 05:18:49 +0000"
    },
    "done": true
  },
  "minecraft:adventure/trade": {
    "criteria": {
      "traded": "2024-12-23 05:29:23 +0000"
    },
    "done": true
  },
  "minecraft:recipes/misc/mojang_banner_pattern": {
    "criteria": {
      "has_enchanted_golden_apple": "2024-12-23 05:43:07 +0000"
    },
    "done": true
  },
  "minecraft:recipes/misc/white_dye": {
    "criteria": {
      "has_bone_meal": "2024-12-23 05:46:07 +0000"
    },
    "done": true
  },
  "minecraft:recipes/building_blocks/bone_block": {
    "criteria": {
      "has_bone_meal": "2024-12-23 05:46:07 +0000"
    },
    "done": true
  },
  "minecraft:recipes/decorations/spruce_sign": {
    "criteria": {
      "has_planks": "2024-12-23 05:46:45 +0000"
    },
    "done": true
  },
  "minecraft:recipes/decorations/spruce_fence": {
    "criteria": {
      "has_planks": "2024-12-23 05:46:45 +0000"
    },
    "done": true
  },
  "minecraft:recipes/building_blocks/spruce_slab": {
    "criteria": {
      "has_planks": "2024-12-23 05:46:45 +0000"
    },
    "done": true
  },
  "minecraft:recipes/redstone/spruce_button": {
    "criteria": {
      "has_planks": "2024-12-23 05:46:45 +0000"
    },
    "done": true
  },
  "minecraft:recipes/redstone/spruce_pressure_plate": {
    "criteria": {
      "has_planks": "2024-12-23 05:46:45 +0000"
    },
    "done": true
  },
  "minecraft:recipes/redstone/spruce_trapdoor": {
    "criteria": {
      "has_planks": "2024-12-23 05:46:45 +0000"
    },
    "done": true
  },
  "minecraft:recipes/redstone/spruce_door": {
    "criteria": {
      "has_planks": "2024-12-23 05:46:45 +0000"
    },
    "done": true
  },
  "minecraft:recipes/redstone/spruce_fence_gate": {
    "criteria": {
      "has_planks": "2024-12-23 05:46:45 +0000"
    },
    "done": true
  },
  "minecraft:recipes/building_blocks/spruce_stairs": {
    "criteria": {
      "has_planks": "2024-12-23 05:46:45 +0000"
    },
    "done": true
  },
  "minecraft:recipes/combat/netherite_chestplate_smithing": {
    "criteria": {
      "has_netherite_ingot": "2024-12-23 06:20:43 +0000"
    },
    "done": true
  },
  "minecraft:recipes/combat/netherite_sword_smithing": {
    "criteria": {
      "has_netherite_ingot": "2024-12-23 06:20:43 +0000"
    },
    "done": true
  },
  "minecraft:recipes/combat/netherite_leggings_smithing": {
    "criteria": {
      "has_netherite_ingot": "2024-12-23 06:20:43 +0000"
    },
    "done": true
  },
  "minecraft:recipes/tools/netherite_hoe_smithing": {
    "criteria": {
      "has_netherite_ingot": "2024-12-23 06:20:43 +0000"
    },
    "done": true
  },
  "minecraft:recipes/decorations/lodestone": {
    "criteria": {
      "has_netherite_ingot": "2024-12-23 06:20:43 +0000"
    },
    "done": true
  },
  "minecraft:recipes/combat/netherite_helmet_smithing": {
    "criteria": {
      "has_netherite_ingot": "2024-12-23 06:20:43 +0000"
    },
    "done": true
  },
  "minecraft:recipes/building_blocks/netherite_block": {
    "criteria": {
      "has_netherite_ingot": "2024-12-23 06:20:43 +0000"
    },
    "done": true
  },
  "minecraft:recipes/combat/netherite_boots_smithing": {
    "criteria": {
      "has_netherite_ingot": "2024-12-23 06:20:43 +0000"
    },
    "done": true
  },
  "minecraft:recipes/tools/netherite_shovel_smithing": {
    "criteria": {
      "has_netherite_ingot": "2024-12-23 06:20:43 +0000"
    },
    "done": true
  },
  "travelersbackpack:recipes/misc/netherite": {
    "criteria": {
      "has_netherite_ingot": "2024-12-23 06:20:43 +0000"
    },
    "done": true
  },
  "doggytalents:recipes/misc/amnesia_bone": {
    "criteria": {
      "has_netherite_ingot": "2024-12-23 06:20:43 +0000"
    },
    "done": true
  },
  "minecraft:recipes/tools/netherite_axe_smithing": {
    "criteria": {
      "has_netherite_ingot": "2024-12-23 06:20:43 +0000"
    },
    "done": true
  },
  "travelersbackpack:recipes/misc/netherite_tier_upgrade": {
    "criteria": {
      "has_netherite_ingot": "2024-12-23 06:20:43 +0000"
    },
    "done": true
  },
  "minecraft:recipes/tools/netherite_pickaxe_smithing": {
    "criteria": {
      "has_netherite_ingot": "2024-12-23 06:20:43 +0000"
    },
    "done": true
  },
  "minecraft:recipes/building_blocks/granite_slab_from_granite_stonecutting": {
    "criteria": {
      "has_granite": "2024-12-23 06:21:56 +0000"
    },
    "done": true
  },
  "minecraft:recipes/decorations/granite_wall_from_granite_stonecutting": {
    "criteria": {
      "has_granite": "2024-12-23 06:21:56 +0000"
    },
    "done": true
  },
  "minecraft:recipes/building_blocks/polished_granite_from_granite_stonecutting": {
    "criteria": {
      "has_granite": "2024-12-23 06:21:56 +0000"
    },
    "done": true
  },
  "minecraft:recipes/building_blocks/granite_slab": {
    "criteria": {
      "has_granite": "2024-12-23 06:21:56 +0000"
    },
    "done": true
  },
  "minecraft:recipes/building_blocks/granite_stairs": {
    "criteria": {
      "has_granite": "2024-12-23 06:21:56 +0000"
    },
    "done": true
  },
  "minecraft:recipes/building_blocks/granite_stairs_from_granite_stonecutting": {
    "criteria": {
      "has_granite": "2024-12-23 06:21:56 +0000"
    },
    "done": true
  },
  "minecraft:recipes/decorations/granite_wall": {
    "criteria": {
      "has_granite": "2024-12-23 06:21:56 +0000"
    },
    "done": true
  },
  "minecraft:recipes/building_blocks/polished_granite_slab_from_granite_stonecutting": {
    "criteria": {
      "has_granite": "2024-12-23 06:21:56 +0000"
    },
    "done": true
  },
  "minecraft:recipes/building_blocks/polished_granite": {
    "criteria": {
      "has_granite": "2024-12-23 06:21:56 +0000"
    },
    "done": true
  },
  "minecraft:recipes/building_blocks/polished_granite_stairs_from_granite_stonecutting": {
    "criteria": {
      "has_granite": "2024-12-23 06:21:56 +0000"
    },
    "done": true
  },
  "minecraft:recipes/building_blocks/raw_iron_block": {
    "criteria": {
      "has_raw_iron": "2024-12-23 06:22:11 +0000"
    },
    "done": true
  },
  "minecraft:recipes/misc/iron_ingot_from_smelting_raw_iron": {
    "criteria": {
      "has_raw_iron": "2024-12-23 06:22:11 +0000"
    },
    "done": true
  },
  "minecraft:recipes/misc/iron_ingot_from_blasting_raw_iron": {
    "criteria": {
      "has_raw_iron": "2024-12-23 06:22:11 +0000"
    },
    "done": true
  },
  "minecraft:recipes/building_blocks/polished_deepslate": {
    "criteria": {
      "has_cobbled_deepslate": "2024-12-23 06:23:55 +0000"
    },
    "done": true
  },
  "minecraft:recipes/building_blocks/deepslate_tile_stairs_from_cobbled_deepslate_stonecutting": {
    "criteria": {
      "has_cobbled_deepslate": "2024-12-23 06:23:55 +0000"
    },
    "done": true
  },
  "minecraft:recipes/building_blocks/deepslate_brick_stairs_from_cobbled_deepslate_stonecutting": {
    "criteria": {
      "has_cobbled_deepslate": "2024-12-23 06:23:55 +0000"
    },
    "done": true
  },
  "minecraft:recipes/building_blocks/chiseled_deepslate_from_cobbled_deepslate_stonecutting": {
    "criteria": {
      "has_cobbled_deepslate": "2024-12-23 06:23:55 +0000"
    },
    "done": true
  },
  "minecraft:recipes/building_blocks/cobbled_deepslate_slab": {
    "criteria": {
      "has_cobbled_deepslate": "2024-12-23 06:23:55 +0000"
    },
    "done": true
  },
  "minecraft:recipes/decorations/cobbled_deepslate_wall_from_cobbled_deepslate_stonecutting": {
    "criteria": {
      "has_cobbled_deepslate": "2024-12-23 06:23:55 +0000"
    },
    "done": true
  },
  "minecraft:recipes/decorations/cobbled_deepslate_wall": {
    "criteria": {
      "has_cobbled_deepslate": "2024-12-23 06:23:55 +0000"
    },
    "done": true
  },
  "minecraft:recipes/decorations/polished_deepslate_wall_from_cobbled_deepslate_stonecutting": {
    "criteria": {
      "has_cobbled_deepslate": "2024-12-23 06:23:55 +0000"
    },
    "done": true
  },
  "minecraft:recipes/building_blocks/cobbled_deepslate_stairs_from_cobbled_deepslate_stonecutting": {
    "criteria": {
      "has_cobbled_deepslate": "2024-12-23 06:23:55 +0000"
    },
    "done": true
  },
  "minecraft:recipes/building_blocks/deepslate": {
    "criteria": {
      "has_cobbled_deepslate": "2024-12-23 06:23:55 +0000"
    },
    "done": true
  },
  "minecraft:recipes/building_blocks/polished_deepslate_stairs_from_cobbled_deepslate_stonecutting": {
    "criteria": {
      "has_cobbled_deepslate": "2024-12-23 06:23:55 +0000"
    },
    "done": true
  },
  "minecraft:recipes/decorations/deepslate_brick_wall_from_cobbled_deepslate_stonecutting": {
    "criteria": {
      "has_cobbled_deepslate": "2024-12-23 06:23:55 +0000"
    },
    "done": true
  },
  "minecraft:recipes/building_blocks/polished_deepslate_from_cobbled_deepslate_stonecutting": {
    "criteria": {
      "has_cobbled_deepslate": "2024-12-23 06:23:55 +0000"
    },
    "done": true
  },
  "minecraft:recipes/building_blocks/polished_deepslate_slab_from_cobbled_deepslate_stonecutting": {
    "criteria": {
      "has_cobbled_deepslate": "2024-12-23 06:23:55 +0000"
    },
    "done": true
  },
  "minecraft:recipes/building_blocks/deepslate_brick_slab_from_cobbled_deepslate_stonecutting": {
    "criteria": {
      "has_cobbled_deepslate": "2024-12-23 06:23:55 +0000"
    },
    "done": true
  },
  "minecraft:recipes/building_blocks/cobbled_deepslate_slab_from_cobbled_deepslate_stonecutting": {
    "criteria": {
      "has_cobbled_deepslate": "2024-12-23 06:23:55 +0000"
    },
    "done": true
  },
  "minecraft:recipes/building_blocks/deepslate_tile_slab_from_cobbled_deepslate_stonecutting": {
    "criteria": {
      "has_cobbled_deepslate": "2024-12-23 06:23:55 +0000"
    },
    "done": true
  },
  "minecraft:recipes/building_blocks/cobbled_deepslate_stairs": {
    "criteria": {
      "has_cobbled_deepslate": "2024-12-23 06:23:55 +0000"
    },
    "done": true
  },
  "minecraft:recipes/decorations/deepslate_tile_wall_from_cobbled_deepslate_stonecutting": {
    "criteria": {
      "has_cobbled_deepslate": "2024-12-23 06:23:55 +0000"
    },
    "done": true
  },
  "minecraft:recipes/building_blocks/deepslate_bricks_from_cobbled_deepslate_stonecutting": {
    "criteria": {
      "has_cobbled_deepslate": "2024-12-23 06:23:55 +0000"
    },
    "done": true
  },
  "minecraft:recipes/building_blocks/deepslate_tiles_from_cobbled_deepslate_stonecutting": {
    "criteria": {
      "has_cobbled_deepslate": "2024-12-23 06:23:55 +0000"
    },
    "done": true
  },
  "minecraft:recipes/food/baked_potato_from_campfire_cooking": {
    "criteria": {
      "has_potato": "2024-12-23 06:41:56 +0000"
    },
    "done": true
  },
  "minecraft:recipes/food/baked_potato": {
    "criteria": {
      "has_potato": "2024-12-23 06:41:56 +0000"
    },
    "done": true
  },
  "minecraft:recipes/food/baked_potato_from_smoking": {
    "criteria": {
      "has_potato": "2024-12-23 06:41:56 +0000"
    },
    "done": true
  },
  "minecraft:recipes/misc/red_dye_from_tulip": {
    "criteria": {
      "has_red_flower": "2024-12-23 06:50:04 +0000"
    },
    "done": true
  },
  "minecraft:recipes/combat/diamond_leggings": {
    "criteria": {
      "has_diamond": "2024-12-23 06:55:02 +0000"
    },
    "done": true
  },
  "minecraft:recipes/combat/diamond_sword": {
    "criteria": {
      "has_diamond": "2024-12-23 06:55:02 +0000"
    },
    "done": true
  },
  "minecraft:recipes/decorations/jukebox": {
    "criteria": {
      "has_diamond": "2024-12-23 06:55:02 +0000"
    },
    "done": true
  },
  "minecraft:recipes/combat/diamond_chestplate": {
    "criteria": {
      "has_diamond": "2024-12-23 06:55:02 +0000"
    },
    "done": true
  },
  "minecraft:recipes/tools/diamond_pickaxe": {
    "criteria": {
      "has_diamond": "2024-12-23 06:55:02 +0000"
    },
    "done": true
  },
  "minecraft:recipes/tools/diamond_hoe": {
    "criteria": {
      "has_diamond": "2024-12-23 06:55:02 +0000"
    },
    "done": true
  },
  "minecraft:recipes/tools/diamond_shovel": {
    "criteria": {
      "has_diamond": "2024-12-23 06:55:02 +0000"
    },
    "done": true
  },
  "minecraft:recipes/combat/diamond_boots": {
    "criteria": {
      "has_diamond": "2024-12-23 06:55:02 +0000"
    },
    "done": true
  },
  "travelersbackpack:recipes/misc/diamond_tier_upgrade": {
    "criteria": {
      "has_diamond": "2024-12-23 06:55:02 +0000"
    },
    "done": true
  },
  "minecraft:recipes/combat/diamond_helmet": {
    "criteria": {
      "has_diamond": "2024-12-23 06:55:02 +0000"
    },
    "done": true
  },
  "travelersbackpack:recipes/misc/diamond": {
    "criteria": {
      "has_diamond": "2024-12-23 06:55:02 +0000"
    },
    "done": true
  },
  "minecraft:recipes/building_blocks/diamond_block": {
    "criteria": {
      "has_diamond": "2024-12-23 06:55:02 +0000"
    },
    "done": true
  },
  "minecraft:story/mine_diamond": {
    "criteria": {
      "diamond": "2024-12-23 06:55:02 +0000"
    },
    "done": true
  },
  "minecraft:recipes/tools/diamond_axe": {
    "criteria": {
      "has_diamond": "2024-12-23 06:55:02 +0000"
    },
    "done": true
  },
  "minecraft:adventure/shoot_arrow": {
    "criteria": {
      "shot_arrow": "2024-12-23 07:02:46 +0000"
    },
    "done": true
  },
  "minecraft:recipes/building_blocks/andesite_stairs": {
    "criteria": {
      "has_andesite": "2024-12-23 07:02:59 +0000"
    },
    "done": true
  },
  "minecraft:recipes/decorations/andesite_wall_from_andesite_stonecutting": {
    "criteria": {
      "has_andesite": "2024-12-23 07:02:59 +0000"
    },
    "done": true
  },
  "minecraft:recipes/building_blocks/polished_andesite_slab_from_andesite_stonecutting": {
    "criteria": {
      "has_andesite": "2024-12-23 07:02:59 +0000"
    },
    "done": true
  },
  "minecraft:recipes/building_blocks/mossy_cobblestone_from_moss_block": {
    "criteria": {
      "has_moss_block": "2024-12-23 07:02:59 +0000"
    },
    "done": true
  },
  "minecraft:recipes/building_blocks/andesite_slab_from_andesite_stonecutting": {
    "criteria": {
      "has_andesite": "2024-12-23 07:02:59 +0000"
    },
    "done": true
  },
  "minecraft:recipes/building_blocks/andesite_stairs_from_andesite_stonecutting": {
    "criteria": {
      "has_andesite": "2024-12-23 07:02:59 +0000"
    },
    "done": true
  },
  "iceandfire:recipes/building_blocks/crackled_to_gravel": {
    "criteria": {
      "has_item": "2024-12-23 07:02:59 +0000"
    },
    "done": true
  },
  "minecraft:recipes/building_blocks/polished_andesite_from_andesite_stonecutting": {
    "criteria": {
      "has_andesite": "2024-12-23 07:02:59 +0000"
    },
    "done": true
  },
  "minecraft:recipes/building_blocks/polished_andesite": {
    "criteria": {
      "has_andesite": "2024-12-23 07:02:59 +0000"
    },
    "done": true
  },
  "minecraft:recipes/decorations/moss_carpet": {
    "criteria": {
      "has_moss_block": "2024-12-23 07:02:59 +0000"
    },
    "done": true
  },
  "minecraft:recipes/decorations/andesite_wall": {
    "criteria": {
      "has_andesite": "2024-12-23 07:02:59 +0000"
    },
    "done": true
  },
  "minecraft:recipes/building_blocks/andesite_slab": {
    "criteria": {
      "has_andesite": "2024-12-23 07:02:59 +0000"
    },
    "done": true
  },
  "minecraft:recipes/building_blocks/polished_andesite_stairs_from_andesite_stonecutting": {
    "criteria": {
      "has_andesite": "2024-12-23 07:02:59 +0000"
    },
    "done": true
  },
  "minecraft:recipes/building_blocks/mossy_stone_bricks_from_moss_block": {
    "criteria": {
      "has_moss_block": "2024-12-23 07:02:59 +0000"
    },
    "done": true
  },
  "minecraft:recipes/building_blocks/clay": {
    "criteria": {
      "has_clay_ball": "2024-12-23 07:03:05 +0000"
    },
    "done": true
  },
  "minecraft:recipes/misc/brick": {
    "criteria": {
      "has_clay_ball": "2024-12-23 07:03:05 +0000"
    },
    "done": true
  },
  "minecraft:story/enter_the_nether": {
    "criteria": {
      "entered_nether": "2024-12-23 07:04:36 +0000"
    },
    "done": true
  },
  "minecraft:nether/root": {
    "criteria": {
      "entered_nether": "2024-12-23 07:04:36 +0000"
    },
    "done": true
  },
  "minecraft:nether/explore_nether": {
    "criteria": {
      "minecraft:crimson_forest": "2024-12-23 07:04:39 +0000",
      "minecraft:nether_wastes": "2024-12-23 07:11:33 +0000",
      "minecraft:warped_forest": "2024-12-23 07:13:27 +0000"
    },
    "done": false
  },
  "alexsmobs:alexsmobs/crimson_mosquito": {
    "criteria": {
      "killed_by": "2024-12-23 07:05:21 +0000"
    },
    "done": true
  },
  "minecraft:recipes/building_blocks/diorite": {
    "criteria": {
      "has_quartz": "2024-12-23 07:09:23 +0000"
    },
    "done": true
  },
  "minecraft:recipes/building_blocks/granite": {
    "criteria": {
      "has_quartz": "2024-12-23 07:09:23 +0000"
    },
    "done": true
  },
  "minecraft:recipes/building_blocks/quartz_block": {
    "criteria": {
      "has_quartz": "2024-12-23 07:09:23 +0000"
    },
    "done": true
  },
  "minecraft:recipes/redstone/daylight_detector": {
    "criteria": {
      "has_quartz": "2024-12-23 07:09:23 +0000"
    },
    "done": true
  },
  "minecraft:recipes/redstone/observer": {
    "criteria": {
      "has_quartz": "2024-12-23 07:09:23 +0000"
    },
    "done": true
  },
  "minecraft:recipes/redstone/comparator": {
    "criteria": {
      "has_quartz": "2024-12-23 07:09:23 +0000"
    },
    "done": true
  },
  "travelersbackpack:recipes/misc/quartz": {
    "criteria": {
      "has_quartz": "2024-12-23 07:09:23 +0000"
    },
    "done": true
  },
  "minecraft:recipes/combat/leather_helmet": {
    "criteria": {
      "has_leather": "2024-12-23 07:10:47 +0000"
    },
    "done": true
  },
  "minecraft:recipes/combat/leather_leggings": {
    "criteria": {
      "has_leather": "2024-12-23 07:10:47 +0000"
    },
    "done": true
  },
  "doggytalents:recipes/decorations/leather_jacket": {
    "criteria": {
      "has_leather": "2024-12-23 07:10:47 +0000"
    },
    "done": true
  },
  "iceandfire:recipes/misc/blindfold": {
    "criteria": {
      "has_item": "2024-12-23 07:10:47 +0000"
    },
    "done": true
  },
  "doggytalents:recipes/decorations/plague_doctor_mask": {
    "criteria": {
      "has_leather": "2024-12-23 07:10:47 +0000"
    },
    "done": true
  },
  "minecraft:recipes/combat/leather_chestplate": {
    "criteria": {
      "has_leather": "2024-12-23 07:10:47 +0000"
    },
    "done": true
  },
  "minecraft:recipes/misc/leather_horse_armor": {
    "criteria": {
      "has_leather": "2024-12-23 07:10:47 +0000"
    },
    "done": true
  },
  "travelersbackpack:recipes/misc/horse": {
    "criteria": {
      "has_leather": "2024-12-23 07:10:47 +0000"
    },
    "done": true
  },
  "doggytalents:recipes/tools/treat_bag": {
    "criteria": {
      "has_leather": "2024-12-23 07:10:47 +0000"
    },
    "done": true
  },
  "doggytalents:recipes/decorations/tantan_cape": {
    "criteria": {
      "has_leather": "2024-12-23 07:10:47 +0000"
    },
    "done": true
  },
  "fantasyfurniture:recipes/misc/furniture_station": {
    "criteria": {
      "has_leather": "2024-12-23 07:10:47 +0000"
    },
    "done": true
  },
  "minecraft:recipes/decorations/item_frame": {
    "criteria": {
      "has_leather": "2024-12-23 07:10:47 +0000"
    },
    "done": true
  },
  "minecraft:recipes/combat/leather_boots": {
    "criteria": {
      "has_leather": "2024-12-23 07:10:47 +0000"
    },
    "done": true
  },
  "doggytalents:recipes/decorations/cape_coloured": {
    "criteria": {
      "has_leather": "2024-12-23 07:10:47 +0000"
    },
    "done": true
  },
  "minecraft:recipes/food/cooked_porkchop_from_campfire_cooking": {
    "criteria": {
      "has_porkchop": "2024-12-23 07:10:48 +0000"
    },
    "done": true
  },
  "minecraft:recipes/food/cooked_porkchop": {
    "criteria": {
      "has_porkchop": "2024-12-23 07:10:48 +0000"
    },
    "done": true
  },
  "minecraft:recipes/food/cooked_porkchop_from_smoking": {
    "criteria": {
      "has_porkchop": "2024-12-23 07:10:48 +0000"
    },
    "done": true
  },
  "travelersbackpack:recipes/misc/pig": {
    "criteria": {
      "has_porkchop": "2024-12-23 07:10:48 +0000"
    },
    "done": true
  },
  "travelersbackpack:recipes/misc/ghast": {
    "criteria": {
      "has_ghast_tear": "2024-12-23 07:18:11 +0000"
    },
    "done": true
  },
  "iceandfire:recipes/misc/dragon_ice_spikes": {
    "criteria": {
      "has_item": "2024-12-23 07:27:19 +0000"
    },
    "done": true
  },
  "iceandfire:iceandfire/kill_if_dragon": {
    "criteria": {
      "killed_ice_dragon": "2024-12-23 07:27:55 +0000"
    },
    "done": true
  },
  "iceandfire:recipes/combat/armor_blue_boots": {
    "criteria": {
      "has_item": "2024-12-23 07:28:00 +0000"
    },
    "done": true
  },
  "iceandfire:recipes/combat/armor_blue_leggings": {
    "criteria": {
      "has_item": "2024-12-23 07:28:00 +0000"
    },
    "done": true
  },
  "iceandfire:recipes/combat/armor_blue_chestplate": {
    "criteria": {
      "has_item": "2024-12-23 07:28:00 +0000"
    },
    "done": true
  },
  "iceandfire:recipes/combat/armor_blue_helmet": {
    "criteria": {
      "has_item": "2024-12-23 07:28:00 +0000"
    },
    "done": true
  },
  "iceandfire:recipes/building_blocks/dragonscales_blue_to_dragonscale_blue": {
    "criteria": {
      "has_dragonscales_blue": "2024-12-23 07:28:00 +0000"
    },
    "done": true
  },
  "iceandfire:recipes/building_blocks/silver_nugget_to_silver_ingot": {
    "criteria": {
      "has_silver_nugget": "2024-12-23 07:29:03 +0000"
    },
    "done": true
  },
  "minecraft:recipes/misc/iron_nugget_from_smelting": {
    "criteria": {
      "has_iron_sword": "2024-12-23 07:49:38 +0000"
    },
    "done": true
  },
  "minecraft:recipes/misc/iron_nugget_from_blasting": {
    "criteria": {
      "has_iron_sword": "2024-12-23 07:49:38 +0000"
    },
    "done": true
  },
  "minecraft:recipes/misc/red_dye_from_poppy": {
    "criteria": {
      "has_poppy": "2024-12-23 07:49:43 +0000"
    },
    "done": true
  },
  "minecraft:recipes/misc/light_gray_dye_from_azure_bluet": {
    "criteria": {
      "has_azure_bluet": "2024-12-23 07:50:48 +0000"
    },
    "done": true
  },
  "doggytalents:recipes/food/golden_a_five_wagyu": {
    "criteria": {
      "has_cooked_beef": "2024-12-23 07:51:32 +0000"
    },
    "done": true
  },
  "doggytalents:recipes/food/breeding_bone": {
    "criteria": {
      "has_cooked_porkchop": "2024-12-23 07:51:34 +0000"
    },
    "done": true
  },
  "doggytalents:recipes/food/sausage": {
    "criteria": {
      "has_cooked_porkchop": "2024-12-23 07:51:34 +0000"
    },
    "done": true
  },
  "minecraft:recipes/food/cooked_beef_from_smoking": {
    "criteria": {
      "has_beef": "2024-12-23 07:53:54 +0000"
    },
    "done": true
  },
  "minecraft:recipes/food/cooked_beef": {
    "criteria": {
      "has_beef": "2024-12-23 07:53:54 +0000"
    },
    "done": true
  },
  "minecraft:recipes/food/cooked_beef_from_campfire_cooking": {
    "criteria": {
      "has_beef": "2024-12-23 07:53:54 +0000"
    },
    "done": true
  },
  "doggytalents:recipes/food/super_treat": {
    "criteria": {
      "has_golden_apple": "2024-12-23 07:54:38 +0000"
    },
    "done": true
  },
  "minecraft:recipes/misc/iron_ingot_from_iron_block": {
    "criteria": {
      "has_iron_block": "2024-12-23 07:59:02 +0000"
    },
    "done": true
  },
  "minecraft:recipes/decorations/anvil": {
    "criteria": {
      "has_iron_block": "2024-12-23 07:59:02 +0000"
    },
    "done": true
  },
  "minecraft:recipes/decorations/polished_blackstone_brick_wall_from_blackstone_stonecutting": {
    "criteria": {
      "has_blackstone": "2024-12-23 08:13:05 +0000"
    },
    "done": true
  },
  "minecraft:recipes/decorations/blackstone_wall": {
    "criteria": {
      "has_blackstone": "2024-12-23 08:13:05 +0000"
    },
    "done": true
  },
  "minecraft:recipes/building_blocks/polished_blackstone_brick_stairs_from_blackstone_stonecutting": {
    "criteria": {
      "has_blackstone": "2024-12-23 08:13:05 +0000"
    },
    "done": true
  },
  "minecraft:recipes/building_blocks/polished_blackstone_bricks_from_blackstone_stonecutting": {
    "criteria": {
      "has_blackstone": "2024-12-23 08:13:05 +0000"
    },
    "done": true
  },
  "minecraft:recipes/building_blocks/polished_blackstone_stairs_from_blackstone_stonecutting": {
    "criteria": {
      "has_blackstone": "2024-12-23 08:13:05 +0000"
    },
    "done": true
  },
  "minecraft:recipes/decorations/polished_blackstone_wall_from_blackstone_stonecutting": {
    "criteria": {
      "has_blackstone": "2024-12-23 08:13:05 +0000"
    },
    "done": true
  },
  "minecraft:recipes/building_blocks/chiseled_polished_blackstone_from_blackstone_stonecutting": {
    "criteria": {
      "has_blackstone": "2024-12-23 08:13:05 +0000"
    },
    "done": true
  },
  "minecraft:recipes/building_blocks/blackstone_stairs": {
    "criteria": {
      "has_blackstone": "2024-12-23 08:13:05 +0000"
    },
    "done": true
  },
  "minecraft:recipes/building_blocks/blackstone_slab_from_blackstone_stonecutting": {
    "criteria": {
      "has_blackstone": "2024-12-23 08:13:05 +0000"
    },
    "done": true
  },
  "minecraft:recipes/building_blocks/polished_blackstone_slab_from_blackstone_stonecutting": {
    "criteria": {
      "has_blackstone": "2024-12-23 08:13:05 +0000"
    },
    "done": true
  },
  "minecraft:recipes/building_blocks/polished_blackstone": {
    "criteria": {
      "has_blackstone": "2024-12-23 08:13:05 +0000"
    },
    "done": true
  },
  "minecraft:recipes/building_blocks/blackstone_slab": {
    "criteria": {
      "has_blackstone": "2024-12-23 08:13:05 +0000"
    },
    "done": true
  },
  "minecraft:recipes/building_blocks/polished_blackstone_brick_slab_from_blackstone_stonecutting": {
    "criteria": {
      "has_blackstone": "2024-12-23 08:13:05 +0000"
    },
    "done": true
  },
  "minecraft:recipes/building_blocks/polished_blackstone_from_blackstone_stonecutting": {
    "criteria": {
      "has_blackstone": "2024-12-23 08:13:05 +0000"
    },
    "done": true
  },
  "minecraft:recipes/decorations/blackstone_wall_from_blackstone_stonecutting": {
    "criteria": {
      "has_blackstone": "2024-12-23 08:13:05 +0000"
    },
    "done": true
  },
  "minecraft:recipes/building_blocks/blackstone_stairs_from_blackstone_stonecutting": {
    "criteria": {
      "has_blackstone": "2024-12-23 08:13:05 +0000"
    },
    "done": true
  },
  "iceandfire:recipes/building_blocks/ash": {
    "criteria": {
      "has_item": "2024-12-23 08:20:14 +0000"
    },
    "done": true
  },
  "iceandfire:recipes/combat/armor_red_chestplate": {
    "criteria": {
      "has_item": "2024-12-23 08:21:45 +0000"
    },
    "done": true
  },
  "iceandfire:recipes/combat/armor_red_helmet": {
    "criteria": {
      "has_item": "2024-12-23 08:21:45 +0000"
    },
    "done": true
  },
  "iceandfire:recipes/building_blocks/dragonscales_red_to_dragonscale_red": {
    "criteria": {
      "has_dragonscales_red": "2024-12-23 08:21:45 +0000"
    },
    "done": true
  },
  "iceandfire:recipes/combat/armor_red_boots": {
    "criteria": {
      "has_item": "2024-12-23 08:21:45 +0000"
    },
    "done": true
  },
  "iceandfire:recipes/combat/armor_red_leggings": {
    "criteria": {
      "has_item": "2024-12-23 08:21:45 +0000"
    },
    "done": true
  },
  "minecraft:recipes/misc/gold_ingot_from_nuggets": {
    "criteria": {
      "has_gold_nugget": "2024-12-23 08:28:39 +0000"
    },
    "done": true
  },
  "minecraft:recipes/brewing/golden_carrot": {
    "criteria": {
      "has_gold_nugget": "2024-12-23 08:28:39 +0000"
    },
    "done": true
  },
  "iceandfire:recipes/food/gold_pile": {
    "criteria": {
      "has_item": "2024-12-23 08:28:39 +0000"
    },
    "done": true
  },
  "iceandfire:recipes/building_blocks/dragonscales_gray_to_dragonscale_gray": {
    "criteria": {
      "has_dragonscales_gray": "2024-12-23 08:29:23 +0000"
    },
    "done": true
  },
  "iceandfire:recipes/combat/armor_gray_helmet": {
    "criteria": {
      "has_item": "2024-12-23 08:29:23 +0000"
    },
    "done": true
  },
  "iceandfire:recipes/combat/armor_gray_chestplate": {
    "criteria": {
      "has_item": "2024-12-23 08:29:23 +0000"
    },
    "done": true
  },
  "iceandfire:recipes/combat/armor_gray_leggings": {
    "criteria": {
      "has_item": "2024-12-23 08:29:23 +0000"
    },
    "done": true
  },
  "iceandfire:iceandfire/dragon_egg": {
    "criteria": {
      "egg": "2024-12-23 08:29:23 +0000"
    },
    "done": true
  },
  "iceandfire:recipes/combat/armor_gray_boots": {
    "criteria": {
      "has_item": "2024-12-23 08:29:23 +0000"
    },
    "done": true
  },
  "iceandfire:iceandfire/dragon_staff": {
    "criteria": {
      "bestiary": "2024-12-23 08:38:34 +0000"
    },
    "done": true
  },
  "minecraft:husbandry/tame_an_animal": {
    "criteria": {
      "tamed_animal": "2024-12-23 08:45:48 +0000"
    },
    "done": true
  },
  "iceandfire:iceandfire/dragon_meal": {
    "criteria": {
      "bestiary": "2024-12-23 08:49:49 +0000"
    },
    "done": true
  },
  "iceandfire:recipes/combat/dragonarmor_diamond_head": {
    "criteria": {
      "has_the_recipe": "2024-12-23 08:51:47 +0000"
    },
    "done": true
  },
  "iceandfire:iceandfire/dragonarmor": {
    "criteria": {
      "iron": "2024-12-23 08:51:48 +0000"
    },
    "done": true
  },
  "iceandfire:recipes/combat/dragonarmor_diamond_neck": {
    "criteria": {
      "has_the_recipe": "2024-12-23 08:51:51 +0000"
    },
    "done": true
  },
  "iceandfire:recipes/combat/dragonarmor_diamond_body": {
    "criteria": {
      "has_the_recipe": "2024-12-23 08:51:56 +0000"
    },
    "done": true
  },
  "memory_of_the_past:reach_level_50": {
    "criteria": {
      "reach_level_50_0": "2024-12-23 20:08:46 +0000"
    },
    "done": true
  },
  "minecraft:recipes/misc/gold_ingot_from_gold_block": {
    "criteria": {
      "has_gold_block": "2024-12-23 21:24:02 +0000"
    },
    "done": true
  },
  "alexsmobs:alexsmobs/tarantula_hawk": {
    "criteria": {
      "killed": "2024-12-23 21:24:04 +0000"
    },
    "done": true
  },
  "iceandfire:iceandfire/kill_deathworm": {
    "criteria": {
      "killed_fire_dragon": "2024-12-23 21:26:49 +0000"
    },
    "done": true
  },
  "iceandfire:recipes/combat/deathworm_red_chestplate": {
    "criteria": {
      "has_item": "2024-12-23 21:26:50 +0000"
    },
    "done": true
  },
  "iceandfire:recipes/combat/deathworm_red_boots": {
    "criteria": {
      "has_item": "2024-12-23 21:26:50 +0000"
    },
    "done": true
  },
  "iceandfire:recipes/combat/deathworm_red_leggings": {
    "criteria": {
      "has_item": "2024-12-23 21:26:50 +0000"
    },
    "done": true
  },
  "iceandfire:recipes/combat/deathworm_red_helmet": {
    "criteria": {
      "has_item": "2024-12-23 21:26:50 +0000"
    },
    "done": true
  },
  "iceandfire:iceandfire/gorgon_head": {
    "criteria": {
      "bestiary": "2024-12-23 21:50:10 +0000"
    },
    "done": true
  },
  "iceandfire:recipes/combat/armor_green_leggings": {
    "criteria": {
      "has_item": "2024-12-23 21:50:46 +0000"
    },
    "done": true
  },
  "iceandfire:recipes/misc/dragonscale_red_to_dragonscales_red": {
    "criteria": {
      "has_dragonscale_red": "2024-12-23 21:50:46 +0000"
    },
    "done": true
  },
  "iceandfire:recipes/combat/armor_green_chestplate": {
    "criteria": {
      "has_item": "2024-12-23 21:50:46 +0000"
    },
    "done": true
  },
  "iceandfire:recipes/building_blocks/dragonforge_fire_input": {
    "criteria": {
      "has_item": "2024-12-23 21:50:46 +0000"
    },
    "done": true
  },
  "iceandfire:recipes/building_blocks/dragonforge_fire_core_disabled": {
    "criteria": {
      "has_item": "2024-12-23 21:50:46 +0000"
    },
    "done": true
  },
  "iceandfire:recipes/combat/armor_green_helmet": {
    "criteria": {
      "has_item": "2024-12-23 21:50:46 +0000"
    },
    "done": true
  },
  "iceandfire:recipes/building_blocks/dragonscales_green_to_dragonscale_green": {
    "criteria": {
      "has_dragonscales_green": "2024-12-23 21:50:46 +0000"
    },
    "done": true
  },
  "iceandfire:recipes/misc/skull_to_bone_meal": {
    "criteria": {
      "has_item": "2024-12-23 21:50:46 +0000"
    },
    "done": true
  },
  "iceandfire:iceandfire/dragon_forge_brick": {
    "criteria": {
      "forge": "2024-12-23 21:50:46 +0000"
    },
    "done": true
  },
  "iceandfire:recipes/combat/armor_green_boots": {
    "criteria": {
      "has_item": "2024-12-23 21:50:46 +0000"
    },
    "done": true
  },
  "iceandfire:recipes/misc/dragon_stick": {
    "criteria": {
      "has_item": "2024-12-23 21:50:46 +0000"
    },
    "done": true
  },
  "minecraft:recipes/building_blocks/stone_brick_stairs": {
    "criteria": {
      "has_stone_bricks": "2024-12-23 21:51:19 +0000"
    },
    "done": true
  },
  "minecraft:recipes/building_blocks/chiseled_stone_bricks": {
    "criteria": {
      "has_tag": "2024-12-23 21:51:19 +0000"
    },
    "done": true
  },
  "minecraft:recipes/decorations/mossy_stone_brick_wall": {
    "criteria": {
      "has_mossy_stone_bricks": "2024-12-23 21:51:19 +0000"
    },
    "done": true
  },
  "minecraft:recipes/building_blocks/mossy_stone_brick_slab": {
    "criteria": {
      "has_mossy_stone_bricks": "2024-12-23 21:51:19 +0000"
    },
    "done": true
  },
  "minecraft:recipes/building_blocks/mossy_stone_brick_stairs": {
    "criteria": {
      "has_mossy_stone_bricks": "2024-12-23 21:51:19 +0000"
    },
    "done": true
  },
  "minecraft:recipes/building_blocks/stone_brick_slab": {
    "criteria": {
      "has_stone_bricks": "2024-12-23 21:51:19 +0000"
    },
    "done": true
  },
  "minecraft:recipes/building_blocks/mossy_stone_brick_stairs_from_mossy_stone_brick_stonecutting": {
    "criteria": {
      "has_mossy_stone_bricks": "2024-12-23 21:51:19 +0000"
    },
    "done": true
  },
  "minecraft:recipes/decorations/mossy_stone_brick_wall_from_mossy_stone_brick_stonecutting": {
    "criteria": {
      "has_mossy_stone_bricks": "2024-12-23 21:51:19 +0000"
    },
    "done": true
  },
  "minecraft:recipes/building_blocks/mossy_stone_brick_slab_from_mossy_stone_brick_stonecutting": {
    "criteria": {
      "has_mossy_stone_bricks": "2024-12-23 21:51:19 +0000"
    },
    "done": true
  },
  "minecraft:recipes/decorations/stone_brick_wall": {
    "criteria": {
      "has_stone_bricks": "2024-12-23 21:52:01 +0000"
    },
    "done": true
  },
  "minecraft:recipes/building_blocks/cracked_stone_bricks": {
    "criteria": {
      "has_stone_bricks": "2024-12-23 21:52:01 +0000"
    },
    "done": true
  },
  "minecraft:recipes/building_blocks/stone_brick_stairs_from_stone_bricks_stonecutting": {
    "criteria": {
      "has_stone_bricks": "2024-12-23 21:52:01 +0000"
    },
    "done": true
  },
  "iceandfire:recipes/building_blocks/dragonforge_ice_brick": {
    "criteria": {
      "has_item": "2024-12-23 21:52:01 +0000"
    },
    "done": true
  },
  "iceandfire:recipes/building_blocks/dragonforge_lightning_brick": {
    "criteria": {
      "has_item": "2024-12-23 21:52:01 +0000"
    },
    "done": true
  },
  "iceandfire:recipes/building_blocks/dragonforge_fire_brick": {
    "criteria": {
      "has_item": "2024-12-23 21:52:01 +0000"
    },
    "done": true
  },
  "minecraft:recipes/decorations/stone_brick_wall_from_stone_bricks_stonecutting": {
    "criteria": {
      "has_stone_bricks": "2024-12-23 21:52:01 +0000"
    },
    "done": true
  },
  "minecraft:recipes/building_blocks/stone_brick_slab_from_stone_bricks_stonecutting": {
    "criteria": {
      "has_stone_bricks": "2024-12-23 21:52:01 +0000"
    },
    "done": true
  },
  "minecraft:recipes/building_blocks/chiseled_stone_bricks_from_stone_bricks_stonecutting": {
    "criteria": {
      "has_stone_bricks": "2024-12-23 21:52:01 +0000"
    },
    "done": true
  },
  "DataVersion": 3465
}