{
  "minecraft:recipes/redstone/acacia_button": {
    "criteria": {
      "has_planks": "2024-12-23 04:05:23 +0000"
    },
    "done": true
  },
  "iceandfire:recipes/misc/dragon_meal": {
    "criteria": {
      "has_item": "2024-12-23 04:05:23 +0000"
    },
    "done": true
  },
  "takesapillage:root": {
    "criteria": {
      "always": "2024-12-23 04:05:23 +0000"
    },
    "done": true
  },
  "minecraft:recipes/combat/diamond_leggings": {
    "criteria": {
      "has_diamond": "2024-12-23 04:05:23 +0000"
    },
    "done": true
  },
  "minecraft:recipes/food/cooked_mutton_from_smoking": {
    "criteria": {
      "has_mutton": "2024-12-23 04:05:23 +0000"
    },
    "done": true
  },
  "minecraft:recipes/redstone/acacia_pressure_plate": {
    "criteria": {
      "has_planks": "2024-12-23 04:05:23 +0000"
    },
    "done": true
  },
  "iceandfire:recipes/misc/dragon_bone_wall": {
    "criteria": {
      "has_item": "2024-12-23 04:05:23 +0000"
    },
    "done": true
  },
  "iceandfire:recipes/combat/deathworm_yellow_boots": {
    "criteria": {
      "has_item": "2024-12-23 04:05:23 +0000"
    },
    "done": true
  },
  "minecraft:recipes/combat/diamond_sword": {
    "criteria": {
      "has_diamond": "2024-12-23 04:05:23 +0000"
    },
    "done": true
  },
  "minecraft:recipes/decorations/jukebox": {
    "criteria": {
      "has_diamond": "2024-12-23 04:05:23 +0000"
    },
    "done": true
  },
  "iceandfire:recipes/tools/dragonbone_shovel": {
    "criteria": {
      "has_item": "2024-12-23 04:05:23 +0000"
    },
    "done": true
  },
  "minecraft:recipes/building_blocks/acacia_slab": {
    "criteria": {
      "has_planks": "2024-12-23 04:05:23 +0000"
    },
    "done": true
  },
  "minecraft:recipes/combat/diamond_chestplate": {
    "criteria": {
      "has_diamond": "2024-12-23 04:05:23 +0000"
    },
    "done": true
  },
  "doggytalents:recipes/decorations/witch_hat": {
    "criteria": {
      "has_potion": "2024-12-23 04:05:23 +0000"
    },
    "done": true
  },
  "iceandfire:recipes/combat/deathworm_yellow_helmet": {
    "criteria": {
      "has_item": "2024-12-23 04:05:23 +0000"
    },
    "done": true
  },
  "iceandfire:recipes/combat/armor_red_chestplate": {
    "criteria": {
      "has_item": "2024-12-23 04:05:23 +0000"
    },
    "done": true
  },
  "minecraft:recipes/misc/gold_ingot_from_nuggets": {
    "criteria": {
      "has_gold_nugget": "2024-12-23 04:05:23 +0000"
    },
    "done": true
  },
  "doggytalents:recipes/food/breeding_bone": {
    "criteria": {
      "has_cooked_porkchop": "2024-12-23 04:05:23 +0000"
    },
    "done": true
  },
  "minecraft:recipes/redstone/acacia_trapdoor": {
    "criteria": {
      "has_planks": "2024-12-23 04:05:23 +0000"
    },
    "done": true
  },
  "iceandfire:recipes/combat/tide_bronze_chestplate": {
    "criteria": {
      "has_item": "2024-12-23 04:05:23 +0000"
    },
    "done": true
  },
  "iceandfire:recipes/combat/tide_bronze_helmet": {
    "criteria": {
      "has_item": "2024-12-23 04:05:23 +0000"
    },
    "done": true
  },
  "minecraft:recipes/decorations/crafting_table": {
    "criteria": {
      "unlock_right_away": "2024-12-23 04:05:23 +0000"
    },
    "done": true
  },
  "minecraft:recipes/decorations/chest": {
    "criteria": {
      "has_lots_of_items": "2024-12-23 04:05:23 +0000"
    },
    "done": true
  },
  "minecraft:story/shiny_gear": {
    "criteria": {
      "diamond_helmet": "2024-12-23 04:05:23 +0000"
    },
    "done": true
  },
  "minecraft:recipes/misc/stick": {
    "criteria": {
      "has_planks": "2024-12-23 04:05:23 +0000"
    },
    "done": true
  },
  "minecraft:recipes/brewing/golden_carrot": {
    "criteria": {
      "has_gold_nugget": "2024-12-23 04:05:23 +0000"
    },
    "done": true
  },
  "doggytalents:recipes/tools/throw_bone": {
    "criteria": {
      "has_bone": "2024-12-23 04:05:23 +0000"
    },
    "done": true
  },
  "iceandfire:recipes/building_blocks/dragonscales_bronze_to_dragonscale_bronze": {
    "criteria": {
      "has_dragonscales_bronze": "2024-12-23 04:05:23 +0000"
    },
    "done": true
  },
  "minecraft:recipes/tools/diamond_pickaxe": {
    "criteria": {
      "has_diamond": "2024-12-23 04:05:23 +0000"
    },
    "done": true
  },
  "iceandfire:recipes/combat/armor_bronze_boots": {
    "criteria": {
      "has_item": "2024-12-23 04:05:23 +0000"
    },
    "done": true
  },
  "iceandfire:recipes/combat/armor_bronze_leggings": {
    "criteria": {
      "has_item": "2024-12-23 04:05:23 +0000"
    },
    "done": true
  },
  "iceandfire:recipes/misc/dragon_flute": {
    "criteria": {
      "has_item": "2024-12-23 04:05:23 +0000"
    },
    "done": true
  },
  "minecraft:recipes/misc/bone_meal": {
    "criteria": {
      "has_bone": "2024-12-23 04:05:23 +0000"
    },
    "done": true
  },
  "iceandfire:recipes/tools/dragonbone_axe": {
    "criteria": {
      "has_item": "2024-12-23 04:05:23 +0000"
    },
    "done": true
  },
  "iceandfire:recipes/misc/earplugs": {
    "criteria": {
      "has_item": "2024-12-23 04:05:23 +0000"
    },
    "done": true
  },
  "minecraft:recipes/building_blocks/acacia_stairs": {
    "criteria": {
      "has_planks": "2024-12-23 04:05:23 +0000"
    },
    "done": true
  },
  "iceandfire:recipes/combat/tide_bronze_leggings": {
    "criteria": {
      "has_item": "2024-12-23 04:05:23 +0000"
    },
    "done": true
  },
  "minecraft:recipes/redstone/acacia_door": {
    "criteria": {
      "has_planks": "2024-12-23 04:05:23 +0000"
    },
    "done": true
  },
  "minecraft:recipes/tools/diamond_hoe": {
    "criteria": {
      "has_diamond": "2024-12-23 04:05:23 +0000"
    },
    "done": true
  },
  "minecraft:recipes/tools/diamond_shovel": {
    "criteria": {
      "has_diamond": "2024-12-23 04:05:23 +0000"
    },
    "done": true
  },
  "iceandfire:recipes/tools/dragonbone_pickaxe": {
    "criteria": {
      "has_item": "2024-12-23 04:05:23 +0000"
    },
    "done": true
  },
  "minecraft:recipes/redstone/acacia_fence_gate": {
    "criteria": {
      "has_planks": "2024-12-23 04:05:23 +0000"
    },
    "done": true
  },
  "cataclysm:root": {
    "criteria": {
      "custom_test_name": "2024-12-23 04:05:23 +0000"
    },
    "done": true
  },
  "iceandfire:recipes/combat/armor_red_helmet": {
    "criteria": {
      "has_item": "2024-12-23 04:05:23 +0000"
    },
    "done": true
  },
  "minecraft:recipes/combat/diamond_boots": {
    "criteria": {
      "has_diamond": "2024-12-23 04:05:23 +0000"
    },
    "done": true
  },
  "iceandfire:iceandfire/root": {
    "criteria": {
      "tick": "2024-12-23 04:05:23 +0000"
    },
    "done": true
  },
  "travelersbackpack:recipes/misc/diamond_tier_upgrade": {
    "criteria": {
      "has_diamond": "2024-12-23 04:05:23 +0000"
    },
    "done": true
  },
  "doggytalents:recipes/decorations/baker_hat": {
    "criteria": {
      "has_bread": "2024-12-23 04:05:23 +0000"
    },
    "done": true
  },
  "iceandfire:recipes/misc/nest": {
    "criteria": {
      "has_item": "2024-12-23 04:05:23 +0000"
    },
    "done": true
  },
  "iceandfire:recipes/building_blocks/dragonscales_red_to_dragonscale_red": {
    "criteria": {
      "has_dragonscales_red": "2024-12-23 04:05:23 +0000"
    },
    "done": true
  },
  "iceandfire:recipes/combat/dragonbone_bow": {
    "criteria": {
      "has_item": "2024-12-23 04:05:23 +0000"
    },
    "done": true
  },
  "travelersbackpack:recipes/misc/skeleton": {
    "criteria": {
      "has_arrow": "2024-12-23 04:05:23 +0000"
    },
    "done": true
  },
  "iceandfire:recipes/combat/armor_red_boots": {
    "criteria": {
      "has_item": "2024-12-23 04:05:23 +0000"
    },
    "done": true
  },
  "minecraft:recipes/decorations/acacia_sign": {
    "criteria": {
      "has_planks": "2024-12-23 04:05:23 +0000"
    },
    "done": true
  },
  "dungeons_arise:wda_root": {
    "criteria": {
      "WDA": "2024-12-23 04:05:23 +0000"
    },
    "done": true
  },
  "minecraft:recipes/food/cooked_mutton": {
    "criteria": {
      "has_mutton": "2024-12-23 04:05:23 +0000"
    },
    "done": true
  },
  "minecraft:recipes/misc/charcoal": {
    "criteria": {
      "has_log": "2024-12-23 04:05:23 +0000"
    },
    "done": true
  },
  "iceandfire:recipes/building_blocks/dragon_bone_block": {
    "criteria": {
      "has_dragonbone": "2024-12-23 04:05:23 +0000"
    },
    "done": true
  },
  "minecraft:recipes/combat/diamond_helmet": {
    "criteria": {
      "has_diamond": "2024-12-23 04:05:23 +0000"
    },
    "done": true
  },
  "travelersbackpack:recipes/misc/wolf": {
    "criteria": {
      "has_bone": "2024-12-23 04:05:23 +0000"
    },
    "done": true
  },
  "iceandfire:recipes/food/gold_pile": {
    "criteria": {
      "has_item": "2024-12-23 04:05:23 +0000"
    },
    "done": true
  },
  "minecraft:recipes/food/cooked_mutton_from_campfire_cooking": {
    "criteria": {
      "has_mutton": "2024-12-23 04:05:23 +0000"
    },
    "done": true
  },
  "iceandfire:recipes/combat/armor_red_leggings": {
    "criteria": {
      "has_item": "2024-12-23 04:05:23 +0000"
    },
    "done": true
  },
  "minecraft:recipes/redstone/dispenser": {
    "criteria": {
      "has_bow": "2024-12-23 04:05:23 +0000"
    },
    "done": true
  },
  "iceandfire:recipes/building_blocks/sea_serpent_scales_bronze_to_sea_serpent_scale_block_bronze": {
    "criteria": {
      "has_sea_serpent_scales_bronze": "2024-12-23 04:05:23 +0000"
    },
    "done": true
  },
  "minecraft:recipes/decorations/acacia_fence": {
    "criteria": {
      "has_planks": "2024-12-23 04:05:23 +0000"
    },
    "done": true
  },
  "iceandfire:recipes/combat/deathworm_yellow_leggings": {
    "criteria": {
      "has_item": "2024-12-23 04:05:23 +0000"
    },
    "done": true
  },
  "iceandfire:recipes/tools/dragonbone_sword": {
    "criteria": {
      "has_item": "2024-12-23 04:05:23 +0000"
    },
    "done": true
  },
  "iceandfire:recipes/tools/dragonbone_hoe": {
    "criteria": {
      "has_item": "2024-12-23 04:05:23 +0000"
    },
    "done": true
  },
  "travelersbackpack:recipes/misc/diamond": {
    "criteria": {
      "has_diamond": "2024-12-23 04:05:23 +0000"
    },
    "done": true
  },
  "minecraft:recipes/building_blocks/acacia_wood": {
    "criteria": {
      "has_log": "2024-12-23 04:05:23 +0000"
    },
    "done": true
  },
  "doggytalents:recipes/decorations/hot_dog": {
    "criteria": {
      "has_bread": "2024-12-23 04:05:23 +0000"
    },
    "done": true
  },
  "doggytalents:recipes/tools/conducting_bone": {
    "criteria": {
      "has_bone": "2024-12-23 04:05:23 +0000"
    },
    "done": true
  },
  "minecraft:recipes/decorations/barrel": {
    "criteria": {
      "has_planks": "2024-12-23 04:05:23 +0000"
    },
    "done": true
  },
  "minecraft:recipes/building_blocks/diamond_block": {
    "criteria": {
      "has_diamond": "2024-12-23 04:05:23 +0000"
    },
    "done": true
  },
  "iceandfire:recipes/combat/armor_bronze_chestplate": {
    "criteria": {
      "has_item": "2024-12-23 04:05:23 +0000"
    },
    "done": true
  },
  "iceandfire:recipes/misc/dragon_horn": {
    "criteria": {
      "has_item": "2024-12-23 04:05:23 +0000"
    },
    "done": true
  },
  "doggytalents:recipes/food/sausage": {
    "criteria": {
      "has_cooked_porkchop": "2024-12-23 04:05:23 +0000"
    },
    "done": true
  },
  "minecraft:story/mine_diamond": {
    "criteria": {
      "diamond": "2024-12-23 04:05:23 +0000"
    },
    "done": true
  },
  "iceandfire:recipes/combat/armor_bronze_helmet": {
    "criteria": {
      "has_item": "2024-12-23 04:05:23 +0000"
    },
    "done": true
  },
  "iceandfire:recipes/combat/tide_bronze_boots": {
    "criteria": {
      "has_item": "2024-12-23 04:05:23 +0000"
    },
    "done": true
  },
  "minecraft:recipes/tools/diamond_axe": {
    "criteria": {
      "has_diamond": "2024-12-23 04:05:23 +0000"
    },
    "done": true
  },
  "doggytalents:recipes/food/super_treat": {
    "criteria": {
      "has_golden_apple": "2024-12-23 04:05:23 +0000"
    },
    "done": true
  },
  "minecraft:recipes/building_blocks/acacia_planks": {
    "criteria": {
      "has_log": "2024-12-23 04:05:23 +0000"
    },
    "done": true
  },
  "iceandfire:recipes/combat/deathworm_yellow_chestplate": {
    "criteria": {
      "has_item": "2024-12-23 04:05:23 +0000"
    },
    "done": true
  },
  "minecraft:husbandry/root": {
    "criteria": {
      "consumed_item": "2024-12-23 04:05:28 +0000"
    },
    "done": true
  },
  "minecraft:husbandry/balanced_diet": {
    "criteria": {
      "cooked_porkchop": "2024-12-23 07:12:24 +0000",
      "cooked_mutton": "2024-12-23 06:53:35 +0000",
      "cooked_beef": "2024-12-23 04:50:07 +0000",
      "golden_apple": "2024-12-23 04:05:28 +0000",
      "bread": "2024-12-23 04:32:50 +0000",
      "cooked_chicken": "2024-12-23 07:10:33 +0000",
      "cooked_salmon": "2024-12-23 09:18:00 +0000"
    },
    "done": false
  },
  "minecraft:recipes/misc/diamond": {
    "criteria": {
      "has_diamond_block": "2024-12-23 04:09:14 +0000"
    },
    "done": true
  },
  "memory_of_the_past:first_level_up": {
    "criteria": {
      "first_level_up_0": "2024-12-23 04:09:14 +0000"
    },
    "done": true
  },
  "travelersbackpack:recipes/misc/iron_smithing": {
    "criteria": {
      "has_iron": "2024-12-23 04:10:19 +0000"
    },
    "done": true
  },
  "minecraft:adventure/sleep_in_bed": {
    "criteria": {
      "slept_in_bed": "2024-12-23 04:10:25 +0000"
    },
    "done": true
  },
  "twilightforest:recipes/transportation/twilight_oak_boat": {
    "criteria": {
      "in_water": "2024-12-23 04:14:48 +0000"
    },
    "done": true
  },
  "twilightforest:recipes/transportation/time_boat": {
    "criteria": {
      "in_water": "2024-12-23 04:14:48 +0000"
    },
    "done": true
  },
  "twilightforest:recipes/transportation/mining_boat": {
    "criteria": {
      "in_water": "2024-12-23 04:14:48 +0000"
    },
    "done": true
  },
  "twilightforest:recipes/transportation/mangrove_boat": {
    "criteria": {
      "in_water": "2024-12-23 04:14:48 +0000"
    },
    "done": true
  },
  "twilightforest:recipes/transportation/transformation_boat": {
    "criteria": {
      "in_water": "2024-12-23 04:14:48 +0000"
    },
    "done": true
  },
  "minecraft:recipes/transportation/cherry_boat": {
    "criteria": {
      "in_water": "2024-12-23 04:14:48 +0000"
    },
    "done": true
  },
  "minecraft:recipes/transportation/bamboo_raft": {
    "criteria": {
      "in_water": "2024-12-23 04:14:48 +0000"
    },
    "done": true
  },
  "minecraft:recipes/transportation/spruce_boat": {
    "criteria": {
      "in_water": "2024-12-23 04:14:48 +0000"
    },
    "done": true
  },
  "minecraft:recipes/transportation/birch_boat": {
    "criteria": {
      "in_water": "2024-12-23 04:14:48 +0000"
    },
    "done": true
  },
  "minecraft:recipes/transportation/oak_boat": {
    "criteria": {
      "in_water": "2024-12-23 04:14:48 +0000"
    },
    "done": true
  },
  "minecraft:recipes/transportation/mangrove_boat": {
    "criteria": {
      "in_water": "2024-12-23 04:14:48 +0000"
    },
    "done": true
  },
  "twilightforest:recipes/transportation/canopy_boat": {
    "criteria": {
      "in_water": "2024-12-23 04:14:48 +0000"
    },
    "done": true
  },
  "twilightforest:recipes/transportation/dark_boat": {
    "criteria": {
      "in_water": "2024-12-23 04:14:48 +0000"
    },
    "done": true
  },
  "minecraft:recipes/transportation/acacia_boat": {
    "criteria": {
      "in_water": "2024-12-23 04:14:48 +0000"
    },
    "done": true
  },
  "twilightforest:recipes/transportation/sorting_boat": {
    "criteria": {
      "in_water": "2024-12-23 04:14:48 +0000"
    },
    "done": true
  },
  "minecraft:recipes/transportation/jungle_boat": {
    "criteria": {
      "in_water": "2024-12-23 04:14:48 +0000"
    },
    "done": true
  },
  "minecraft:recipes/transportation/dark_oak_boat": {
    "criteria": {
      "in_water": "2024-12-23 04:14:48 +0000"
    },
    "done": true
  },
  "travelersbackpack:recipes/misc/crafting_upgrade": {
    "criteria": {
      "has_crafting_table": "2024-12-23 04:15:09 +0000"
    },
    "done": true
  },
  "fantasyfurniture:recipes/misc/furniture_station": {
    "criteria": {
      "has_crafting_table": "2024-12-23 04:15:09 +0000"
    },
    "done": true
  },
  "minecraft:story/root": {
    "criteria": {
      "crafting_table": "2024-12-23 04:15:09 +0000"
    },
    "done": true
  },
  "travelersbackpack:recipes/misc/standard": {
    "criteria": {
      "has_chest": "2024-12-23 04:15:26 +0000"
    },
    "done": true
  },
  "travelersbackpack:recipes/misc/blank_upgrade": {
    "criteria": {
      "has_chest": "2024-12-23 04:15:26 +0000"
    },
    "done": true
  },
  "iceandfire:recipes/combat/armor_copper_helmet": {
    "criteria": {
      "has_item": "2024-12-23 04:17:10 +0000"
    },
    "done": true
  },
  "iceandfire:iceandfire/kill_myrmex": {
    "criteria": {
      "chitin": "2024-12-23 04:17:10 +0000"
    },
    "done": true
  },
  "iceandfire:recipes/building_blocks/dragonscales_copper_to_dragonscale_copper": {
    "criteria": {
      "has_dragonscales_copper": "2024-12-23 04:17:10 +0000"
    },
    "done": true
  },
  "iceandfire:recipes/combat/armor_copper_boots": {
    "criteria": {
      "has_item": "2024-12-23 04:17:10 +0000"
    },
    "done": true
  },
  "iceandfire:recipes/tools/myrmex_jungle_pickaxe": {
    "criteria": {
      "has_item": "2024-12-23 04:17:10 +0000"
    },
    "done": true
  },
  "iceandfire:recipes/tools/myrmex_jungle_axe": {
    "criteria": {
      "has_item": "2024-12-23 04:17:10 +0000"
    },
    "done": true
  },
  "iceandfire:iceandfire/dragon_meal": {
    "criteria": {
      "bestiary": "2024-12-23 04:17:10 +0000"
    },
    "done": true
  },
  "iceandfire:recipes/combat/myrmex_jungle_chestplate": {
    "criteria": {
      "has_item": "2024-12-23 04:17:10 +0000"
    },
    "done": true
  },
  "iceandfire:recipes/combat/myrmex_jungle_boots": {
    "criteria": {
      "has_item": "2024-12-23 04:17:10 +0000"
    },
    "done": true
  },
  "iceandfire:recipes/tools/myrmex_jungle_sword": {
    "criteria": {
      "has_item": "2024-12-23 04:17:10 +0000"
    },
    "done": true
  },
  "iceandfire:recipes/combat/armor_copper_chestplate": {
    "criteria": {
      "has_item": "2024-12-23 04:17:10 +0000"
    },
    "done": true
  },
  "iceandfire:recipes/combat/myrmex_jungle_helmet": {
    "criteria": {
      "has_item": "2024-12-23 04:17:10 +0000"
    },
    "done": true
  },
  "iceandfire:recipes/combat/myrmex_jungle_leggings": {
    "criteria": {
      "has_item": "2024-12-23 04:17:10 +0000"
    },
    "done": true
  },
  "iceandfire:recipes/tools/myrmex_jungle_shovel": {
    "criteria": {
      "has_item": "2024-12-23 04:17:10 +0000"
    },
    "done": true
  },
  "iceandfire:recipes/combat/armor_copper_leggings": {
    "criteria": {
      "has_item": "2024-12-23 04:17:10 +0000"
    },
    "done": true
  },
  "iceandfire:recipes/tools/myrmex_jungle_hoe": {
    "criteria": {
      "has_item": "2024-12-23 04:17:10 +0000"
    },
    "done": true
  },
  "minecraft:recipes/decorations/painting": {
    "criteria": {
      "has_wool": "2024-12-23 04:17:11 +0000"
    },
    "done": true
  },
  "minecraft:recipes/decorations/glow_item_frame": {
    "criteria": {
      "has_glow_ink_sac": "2024-12-23 04:17:11 +0000"
    },
    "done": true
  },
  "doggytalents:recipes/decorations/lab_coat": {
    "criteria": {
      "has_wool": "2024-12-23 04:17:11 +0000"
    },
    "done": true
  },
  "travelersbackpack:recipes/decorations/white_sleeping_bag": {
    "criteria": {
      "has_white_wool": "2024-12-23 04:17:11 +0000"
    },
    "done": true
  },
  "minecraft:recipes/decorations/white_carpet": {
    "criteria": {
      "has_white_wool": "2024-12-23 04:17:11 +0000"
    },
    "done": true
  },
  "doggytalents:recipes/decorations/beastars_uniform_male": {
    "criteria": {
      "has_wool": "2024-12-23 04:17:11 +0000"
    },
    "done": true
  },
  "minecraft:recipes/brewing/fermented_spider_eye": {
    "criteria": {
      "has_spider_eye": "2024-12-23 04:17:11 +0000"
    },
    "done": true
  },
  "doggytalents:recipes/decorations/conan_suit": {
    "criteria": {
      "has_wool": "2024-12-23 04:17:11 +0000"
    },
    "done": true
  },
  "travelersbackpack:recipes/misc/sheep": {
    "criteria": {
      "has_white_wool": "2024-12-23 04:17:11 +0000"
    },
    "done": true
  },
  "minecraft:recipes/decorations/white_banner": {
    "criteria": {
      "has_white_wool": "2024-12-23 04:17:11 +0000"
    },
    "done": true
  },
  "minecraft:recipes/decorations/white_bed": {
    "criteria": {
      "has_white_wool": "2024-12-23 04:17:11 +0000"
    },
    "done": true
  },
  "doggytalents:recipes/decorations/dog_plushie_toy_item": {
    "criteria": {
      "has_white_wool": "2024-12-23 04:17:11 +0000"
    },
    "done": true
  },
  "doggytalents:recipes/building_blocks/dog_bed_def": {
    "criteria": {
      "has_wool": "2024-12-23 04:17:11 +0000"
    },
    "done": true
  },
  "doggytalents:recipes/decorations/beastars_uniform_female": {
    "criteria": {
      "has_wool": "2024-12-23 04:17:11 +0000"
    },
    "done": true
  },
  "minecraft:recipes/decorations/ladder": {
    "criteria": {
      "has_stick": "2024-12-23 04:17:12 +0000"
    },
    "done": true
  },
  "minecraft:recipes/decorations/fletching_table": {
    "criteria": {
      "has_flint": "2024-12-23 04:17:12 +0000"
    },
    "done": true
  },
  "minecraft:recipes/misc/brown_dye": {
    "criteria": {
      "has_cocoa_beans": "2024-12-23 04:17:12 +0000"
    },
    "done": true
  },
  "doggytalents:recipes/decorations/sunglasses": {
    "criteria": {
      "has_stick": "2024-12-23 04:17:12 +0000"
    },
    "done": true
  },
  "minecraft:recipes/tools/wooden_axe": {
    "criteria": {
      "has_stick": "2024-12-23 04:17:12 +0000"
    },
    "done": true
  },
  "minecraft:recipes/combat/arrow": {
    "criteria": {
      "has_flint": "2024-12-23 04:17:12 +0000"
    },
    "done": true
  },
  "doggytalents:recipes/decorations/giant_stick": {
    "criteria": {
      "has_stick": "2024-12-23 04:17:12 +0000"
    },
    "done": true
  },
  "minecraft:recipes/food/cookie": {
    "criteria": {
      "has_cocoa": "2024-12-23 04:17:12 +0000"
    },
    "done": true
  },
  "minecraft:recipes/building_blocks/mossy_cobblestone_from_moss_block": {
    "criteria": {
      "has_moss_block": "2024-12-23 04:17:12 +0000"
    },
    "done": true
  },
  "minecraft:recipes/decorations/campfire": {
    "criteria": {
      "has_stick": "2024-12-23 04:17:12 +0000"
    },
    "done": true
  },
  "minecraft:recipes/tools/flint_and_steel": {
    "criteria": {
      "has_flint": "2024-12-23 04:17:12 +0000"
    },
    "done": true
  },
  "minecraft:recipes/tools/wooden_hoe": {
    "criteria": {
      "has_stick": "2024-12-23 04:17:12 +0000"
    },
    "done": true
  },
  "minecraft:recipes/tools/wooden_pickaxe": {
    "criteria": {
      "has_stick": "2024-12-23 04:17:12 +0000"
    },
    "done": true
  },
  "minecraft:recipes/tools/wooden_shovel": {
    "criteria": {
      "has_stick": "2024-12-23 04:17:12 +0000"
    },
    "done": true
  },
  "minecraft:recipes/decorations/moss_carpet": {
    "criteria": {
      "has_moss_block": "2024-12-23 04:17:12 +0000"
    },
    "done": true
  },
  "minecraft:recipes/combat/wooden_sword": {
    "criteria": {
      "has_stick": "2024-12-23 04:17:12 +0000"
    },
    "done": true
  },
  "minecraft:recipes/building_blocks/mossy_stone_bricks_from_moss_block": {
    "criteria": {
      "has_moss_block": "2024-12-23 04:17:12 +0000"
    },
    "done": true
  },
  "minecraft:recipes/redstone/lever": {
    "criteria": {
      "has_cobblestone": "2024-12-23 04:17:13 +0000"
    },
    "done": true
  },
  "minecraft:recipes/building_blocks/polished_deepslate": {
    "criteria": {
      "has_cobbled_deepslate": "2024-12-23 04:17:13 +0000"
    },
    "done": true
  },
  "minecraft:recipes/building_blocks/deepslate_tile_stairs_from_cobbled_deepslate_stonecutting": {
    "criteria": {
      "has_cobbled_deepslate": "2024-12-23 04:17:13 +0000"
    },
    "done": true
  },
  "minecraft:recipes/building_blocks/deepslate_brick_stairs_from_cobbled_deepslate_stonecutting": {
    "criteria": {
      "has_cobbled_deepslate": "2024-12-23 04:17:13 +0000"
    },
    "done": true
  },
  "minecraft:recipes/combat/stone_sword": {
    "criteria": {
      "has_cobblestone": "2024-12-23 04:17:13 +0000"
    },
    "done": true
  },
  "minecraft:recipes/tools/stone_axe": {
    "criteria": {
      "has_cobblestone": "2024-12-23 04:17:13 +0000"
    },
    "done": true
  },
  "minecraft:story/mine_stone": {
    "criteria": {
      "get_stone": "2024-12-23 04:17:13 +0000"
    },
    "done": true
  },
  "minecraft:recipes/decorations/furnace": {
    "criteria": {
      "has_cobblestone": "2024-12-23 04:17:13 +0000"
    },
    "done": true
  },
  "minecraft:recipes/building_blocks/chiseled_deepslate_from_cobbled_deepslate_stonecutting": {
    "criteria": {
      "has_cobbled_deepslate": "2024-12-23 04:17:13 +0000"
    },
    "done": true
  },
  "minecraft:recipes/building_blocks/cobbled_deepslate_slab": {
    "criteria": {
      "has_cobbled_deepslate": "2024-12-23 04:17:13 +0000"
    },
    "done": true
  },
  "minecraft:recipes/decorations/cobbled_deepslate_wall_from_cobbled_deepslate_stonecutting": {
    "criteria": {
      "has_cobbled_deepslate": "2024-12-23 04:17:13 +0000"
    },
    "done": true
  },
  "minecraft:recipes/building_blocks/clay": {
    "criteria": {
      "has_clay_ball": "2024-12-23 04:17:13 +0000"
    },
    "done": true
  },
  "minecraft:recipes/decorations/cobbled_deepslate_wall": {
    "criteria": {
      "has_cobbled_deepslate": "2024-12-23 04:17:13 +0000"
    },
    "done": true
  },
  "minecraft:recipes/decorations/polished_deepslate_wall_from_cobbled_deepslate_stonecutting": {
    "criteria": {
      "has_cobbled_deepslate": "2024-12-23 04:17:13 +0000"
    },
    "done": true
  },
  "minecraft:recipes/building_blocks/cobbled_deepslate_stairs_from_cobbled_deepslate_stonecutting": {
    "criteria": {
      "has_cobbled_deepslate": "2024-12-23 04:17:13 +0000"
    },
    "done": true
  },
  "minecraft:recipes/building_blocks/deepslate": {
    "criteria": {
      "has_cobbled_deepslate": "2024-12-23 04:17:13 +0000"
    },
    "done": true
  },
  "minecraft:recipes/building_blocks/polished_deepslate_stairs_from_cobbled_deepslate_stonecutting": {
    "criteria": {
      "has_cobbled_deepslate": "2024-12-23 04:17:13 +0000"
    },
    "done": true
  },
  "minecraft:recipes/decorations/deepslate_brick_wall_from_cobbled_deepslate_stonecutting": {
    "criteria": {
      "has_cobbled_deepslate": "2024-12-23 04:17:13 +0000"
    },
    "done": true
  },
  "minecraft:recipes/building_blocks/polished_deepslate_from_cobbled_deepslate_stonecutting": {
    "criteria": {
      "has_cobbled_deepslate": "2024-12-23 04:17:13 +0000"
    },
    "done": true
  },
  "minecraft:recipes/building_blocks/polished_deepslate_slab_from_cobbled_deepslate_stonecutting": {
    "criteria": {
      "has_cobbled_deepslate": "2024-12-23 04:17:13 +0000"
    },
    "done": true
  },
  "alexsmobs:alexsmobs/banana": {
    "criteria": {
      "banana": "2024-12-23 04:17:13 +0000"
    },
    "done": true
  },
  "minecraft:recipes/tools/stone_pickaxe": {
    "criteria": {
      "has_cobblestone": "2024-12-23 04:17:13 +0000"
    },
    "done": true
  },
  "minecraft:recipes/building_blocks/deepslate_brick_slab_from_cobbled_deepslate_stonecutting": {
    "criteria": {
      "has_cobbled_deepslate": "2024-12-23 04:17:13 +0000"
    },
    "done": true
  },
  "minecraft:recipes/building_blocks/cobbled_deepslate_slab_from_cobbled_deepslate_stonecutting": {
    "criteria": {
      "has_cobbled_deepslate": "2024-12-23 04:17:13 +0000"
    },
    "done": true
  },
  "minecraft:recipes/building_blocks/deepslate_tile_slab_from_cobbled_deepslate_stonecutting": {
    "criteria": {
      "has_cobbled_deepslate": "2024-12-23 04:17:13 +0000"
    },
    "done": true
  },
  "minecraft:recipes/building_blocks/cobbled_deepslate_stairs": {
    "criteria": {
      "has_cobbled_deepslate": "2024-12-23 04:17:13 +0000"
    },
    "done": true
  },
  "minecraft:recipes/misc/brick": {
    "criteria": {
      "has_clay_ball": "2024-12-23 04:17:13 +0000"
    },
    "done": true
  },
  "minecraft:recipes/decorations/deepslate_tile_wall_from_cobbled_deepslate_stonecutting": {
    "criteria": {
      "has_cobbled_deepslate": "2024-12-23 04:17:13 +0000"
    },
    "done": true
  },
  "minecraft:recipes/building_blocks/deepslate_bricks_from_cobbled_deepslate_stonecutting": {
    "criteria": {
      "has_cobbled_deepslate": "2024-12-23 04:17:13 +0000"
    },
    "done": true
  },
  "minecraft:recipes/building_blocks/deepslate_tiles_from_cobbled_deepslate_stonecutting": {
    "criteria": {
      "has_cobbled_deepslate": "2024-12-23 04:17:13 +0000"
    },
    "done": true
  },
  "minecraft:recipes/tools/stone_hoe": {
    "criteria": {
      "has_cobblestone": "2024-12-23 04:17:13 +0000"
    },
    "done": true
  },
  "minecraft:recipes/tools/stone_shovel": {
    "criteria": {
      "has_cobblestone": "2024-12-23 04:17:13 +0000"
    },
    "done": true
  },
  "iceandfire:recipes/misc/ash_to_charcoal": {
    "criteria": {
      "has_item": "2024-12-23 04:17:14 +0000"
    },
    "done": true
  },
  "minecraft:recipes/decorations/cobblestone_wall": {
    "criteria": {
      "has_cobblestone": "2024-12-23 04:17:14 +0000"
    },
    "done": true
  },
  "minecraft:recipes/building_blocks/cobblestone_slab_from_cobblestone_stonecutting": {
    "criteria": {
      "has_cobblestone": "2024-12-23 04:17:14 +0000"
    },
    "done": true
  },
  "minecraft:recipes/building_blocks/stone": {
    "criteria": {
      "has_cobblestone": "2024-12-23 04:17:14 +0000"
    },
    "done": true
  },
  "iceandfire:recipes/misc/myrmex_resin_jungle": {
    "criteria": {
      "has_item": "2024-12-23 04:17:14 +0000"
    },
    "done": true
  },
  "minecraft:recipes/building_blocks/cobblestone_slab": {
    "criteria": {
      "has_cobblestone": "2024-12-23 04:17:14 +0000"
    },
    "done": true
  },
  "minecraft:recipes/decorations/cobblestone_wall_from_cobblestone_stonecutting": {
    "criteria": {
      "has_cobblestone": "2024-12-23 04:17:14 +0000"
    },
    "done": true
  },
  "minecraft:recipes/building_blocks/cobblestone_stairs_from_cobblestone_stonecutting": {
    "criteria": {
      "has_cobblestone": "2024-12-23 04:17:14 +0000"
    },
    "done": true
  },
  "minecraft:recipes/building_blocks/cobblestone_stairs": {
    "criteria": {
      "has_cobblestone": "2024-12-23 04:17:14 +0000"
    },
    "done": true
  },
  "minecraft:recipes/combat/iron_leggings": {
    "criteria": {
      "has_iron_ingot": "2024-12-23 04:17:15 +0000"
    },
    "done": true
  },
  "minecraft:recipes/combat/iron_chestplate": {
    "criteria": {
      "has_iron_ingot": "2024-12-23 04:17:15 +0000"
    },
    "done": true
  },
  "travelersbackpack:recipes/misc/backpack_tank": {
    "criteria": {
      "has_iron": "2024-12-23 04:17:15 +0000"
    },
    "done": true
  },
  "doggytalents:recipes/decorations/superdog_suit": {
    "criteria": {
      "has_iron_ingot": "2024-12-23 04:17:15 +0000"
    },
    "done": true
  },
  "minecraft:recipes/misc/iron_nugget": {
    "criteria": {
      "has_iron_ingot": "2024-12-23 04:17:15 +0000"
    },
    "done": true
  },
  "doggytalents:recipes/combat/sussy_sickle": {
    "criteria": {
      "has_iron_ingot": "2024-12-23 04:17:15 +0000"
    },
    "done": true
  },
  "minecraft:recipes/misc/bucket": {
    "criteria": {
      "has_iron_ingot": "2024-12-23 04:17:15 +0000"
    },
    "done": true
  },
  "minecraft:recipes/combat/iron_helmet": {
    "criteria": {
      "has_iron_ingot": "2024-12-23 04:17:15 +0000"
    },
    "done": true
  },
  "minecraft:recipes/transportation/minecart": {
    "criteria": {
      "has_iron_ingot": "2024-12-23 04:17:15 +0000"
    },
    "done": true
  },
  "minecraft:recipes/tools/iron_hoe": {
    "criteria": {
      "has_iron_ingot": "2024-12-23 04:17:15 +0000"
    },
    "done": true
  },
  "doggytalents:recipes/tools/whistle": {
    "criteria": {
      "has_iron_ingot": "2024-12-23 04:17:15 +0000"
    },
    "done": true
  },
  "minecraft:story/smelt_iron": {
    "criteria": {
      "iron": "2024-12-23 04:17:15 +0000"
    },
    "done": true
  },
  "minecraft:recipes/tools/shears": {
    "criteria": {
      "has_iron_ingot": "2024-12-23 04:17:15 +0000"
    },
    "done": true
  },
  "doggytalents:recipes/decorations/propeller_hat": {
    "criteria": {
      "has_iron_ingot": "2024-12-23 04:17:15 +0000"
    },
    "done": true
  },
  "minecraft:recipes/decorations/chain": {
    "criteria": {
      "has_iron_ingot": "2024-12-23 04:17:15 +0000"
    },
    "done": true
  },
  "minecraft:recipes/food/cooked_porkchop_from_campfire_cooking": {
    "criteria": {
      "has_porkchop": "2024-12-23 04:17:15 +0000"
    },
    "done": true
  },
  "minecraft:recipes/building_blocks/iron_block": {
    "criteria": {
      "has_iron_ingot": "2024-12-23 04:17:15 +0000"
    },
    "done": true
  },
  "minecraft:recipes/decorations/smithing_table": {
    "criteria": {
      "has_iron_ingot": "2024-12-23 04:17:15 +0000"
    },
    "done": true
  },
  "minecraft:recipes/combat/iron_sword": {
    "criteria": {
      "has_iron_ingot": "2024-12-23 04:17:15 +0000"
    },
    "done": true
  },
  "minecraft:recipes/tools/iron_pickaxe": {
    "criteria": {
      "has_iron_ingot": "2024-12-23 04:17:15 +0000"
    },
    "done": true
  },
  "minecraft:recipes/combat/shield": {
    "criteria": {
      "has_iron_ingot": "2024-12-23 04:17:15 +0000"
    },
    "done": true
  },
  "minecraft:recipes/redstone/hopper": {
    "criteria": {
      "has_iron_ingot": "2024-12-23 04:17:15 +0000"
    },
    "done": true
  },
  "travelersbackpack:recipes/misc/iron": {
    "criteria": {
      "has_iron_ingot": "2024-12-23 04:17:15 +0000"
    },
    "done": true
  },
  "minecraft:recipes/decorations/iron_bars": {
    "criteria": {
      "has_iron_ingot": "2024-12-23 04:17:15 +0000"
    },
    "done": true
  },
  "minecraft:recipes/food/cooked_porkchop": {
    "criteria": {
      "has_porkchop": "2024-12-23 04:17:15 +0000"
    },
    "done": true
  },
  "travelersbackpack:recipes/misc/iron_tier_upgrade": {
    "criteria": {
      "has_iron_ingot": "2024-12-23 04:17:15 +0000"
    },
    "done": true
  },
  "minecraft:recipes/combat/iron_boots": {
    "criteria": {
      "has_iron_ingot": "2024-12-23 04:17:15 +0000"
    },
    "done": true
  },
  "travelersbackpack:recipes/misc/hose_nozzle": {
    "criteria": {
      "has_iron": "2024-12-23 04:17:15 +0000"
    },
    "done": true
  },
  "minecraft:recipes/decorations/lantern": {
    "criteria": {
      "has_iron_ingot": "2024-12-23 04:17:15 +0000"
    },
    "done": true
  },
  "iceandfire:iceandfire/bestiary": {
    "criteria": {
      "bestiary": "2024-12-23 04:17:15 +0000"
    },
    "done": true
  },
  "minecraft:recipes/tools/iron_shovel": {
    "criteria": {
      "has_iron_ingot": "2024-12-23 04:17:15 +0000"
    },
    "done": true
  },
  "minecraft:recipes/redstone/iron_trapdoor": {
    "criteria": {
      "has_iron_ingot": "2024-12-23 04:17:15 +0000"
    },
    "done": true
  },
  "minecraft:recipes/tools/iron_axe": {
    "criteria": {
      "has_iron_ingot": "2024-12-23 04:17:15 +0000"
    },
    "done": true
  },
  "minecraft:recipes/combat/crossbow": {
    "criteria": {
      "has_iron_ingot": "2024-12-23 04:17:15 +0000"
    },
    "done": true
  },
  "minecraft:recipes/food/cooked_porkchop_from_smoking": {
    "criteria": {
      "has_porkchop": "2024-12-23 04:17:15 +0000"
    },
    "done": true
  },
  "travelersbackpack:recipes/misc/pig": {
    "criteria": {
      "has_porkchop": "2024-12-23 04:17:15 +0000"
    },
    "done": true
  },
  "doggytalents:recipes/building_blocks/dog_bath": {
    "criteria": {
      "has_iron_ingot": "2024-12-23 04:17:15 +0000"
    },
    "done": true
  },
  "doggytalents:recipes/building_blocks/food_bowl": {
    "criteria": {
      "has_iron_ingot": "2024-12-23 04:17:15 +0000"
    },
    "done": true
  },
  "minecraft:recipes/redstone/iron_door": {
    "criteria": {
      "has_iron_ingot": "2024-12-23 04:17:15 +0000"
    },
    "done": true
  },
  "minecraft:recipes/redstone/heavy_weighted_pressure_plate": {
    "criteria": {
      "has_iron_ingot": "2024-12-23 04:17:15 +0000"
    },
    "done": true
  },
  "doggytalents:recipes/food/uncooked_rice_bowl": {
    "criteria": {
      "has_dtn_rice_grains": "2024-12-23 04:17:16 +0000"
    },
    "done": true
  },
  "doggytalents:recipes/food/training_treat": {
    "criteria": {
      "has_dtn_rice_grains": "2024-12-23 04:17:16 +0000"
    },
    "done": true
  },
  "minecraft:recipes/misc/stick_from_bamboo_item": {
    "criteria": {
      "has_bamboo": "2024-12-23 04:17:56 +0000"
    },
    "done": true
  },
  "minecraft:recipes/building_blocks/bamboo_block": {
    "criteria": {
      "has_bamboo": "2024-12-23 04:17:56 +0000"
    },
    "done": true
  },
  "minecraft:recipes/decorations/scaffolding": {
    "criteria": {
      "has_bamboo": "2024-12-23 04:17:56 +0000"
    },
    "done": true
  },
  "doggytalents:recipes/decorations/snorkel": {
    "criteria": {
      "has_bamboo": "2024-12-23 04:17:56 +0000"
    },
    "done": true
  },
  "minecraft:recipes/food/cooked_salmon": {
    "criteria": {
      "has_salmon": "2024-12-23 04:18:25 +0000"
    },
    "done": true
  },
  "minecraft:recipes/food/cooked_salmon_from_smoking": {
    "criteria": {
      "has_salmon": "2024-12-23 04:18:25 +0000"
    },
    "done": true
  },
  "minecraft:recipes/food/cooked_salmon_from_campfire_cooking": {
    "criteria": {
      "has_salmon": "2024-12-23 04:18:25 +0000"
    },
    "done": true
  },
  "minecraft:recipes/misc/melon_seeds": {
    "criteria": {
      "has_melon": "2024-12-23 04:18:26 +0000"
    },
    "done": true
  },
  "minecraft:recipes/food/cooked_cod_from_smoking": {
    "criteria": {
      "has_cod": "2024-12-23 04:18:26 +0000"
    },
    "done": true
  },
  "travelersbackpack:recipes/misc/ocelot": {
    "criteria": {
      "has_cod": "2024-12-23 04:18:26 +0000"
    },
    "done": true
  },
  "minecraft:recipes/brewing/glistering_melon_slice": {
    "criteria": {
      "has_melon": "2024-12-23 04:18:26 +0000"
    },
    "done": true
  },
  "travelersbackpack:recipes/misc/melon": {
    "criteria": {
      "has_melon_slice": "2024-12-23 04:18:26 +0000"
    },
    "done": true
  },
  "minecraft:recipes/building_blocks/melon": {
    "criteria": {
      "has_melon": "2024-12-23 04:18:26 +0000"
    },
    "done": true
  },
  "minecraft:recipes/food/cooked_cod_from_campfire_cooking": {
    "criteria": {
      "has_cod": "2024-12-23 04:18:26 +0000"
    },
    "done": true
  },
  "minecraft:recipes/food/cooked_cod": {
    "criteria": {
      "has_cod": "2024-12-23 04:18:26 +0000"
    },
    "done": true
  },
  "minecraft:recipes/misc/mojang_banner_pattern": {
    "criteria": {
      "has_enchanted_golden_apple": "2024-12-23 04:18:26 +0000"
    },
    "done": true
  },
  "minecraft:recipes/building_blocks/light_blue_stained_glass": {
    "criteria": {
      "has_glass": "2024-12-23 04:18:29 +0000"
    },
    "done": true
  },
  "minecraft:recipes/building_blocks/green_stained_glass": {
    "criteria": {
      "has_glass": "2024-12-23 04:18:29 +0000"
    },
    "done": true
  },
  "minecraft:recipes/building_blocks/brown_stained_glass": {
    "criteria": {
      "has_glass": "2024-12-23 04:18:29 +0000"
    },
    "done": true
  },
  "minecraft:recipes/building_blocks/blue_stained_glass": {
    "criteria": {
      "has_glass": "2024-12-23 04:18:29 +0000"
    },
    "done": true
  },
  "minecraft:recipes/building_blocks/orange_stained_glass": {
    "criteria": {
      "has_glass": "2024-12-23 04:18:29 +0000"
    },
    "done": true
  },
  "minecraft:recipes/building_blocks/pink_stained_glass": {
    "criteria": {
      "has_glass": "2024-12-23 04:18:29 +0000"
    },
    "done": true
  },
  "minecraft:recipes/building_blocks/black_stained_glass": {
    "criteria": {
      "has_glass": "2024-12-23 04:18:29 +0000"
    },
    "done": true
  },
  "minecraft:recipes/building_blocks/gray_stained_glass": {
    "criteria": {
      "has_glass": "2024-12-23 04:18:29 +0000"
    },
    "done": true
  },
  "minecraft:recipes/building_blocks/lime_stained_glass": {
    "criteria": {
      "has_glass": "2024-12-23 04:18:29 +0000"
    },
    "done": true
  },
  "minecraft:recipes/decorations/glass_pane": {
    "criteria": {
      "has_glass": "2024-12-23 04:18:29 +0000"
    },
    "done": true
  },
  "minecraft:recipes/building_blocks/magenta_stained_glass": {
    "criteria": {
      "has_glass": "2024-12-23 04:18:29 +0000"
    },
    "done": true
  },
  "minecraft:recipes/building_blocks/white_stained_glass": {
    "criteria": {
      "has_glass": "2024-12-23 04:18:29 +0000"
    },
    "done": true
  },
  "minecraft:recipes/building_blocks/red_stained_glass": {
    "criteria": {
      "has_glass": "2024-12-23 04:18:29 +0000"
    },
    "done": true
  },
  "minecraft:recipes/brewing/glass_bottle": {
    "criteria": {
      "has_glass": "2024-12-23 04:18:29 +0000"
    },
    "done": true
  },
  "minecraft:recipes/building_blocks/light_gray_stained_glass": {
    "criteria": {
      "has_glass": "2024-12-23 04:18:29 +0000"
    },
    "done": true
  },
  "minecraft:recipes/building_blocks/cyan_stained_glass": {
    "criteria": {
      "has_glass": "2024-12-23 04:18:29 +0000"
    },
    "done": true
  },
  "minecraft:recipes/building_blocks/purple_stained_glass": {
    "criteria": {
      "has_glass": "2024-12-23 04:18:29 +0000"
    },
    "done": true
  },
  "minecraft:recipes/building_blocks/yellow_stained_glass": {
    "criteria": {
      "has_glass": "2024-12-23 04:18:29 +0000"
    },
    "done": true
  },
  "iceandfire:recipes/tools/myrmex_desert_sword": {
    "criteria": {
      "has_item": "2024-12-23 04:18:30 +0000"
    },
    "done": true
  },
  "iceandfire:recipes/combat/myrmex_desert_helmet": {
    "criteria": {
      "has_item": "2024-12-23 04:18:30 +0000"
    },
    "done": true
  },
  "iceandfire:recipes/tools/myrmex_desert_pickaxe": {
    "criteria": {
      "has_item": "2024-12-23 04:18:30 +0000"
    },
    "done": true
  },
  "iceandfire:recipes/tools/myrmex_desert_shovel": {
    "criteria": {
      "has_item": "2024-12-23 04:18:30 +0000"
    },
    "done": true
  },
  "minecraft:recipes/redstone/jungle_button": {
    "criteria": {
      "has_planks": "2024-12-23 04:18:30 +0000"
    },
    "done": true
  },
  "iceandfire:recipes/tools/myrmex_desert_axe": {
    "criteria": {
      "has_item": "2024-12-23 04:18:30 +0000"
    },
    "done": true
  },
  "minecraft:recipes/building_blocks/jungle_stairs": {
    "criteria": {
      "has_planks": "2024-12-23 04:18:30 +0000"
    },
    "done": true
  },
  "minecraft:recipes/redstone/jungle_fence_gate": {
    "criteria": {
      "has_planks": "2024-12-23 04:18:30 +0000"
    },
    "done": true
  },
  "iceandfire:recipes/tools/myrmex_desert_hoe": {
    "criteria": {
      "has_item": "2024-12-23 04:18:30 +0000"
    },
    "done": true
  },
  "iceandfire:recipes/combat/myrmex_desert_chestplate": {
    "criteria": {
      "has_item": "2024-12-23 04:18:30 +0000"
    },
    "done": true
  },
  "iceandfire:recipes/combat/myrmex_desert_leggings": {
    "criteria": {
      "has_item": "2024-12-23 04:18:30 +0000"
    },
    "done": true
  },
  "minecraft:recipes/redstone/jungle_trapdoor": {
    "criteria": {
      "has_planks": "2024-12-23 04:18:30 +0000"
    },
    "done": true
  },
  "iceandfire:recipes/combat/myrmex_desert_boots": {
    "criteria": {
      "has_item": "2024-12-23 04:18:30 +0000"
    },
    "done": true
  },
  "minecraft:recipes/decorations/jungle_sign": {
    "criteria": {
      "has_planks": "2024-12-23 04:18:30 +0000"
    },
    "done": true
  },
  "minecraft:recipes/redstone/jungle_door": {
    "criteria": {
      "has_planks": "2024-12-23 04:18:30 +0000"
    },
    "done": true
  },
  "minecraft:recipes/decorations/jungle_fence": {
    "criteria": {
      "has_planks": "2024-12-23 04:18:30 +0000"
    },
    "done": true
  },
  "minecraft:recipes/redstone/jungle_pressure_plate": {
    "criteria": {
      "has_planks": "2024-12-23 04:18:30 +0000"
    },
    "done": true
  },
  "minecraft:recipes/building_blocks/jungle_slab": {
    "criteria": {
      "has_planks": "2024-12-23 04:18:30 +0000"
    },
    "done": true
  },
  "doggytalents:recipes/decorations/frisbee": {
    "criteria": {
      "has_slime_ball": "2024-12-23 04:18:31 +0000"
    },
    "done": true
  },
  "minecraft:story/obtain_armor": {
    "criteria": {
      "iron_leggings": "2024-12-23 04:18:31 +0000"
    },
    "done": true
  },
  "minecraft:recipes/misc/iron_nugget_from_smelting": {
    "criteria": {
      "has_iron_leggings": "2024-12-23 04:18:31 +0000"
    },
    "done": true
  },
  "minecraft:recipes/tools/lead": {
    "criteria": {
      "has_slime_ball": "2024-12-23 04:18:31 +0000"
    },
    "done": true
  },
  "iceandfire:recipes/combat/tide_trident": {
    "criteria": {
      "has_item": "2024-12-23 04:18:31 +0000"
    },
    "done": true
  },
  "minecraft:recipes/redstone/sticky_piston": {
    "criteria": {
      "has_slime_ball": "2024-12-23 04:18:31 +0000"
    },
    "done": true
  },
  "minecraft:recipes/redstone/slime_block": {
    "criteria": {
      "has_slime_ball": "2024-12-23 04:18:31 +0000"
    },
    "done": true
  },
  "iceandfire:recipes/combat/diamond_hippogryph_armor": {
    "criteria": {
      "has_item": "2024-12-23 04:18:31 +0000"
    },
    "done": true
  },
  "minecraft:recipes/misc/iron_nugget_from_blasting": {
    "criteria": {
      "has_iron_leggings": "2024-12-23 04:18:31 +0000"
    },
    "done": true
  },
  "iceandfire:recipes/combat/sea_serpent_arrow": {
    "criteria": {
      "has_item": "2024-12-23 04:18:31 +0000"
    },
    "done": true
  },
  "doggytalents:recipes/tools/throw_stick": {
    "criteria": {
      "has_slime_ball": "2024-12-23 04:18:31 +0000"
    },
    "done": true
  },
  "minecraft:recipes/decorations/smoker": {
    "criteria": {
      "has_furnace": "2024-12-23 04:18:33 +0000"
    },
    "done": true
  },
  "doggytalents:recipes/decorations/pianist_suit": {
    "criteria": {
      "has_string": "2024-12-23 04:18:35 +0000"
    },
    "done": true
  },
  "minecraft:recipes/combat/bow": {
    "criteria": {
      "has_string": "2024-12-23 04:18:35 +0000"
    },
    "done": true
  },
  "doggytalents:recipes/decorations/bowtie": {
    "criteria": {
      "has_string": "2024-12-23 04:18:35 +0000"
    },
    "done": true
  },
  "doggytalents:recipes/decorations/guard_suit": {
    "criteria": {
      "has_string": "2024-12-23 04:18:35 +0000"
    },
    "done": true
  },
  "minecraft:recipes/tools/fishing_rod": {
    "criteria": {
      "has_string": "2024-12-23 04:18:35 +0000"
    },
    "done": true
  },
  "doggytalents:recipes/decorations/locator_orb_rei": {
    "criteria": {
      "has_string": "2024-12-23 04:18:35 +0000"
    },
    "done": true
  },
  "minecraft:recipes/redstone/tripwire_hook": {
    "criteria": {
      "has_string": "2024-12-23 04:18:35 +0000"
    },
    "done": true
  },
  "travelersbackpack:recipes/misc/spider": {
    "criteria": {
      "has_string": "2024-12-23 04:18:35 +0000"
    },
    "done": true
  },
  "doggytalents:recipes/decorations/wig": {
    "criteria": {
      "has_string": "2024-12-23 04:18:35 +0000"
    },
    "done": true
  },
  "minecraft:recipes/decorations/candle": {
    "criteria": {
      "has_string": "2024-12-23 04:18:35 +0000"
    },
    "done": true
  },
  "doggytalents:recipes/decorations/wool_collar_thicc": {
    "criteria": {
      "has_string": "2024-12-23 04:18:35 +0000"
    },
    "done": true
  },
  "doggytalents:recipes/decorations/locator_orb_shin": {
    "criteria": {
      "has_string": "2024-12-23 04:18:35 +0000"
    },
    "done": true
  },
  "doggytalents:recipes/tools/empty_locator_orb": {
    "criteria": {
      "has_string": "2024-12-23 04:18:35 +0000"
    },
    "done": true
  },
  "doggytalents:recipes/decorations/bach_wig": {
    "criteria": {
      "has_string": "2024-12-23 04:18:35 +0000"
    },
    "done": true
  },
  "doggytalents:recipes/decorations/tengu_mask": {
    "criteria": {
      "has_string": "2024-12-23 04:18:35 +0000"
    },
    "done": true
  },
  "doggytalents:recipes/decorations/locator_orb_jin": {
    "criteria": {
      "has_string": "2024-12-23 04:18:35 +0000"
    },
    "done": true
  },
  "doggytalents:recipes/decorations/wool_collar": {
    "criteria": {
      "has_string": "2024-12-23 04:18:35 +0000"
    },
    "done": true
  },
  "doggytalents:recipes/misc/gender_bone": {
    "criteria": {
      "has_string": "2024-12-23 04:18:35 +0000"
    },
    "done": true
  },
  "doggytalents:recipes/decorations/kitsune_mask": {
    "criteria": {
      "has_string": "2024-12-23 04:18:35 +0000"
    },
    "done": true
  },
  "minecraft:recipes/building_blocks/white_wool_from_string": {
    "criteria": {
      "has_string": "2024-12-23 04:18:35 +0000"
    },
    "done": true
  },
  "doggytalents:recipes/decorations/locator_orb_chu": {
    "criteria": {
      "has_string": "2024-12-23 04:18:35 +0000"
    },
    "done": true
  },
  "doggytalents:recipes/decorations/locator_orb_chi": {
    "criteria": {
      "has_string": "2024-12-23 04:18:35 +0000"
    },
    "done": true
  },
  "doggytalents:recipes/decorations/locator_orb_tei": {
    "criteria": {
      "has_string": "2024-12-23 04:18:35 +0000"
    },
    "done": true
  },
  "doggytalents:recipes/decorations/locator_orb_ko": {
    "criteria": {
      "has_string": "2024-12-23 04:18:35 +0000"
    },
    "done": true
  },
  "minecraft:recipes/decorations/loom": {
    "criteria": {
      "has_string": "2024-12-23 04:18:35 +0000"
    },
    "done": true
  },
  "doggytalents:recipes/decorations/locator_orb_gi": {
    "criteria": {
      "has_string": "2024-12-23 04:18:35 +0000"
    },
    "done": true
  },
  "doggytalents:recipes/decorations/locator_orb_dyable": {
    "criteria": {
      "has_string": "2024-12-23 04:18:35 +0000"
    },
    "done": true
  },
  "minecraft:story/iron_tools": {
    "criteria": {
      "iron_pickaxe": "2024-12-23 04:18:50 +0000"
    },
    "done": true
  },
  "minecraft:recipes/misc/blue_dye": {
    "criteria": {
      "has_lapis_lazuli": "2024-12-23 04:18:51 +0000"
    },
    "done": true
  },
  "minecraft:recipes/building_blocks/lapis_block": {
    "criteria": {
      "has_lapis_lazuli": "2024-12-23 04:18:51 +0000"
    },
    "done": true
  },
  "minecraft:recipes/misc/netherite_scrap_from_blasting": {
    "criteria": {
      "has_ancient_debris": "2024-12-23 04:18:51 +0000"
    },
    "done": true
  },
  "minecraft:recipes/misc/netherite_scrap": {
    "criteria": {
      "has_ancient_debris": "2024-12-23 04:18:51 +0000"
    },
    "done": true
  },
  "minecraft:recipes/misc/netherite_ingot": {
    "criteria": {
      "has_netherite_scrap": "2024-12-23 04:18:51 +0000"
    },
    "done": true
  },
  "minecraft:nether/obtain_ancient_debris": {
    "criteria": {
      "ancient_debris": "2024-12-23 04:18:51 +0000"
    },
    "done": true
  },
  "travelersbackpack:recipes/misc/lapis": {
    "criteria": {
      "has_lapis_lazuli": "2024-12-23 04:18:51 +0000"
    },
    "done": true
  },
  "doggytalents:recipes/tools/shrinking_mallet": {
    "criteria": {
      "has_gold_ingot": "2024-12-23 04:18:52 +0000"
    },
    "done": true
  },
  "minecraft:recipes/tools/golden_axe": {
    "criteria": {
      "has_gold_ingot": "2024-12-23 04:18:52 +0000"
    },
    "done": true
  },
  "minecraft:recipes/tools/golden_pickaxe": {
    "criteria": {
      "has_gold_ingot": "2024-12-23 04:18:52 +0000"
    },
    "done": true
  },
  "minecraft:recipes/misc/gold_nugget": {
    "criteria": {
      "has_gold_ingot": "2024-12-23 04:18:52 +0000"
    },
    "done": true
  },
  "minecraft:recipes/tools/golden_shovel": {
    "criteria": {
      "has_gold_ingot": "2024-12-23 04:18:52 +0000"
    },
    "done": true
  },
  "minecraft:recipes/food/golden_apple": {
    "criteria": {
      "has_gold_ingot": "2024-12-23 04:18:52 +0000"
    },
    "done": true
  },
  "minecraft:recipes/combat/golden_boots": {
    "criteria": {
      "has_gold_ingot": "2024-12-23 04:18:52 +0000"
    },
    "done": true
  },
  "minecraft:recipes/combat/golden_helmet": {
    "criteria": {
      "has_gold_ingot": "2024-12-23 04:18:52 +0000"
    },
    "done": true
  },
  "minecraft:recipes/combat/golden_chestplate": {
    "criteria": {
      "has_gold_ingot": "2024-12-23 04:18:52 +0000"
    },
    "done": true
  },
  "travelersbackpack:recipes/misc/gold": {
    "criteria": {
      "has_gold_ingot": "2024-12-23 04:18:52 +0000"
    },
    "done": true
  },
  "doggytalents:recipes/tools/magnifying_bone": {
    "criteria": {
      "has_gold_ingot": "2024-12-23 04:18:52 +0000"
    },
    "done": true
  },
  "doggytalents:recipes/tools/canine_tracker": {
    "criteria": {
      "has_gold_ingot": "2024-12-23 04:18:52 +0000"
    },
    "done": true
  },
  "minecraft:recipes/redstone/light_weighted_pressure_plate": {
    "criteria": {
      "has_gold_ingot": "2024-12-23 04:18:52 +0000"
    },
    "done": true
  },
  "minecraft:recipes/combat/golden_sword": {
    "criteria": {
      "has_gold_ingot": "2024-12-23 04:18:52 +0000"
    },
    "done": true
  },
  "minecraft:recipes/building_blocks/gold_block": {
    "criteria": {
      "has_gold_ingot": "2024-12-23 04:18:52 +0000"
    },
    "done": true
  },
  "travelersbackpack:recipes/misc/gold_tier_upgrade": {
    "criteria": {
      "has_gold_ingot": "2024-12-23 04:18:52 +0000"
    },
    "done": true
  },
  "minecraft:recipes/tools/golden_hoe": {
    "criteria": {
      "has_gold_ingot": "2024-12-23 04:18:52 +0000"
    },
    "done": true
  },
  "minecraft:recipes/combat/golden_leggings": {
    "criteria": {
      "has_gold_ingot": "2024-12-23 04:18:52 +0000"
    },
    "done": true
  },
  "minecraft:recipes/misc/gold_ingot_from_blasting_raw_gold": {
    "criteria": {
      "has_raw_gold": "2024-12-23 04:18:53 +0000"
    },
    "done": true
  },
  "minecraft:recipes/building_blocks/emerald_block": {
    "criteria": {
      "has_emerald": "2024-12-23 04:18:53 +0000"
    },
    "done": true
  },
  "travelersbackpack:recipes/misc/emerald": {
    "criteria": {
      "has_emerald": "2024-12-23 04:18:53 +0000"
    },
    "done": true
  },
  "minecraft:recipes/misc/gold_ingot_from_smelting_raw_gold": {
    "criteria": {
      "has_raw_gold": "2024-12-23 04:18:53 +0000"
    },
    "done": true
  },
  "minecraft:recipes/building_blocks/raw_gold_block": {
    "criteria": {
      "has_raw_gold": "2024-12-23 04:18:53 +0000"
    },
    "done": true
  },
  "iceandfire:recipes/combat/deathworm_white_helmet": {
    "criteria": {
      "has_item": "2024-12-23 04:18:54 +0000"
    },
    "done": true
  },
  "iceandfire:recipes/combat/deathworm_white_leggings": {
    "criteria": {
      "has_item": "2024-12-23 04:18:54 +0000"
    },
    "done": true
  },
  "minecraft:recipes/building_blocks/raw_iron_block": {
    "criteria": {
      "has_raw_iron": "2024-12-23 04:18:54 +0000"
    },
    "done": true
  },
  "iceandfire:recipes/combat/deathworm_white_chestplate": {
    "criteria": {
      "has_item": "2024-12-23 04:18:54 +0000"
    },
    "done": true
  },
  "iceandfire:recipes/combat/deathworm_white_boots": {
    "criteria": {
      "has_item": "2024-12-23 04:18:54 +0000"
    },
    "done": true
  },
  "minecraft:recipes/misc/iron_ingot_from_smelting_raw_iron": {
    "criteria": {
      "has_raw_iron": "2024-12-23 04:18:54 +0000"
    },
    "done": true
  },
  "minecraft:recipes/misc/iron_ingot_from_blasting_raw_iron": {
    "criteria": {
      "has_raw_iron": "2024-12-23 04:18:54 +0000"
    },
    "done": true
  },
  "iceandfire:recipes/combat/tide_deepblue_helmet": {
    "criteria": {
      "has_item": "2024-12-23 04:18:55 +0000"
    },
    "done": true
  },
  "iceandfire:recipes/combat/tide_deepblue_chestplate": {
    "criteria": {
      "has_item": "2024-12-23 04:18:55 +0000"
    },
    "done": true
  },
  "iceandfire:recipes/building_blocks/sea_serpent_scales_deepblue_to_sea_serpent_scale_block_deepblue": {
    "criteria": {
      "has_sea_serpent_scales_deepblue": "2024-12-23 04:18:55 +0000"
    },
    "done": true
  },
  "iceandfire:recipes/combat/tide_deepblue_leggings": {
    "criteria": {
      "has_item": "2024-12-23 04:18:55 +0000"
    },
    "done": true
  },
  "iceandfire:recipes/combat/tide_deepblue_boots": {
    "criteria": {
      "has_item": "2024-12-23 04:18:55 +0000"
    },
    "done": true
  },
  "minecraft:recipes/building_blocks/polished_diorite_stairs": {
    "criteria": {
      "has_polished_diorite": "2024-12-23 04:30:30 +0000"
    },
    "done": true
  },
  "minecraft:recipes/building_blocks/polished_diorite_slab": {
    "criteria": {
      "has_polished_diorite": "2024-12-23 04:30:30 +0000"
    },
    "done": true
  },
  "minecraft:recipes/building_blocks/polished_diorite_stairs_from_polished_diorite_stonecutting": {
    "criteria": {
      "has_polished_diorite": "2024-12-23 04:30:30 +0000"
    },
    "done": true
  },
  "minecraft:recipes/building_blocks/polished_diorite_slab_from_polished_diorite_stonecutting": {
    "criteria": {
      "has_polished_diorite": "2024-12-23 04:30:30 +0000"
    },
    "done": true
  },
  "minecraft:recipes/decorations/white_glazed_terracotta": {
    "criteria": {
      "has_white_terracotta": "2024-12-23 04:33:45 +0000"
    },
    "done": true
  },
  "minecraft:recipes/decorations/light_gray_glazed_terracotta": {
    "criteria": {
      "has_light_gray_terracotta": "2024-12-23 04:33:49 +0000"
    },
    "done": true
  },
  "minecraft:adventure/kill_all_mobs": {
    "criteria": {
      "minecraft:pillager": "2024-12-23 06:21:54 +0000",
      "minecraft:skeleton": "2024-12-23 04:37:19 +0000",
      "minecraft:spider": "2024-12-23 06:23:14 +0000",
      "minecraft:creeper": "2024-12-23 04:35:03 +0000",
      "minecraft:phantom": "2024-12-23 08:24:00 +0000",
      "minecraft:wither_skeleton": "2024-12-23 08:25:23 +0000",
      "minecraft:enderman": "2024-12-23 06:24:20 +0000",
      "minecraft:zombie": "2024-12-23 06:26:25 +0000",
      "minecraft:zombie_villager": "2024-12-23 07:00:45 +0000"
    },
    "done": false
  },
  "minecraft:adventure/root": {
    "criteria": {
      "killed_something": "2024-12-23 04:35:03 +0000"
    },
    "done": true
  },
  "minecraft:adventure/kill_a_mob": {
    "criteria": {
      "minecraft:creeper": "2024-12-23 04:35:03 +0000"
    },
    "done": true
  },
  "minecraft:recipes/combat/leather_helmet": {
    "criteria": {
      "has_leather": "2024-12-23 04:35:47 +0000"
    },
    "done": true
  },
  "minecraft:recipes/combat/leather_leggings": {
    "criteria": {
      "has_leather": "2024-12-23 04:35:47 +0000"
    },
    "done": true
  },
  "doggytalents:recipes/decorations/leather_jacket": {
    "criteria": {
      "has_leather": "2024-12-23 04:35:47 +0000"
    },
    "done": true
  },
  "iceandfire:recipes/misc/blindfold": {
    "criteria": {
      "has_item": "2024-12-23 04:35:47 +0000"
    },
    "done": true
  },
  "doggytalents:recipes/decorations/plague_doctor_mask": {
    "criteria": {
      "has_leather": "2024-12-23 04:35:47 +0000"
    },
    "done": true
  },
  "minecraft:recipes/combat/leather_chestplate": {
    "criteria": {
      "has_leather": "2024-12-23 04:35:47 +0000"
    },
    "done": true
  },
  "minecraft:recipes/misc/leather_horse_armor": {
    "criteria": {
      "has_leather": "2024-12-23 04:35:47 +0000"
    },
    "done": true
  },
  "travelersbackpack:recipes/misc/horse": {
    "criteria": {
      "has_leather": "2024-12-23 04:35:47 +0000"
    },
    "done": true
  },
  "doggytalents:recipes/tools/treat_bag": {
    "criteria": {
      "has_leather": "2024-12-23 04:35:47 +0000"
    },
    "done": true
  },
  "doggytalents:recipes/decorations/tantan_cape": {
    "criteria": {
      "has_leather": "2024-12-23 04:35:47 +0000"
    },
    "done": true
  },
  "doggytalents:recipes/food/golden_a_five_wagyu": {
    "criteria": {
      "has_cooked_beef": "2024-12-23 04:35:47 +0000"
    },
    "done": true
  },
  "minecraft:recipes/decorations/item_frame": {
    "criteria": {
      "has_leather": "2024-12-23 04:35:47 +0000"
    },
    "done": true
  },
  "minecraft:recipes/combat/leather_boots": {
    "criteria": {
      "has_leather": "2024-12-23 04:35:47 +0000"
    },
    "done": true
  },
  "doggytalents:recipes/decorations/cape_coloured": {
    "criteria": {
      "has_leather": "2024-12-23 04:35:47 +0000"
    },
    "done": true
  },
  "travelersbackpack:recipes/misc/creeper": {
    "criteria": {
      "has_gunpowder": "2024-12-23 04:37:13 +0000"
    },
    "done": true
  },
  "minecraft:recipes/misc/firework_rocket_simple": {
    "criteria": {
      "has_gunpowder": "2024-12-23 04:37:13 +0000"
    },
    "done": true
  },
  "minecraft:recipes/redstone/tnt": {
    "criteria": {
      "has_gunpowder": "2024-12-23 04:37:13 +0000"
    },
    "done": true
  },
  "minecraft:recipes/food/cake": {
    "criteria": {
      "has_egg": "2024-12-23 04:40:02 +0000"
    },
    "done": true
  },
  "doggytalents:recipes/food/egg_sandwich": {
    "criteria": {
      "has_egg": "2024-12-23 04:40:02 +0000"
    },
    "done": true
  },
  "travelersbackpack:recipes/misc/cake": {
    "criteria": {
      "has_egg": "2024-12-23 04:40:02 +0000"
    },
    "done": true
  },
  "minecraft:recipes/building_blocks/bookshelf": {
    "criteria": {
      "has_book": "2024-12-23 04:57:00 +0000"
    },
    "done": true
  },
  "minecraft:recipes/redstone/lectern": {
    "criteria": {
      "has_book": "2024-12-23 04:57:00 +0000"
    },
    "done": true
  },
  "minecraft:recipes/building_blocks/chiseled_bookshelf": {
    "criteria": {
      "has_book": "2024-12-23 04:57:00 +0000"
    },
    "done": true
  },
  "minecraft:recipes/misc/writable_book": {
    "criteria": {
      "has_book": "2024-12-23 04:57:00 +0000"
    },
    "done": true
  },
  "travelersbackpack:recipes/misc/bookshelf": {
    "criteria": {
      "has_book": "2024-12-23 04:57:00 +0000"
    },
    "done": true
  },
  "twilightforest:recipes/decorations/wood/acacia_banister": {
    "criteria": {
      "has_item": "2024-12-23 04:57:45 +0000"
    },
    "done": true
  },
  "minecraft:recipes/decorations/composter": {
    "criteria": {
      "has_wood_slab": "2024-12-23 04:57:45 +0000"
    },
    "done": true
  },
  "minecraft:adventure/trade": {
    "criteria": {
      "traded": "2024-12-23 05:07:41 +0000"
    },
    "done": true
  },
  "minecraft:recipes/food/bread": {
    "criteria": {
      "has_wheat": "2024-12-23 05:10:11 +0000"
    },
    "done": true
  },
  "minecraft:recipes/building_blocks/hay_block": {
    "criteria": {
      "has_wheat": "2024-12-23 05:10:11 +0000"
    },
    "done": true
  },
  "travelersbackpack:recipes/misc/hay": {
    "criteria": {
      "has_wheat": "2024-12-23 05:10:11 +0000"
    },
    "done": true
  },
  "travelersbackpack:recipes/misc/chicken": {
    "criteria": {
      "has_feather": "2024-12-23 05:15:09 +0000"
    },
    "done": true
  },
  "doggytalents:recipes/tools/feathered_mantle": {
    "criteria": {
      "has_feather": "2024-12-23 05:15:09 +0000"
    },
    "done": true
  },
  "iceandfire:iceandfire/kill_if_dragon": {
    "criteria": {
      "killed_ice_dragon": "2024-12-23 05:49:28 +0000"
    },
    "done": true
  },
  "iceandfire:recipes/combat/armor_silver_boots": {
    "criteria": {
      "has_item": "2024-12-23 05:49:30 +0000"
    },
    "done": true
  },
  "iceandfire:recipes/combat/armor_silver_chestplate": {
    "criteria": {
      "has_item": "2024-12-23 05:49:30 +0000"
    },
    "done": true
  },
  "iceandfire:recipes/combat/armor_silver_helmet": {
    "criteria": {
      "has_item": "2024-12-23 05:49:30 +0000"
    },
    "done": true
  },
  "iceandfire:recipes/combat/armor_silver_leggings": {
    "criteria": {
      "has_item": "2024-12-23 05:49:30 +0000"
    },
    "done": true
  },
  "iceandfire:recipes/building_blocks/dragonscales_silver_to_dragonscale_silver": {
    "criteria": {
      "has_dragonscales_silver": "2024-12-23 05:49:30 +0000"
    },
    "done": true
  },
  "iceandfire:iceandfire/dragon_egg": {
    "criteria": {
      "egg": "2024-12-23 05:49:43 +0000"
    },
    "done": true
  },
  "iceandfire:recipes/misc/dragon_ice": {
    "criteria": {
      "has_item": "2024-12-23 05:55:43 +0000"
    },
    "done": true
  },
  "minecraft:adventure/adventuring_time": {
    "criteria": {
      "minecraft:deep_ocean": "2024-12-23 07:25:50 +0000",
      "minecraft:savanna_plateau": "2024-12-23 07:33:37 +0000",
      "minecraft:river": "2024-12-23 07:18:58 +0000",
      "minecraft:dripstone_caves": "2024-12-23 06:23:07 +0000",
      "minecraft:lush_caves": "2024-12-23 07:01:43 +0000",
      "minecraft:jungle": "2024-12-23 06:45:35 +0000",
      "minecraft:savanna": "2024-12-23 07:33:35 +0000"
    },
    "done": false
  },
  "minecraft:recipes/building_blocks/oak_planks": {
    "criteria": {
      "has_logs": "2024-12-23 06:25:55 +0000"
    },
    "done": true
  },
  "minecraft:recipes/building_blocks/oak_wood": {
    "criteria": {
      "has_log": "2024-12-23 06:25:55 +0000"
    },
    "done": true
  },
  "iceandfire:iceandfire/rotten_egg": {
    "criteria": {
      "bestiary": "2024-12-23 06:36:53 +0000"
    },
    "done": true
  },
  "minecraft:recipes/building_blocks/coarse_dirt": {
    "criteria": {
      "has_gravel": "2024-12-23 06:38:30 +0000"
    },
    "done": true
  },
  "minecraft:recipes/building_blocks/light_gray_concrete_powder": {
    "criteria": {
      "has_gravel": "2024-12-23 06:38:30 +0000"
    },
    "done": true
  },
  "minecraft:recipes/building_blocks/pink_concrete_powder": {
    "criteria": {
      "has_gravel": "2024-12-23 06:38:30 +0000"
    },
    "done": true
  },
  "minecraft:recipes/building_blocks/red_concrete_powder": {
    "criteria": {
      "has_gravel": "2024-12-23 06:38:30 +0000"
    },
    "done": true
  },
  "minecraft:recipes/building_blocks/brown_concrete_powder": {
    "criteria": {
      "has_gravel": "2024-12-23 06:38:30 +0000"
    },
    "done": true
  },
  "minecraft:recipes/building_blocks/light_blue_concrete_powder": {
    "criteria": {
      "has_gravel": "2024-12-23 06:38:30 +0000"
    },
    "done": true
  },
  "minecraft:recipes/building_blocks/green_concrete_powder": {
    "criteria": {
      "has_gravel": "2024-12-23 06:38:30 +0000"
    },
    "done": true
  },
  "minecraft:recipes/building_blocks/blue_concrete_powder": {
    "criteria": {
      "has_gravel": "2024-12-23 06:38:30 +0000"
    },
    "done": true
  },
  "minecraft:recipes/building_blocks/white_concrete_powder": {
    "criteria": {
      "has_gravel": "2024-12-23 06:38:30 +0000"
    },
    "done": true
  },
  "minecraft:recipes/building_blocks/lime_concrete_powder": {
    "criteria": {
      "has_gravel": "2024-12-23 06:38:30 +0000"
    },
    "done": true
  },
  "minecraft:recipes/building_blocks/orange_concrete_powder": {
    "criteria": {
      "has_gravel": "2024-12-23 06:38:30 +0000"
    },
    "done": true
  },
  "minecraft:recipes/building_blocks/magenta_concrete_powder": {
    "criteria": {
      "has_gravel": "2024-12-23 06:38:30 +0000"
    },
    "done": true
  },
  "minecraft:recipes/building_blocks/yellow_concrete_powder": {
    "criteria": {
      "has_gravel": "2024-12-23 06:38:30 +0000"
    },
    "done": true
  },
  "minecraft:recipes/building_blocks/gray_concrete_powder": {
    "criteria": {
      "has_gravel": "2024-12-23 06:38:30 +0000"
    },
    "done": true
  },
  "minecraft:recipes/building_blocks/black_concrete_powder": {
    "criteria": {
      "has_gravel": "2024-12-23 06:38:30 +0000"
    },
    "done": true
  },
  "minecraft:recipes/building_blocks/purple_concrete_powder": {
    "criteria": {
      "has_gravel": "2024-12-23 06:38:30 +0000"
    },
    "done": true
  },
  "minecraft:recipes/building_blocks/cyan_concrete_powder": {
    "criteria": {
      "has_gravel": "2024-12-23 06:38:30 +0000"
    },
    "done": true
  },
  "minecraft:recipes/decorations/oak_sign": {
    "criteria": {
      "has_planks": "2024-12-23 06:39:25 +0000"
    },
    "done": true
  },
  "minecraft:recipes/redstone/oak_trapdoor": {
    "criteria": {
      "has_planks": "2024-12-23 06:39:25 +0000"
    },
    "done": true
  },
  "minecraft:recipes/building_blocks/oak_stairs": {
    "criteria": {
      "has_planks": "2024-12-23 06:39:25 +0000"
    },
    "done": true
  },
  "minecraft:recipes/decorations/oak_fence": {
    "criteria": {
      "has_planks": "2024-12-23 06:39:25 +0000"
    },
    "done": true
  },
  "minecraft:recipes/redstone/oak_button": {
    "criteria": {
      "has_planks": "2024-12-23 06:39:25 +0000"
    },
    "done": true
  },
  "minecraft:recipes/building_blocks/oak_slab": {
    "criteria": {
      "has_planks": "2024-12-23 06:39:25 +0000"
    },
    "done": true
  },
  "minecraft:recipes/redstone/oak_fence_gate": {
    "criteria": {
      "has_planks": "2024-12-23 06:39:25 +0000"
    },
    "done": true
  },
  "minecraft:recipes/redstone/oak_pressure_plate": {
    "criteria": {
      "has_planks": "2024-12-23 06:39:25 +0000"
    },
    "done": true
  },
  "minecraft:recipes/redstone/oak_door": {
    "criteria": {
      "has_planks": "2024-12-23 06:39:25 +0000"
    },
    "done": true
  },
  "minecraft:recipes/building_blocks/jungle_wood": {
    "criteria": {
      "has_log": "2024-12-23 06:45:45 +0000"
    },
    "done": true
  },
  "minecraft:recipes/building_blocks/jungle_planks": {
    "criteria": {
      "has_logs": "2024-12-23 06:45:45 +0000"
    },
    "done": true
  },
  "minecraft:recipes/misc/vex_armor_trim_smithing_template_smithing_trim": {
    "criteria": {
      "has_smithing_trim_template": "2024-12-23 06:49:55 +0000"
    },
    "done": true
  },
  "minecraft:recipes/misc/vex_armor_trim_smithing_template": {
    "criteria": {
      "has_vex_armor_trim_smithing_template": "2024-12-23 06:49:55 +0000"
    },
    "done": true
  },
  "minecraft:recipes/misc/bone_meal_from_bone_block": {
    "criteria": {
      "has_bone_block": "2024-12-23 06:52:17 +0000"
    },
    "done": true
  },
  "iceandfire:iceandfire/lectern": {
    "criteria": {
      "bestiary": "2024-12-23 06:59:41 +0000"
    },
    "done": true
  },
  "iceandfire:recipes/decorations/copper_pile": {
    "criteria": {
      "has_item": "2024-12-23 07:03:38 +0000"
    },
    "done": true
  },
  "iceandfire:recipes/misc/copper_nuggets_to_ingot": {
    "criteria": {
      "has_item": "2024-12-23 07:03:38 +0000"
    },
    "done": true
  },
  "doggytalents:recipes/decorations/flatcap": {
    "criteria": {
      "has_white_carpet": "2024-12-23 07:06:26 +0000"
    },
    "done": true
  },
  "iceandfire:recipes/building_blocks/dragonscales_gray_to_dragonscale_gray": {
    "criteria": {
      "has_dragonscales_gray": "2024-12-23 07:06:45 +0000"
    },
    "done": true
  },
  "iceandfire:recipes/combat/armor_gray_helmet": {
    "criteria": {
      "has_item": "2024-12-23 07:06:45 +0000"
    },
    "done": true
  },
  "iceandfire:recipes/combat/armor_gray_chestplate": {
    "criteria": {
      "has_item": "2024-12-23 07:06:45 +0000"
    },
    "done": true
  },
  "iceandfire:recipes/combat/armor_gray_leggings": {
    "criteria": {
      "has_item": "2024-12-23 07:06:45 +0000"
    },
    "done": true
  },
  "iceandfire:recipes/combat/armor_gray_boots": {
    "criteria": {
      "has_item": "2024-12-23 07:06:45 +0000"
    },
    "done": true
  },
  "minecraft:recipes/brewing/cauldron": {
    "criteria": {
      "has_water_bucket": "2024-12-23 07:08:52 +0000"
    },
    "done": true
  },
  "iceandfire:iceandfire/kill_troll": {
    "criteria": {
      "killed_fire_dragon": "2024-12-23 07:17:27 +0000"
    },
    "done": true
  },
  "iceandfire:recipes/combat/mountain_troll_leather_leggings": {
    "criteria": {
      "has_item": "2024-12-23 07:17:28 +0000"
    },
    "done": true
  },
  "iceandfire:recipes/combat/mountain_troll_leather_chestplate": {
    "criteria": {
      "has_item": "2024-12-23 07:17:28 +0000"
    },
    "done": true
  },
  "iceandfire:recipes/combat/mountain_troll_leather_boots": {
    "criteria": {
      "has_item": "2024-12-23 07:17:28 +0000"
    },
    "done": true
  },
  "minecraft:recipes/misc/gold_nugget_from_smelting": {
    "criteria": {
      "has_golden_boots": "2024-12-23 07:19:53 +0000"
    },
    "done": true
  },
  "minecraft:recipes/misc/gold_nugget_from_blasting": {
    "criteria": {
      "has_golden_boots": "2024-12-23 07:19:53 +0000"
    },
    "done": true
  },
  "travelersbackpack:recipes/misc/coal": {
    "criteria": {
      "has_coal": "2024-12-23 07:33:49 +0000"
    },
    "done": true
  },
  "minecraft:recipes/building_blocks/coal_block": {
    "criteria": {
      "has_coal": "2024-12-23 07:33:49 +0000"
    },
    "done": true
  },
  "minecraft:recipes/building_blocks/stone_bricks": {
    "criteria": {
      "has_stone": "2024-12-23 07:34:21 +0000"
    },
    "done": true
  },
  "minecraft:recipes/building_blocks/stone_bricks_from_stone_stonecutting": {
    "criteria": {
      "has_stone": "2024-12-23 07:34:21 +0000"
    },
    "done": true
  },
  "minecraft:recipes/building_blocks/stone_slab": {
    "criteria": {
      "has_stone": "2024-12-23 07:34:21 +0000"
    },
    "done": true
  },
  "minecraft:recipes/building_blocks/stone_stairs_from_stone_stonecutting": {
    "criteria": {
      "has_stone": "2024-12-23 07:34:21 +0000"
    },
    "done": true
  },
  "minecraft:recipes/redstone/stone_button": {
    "criteria": {
      "has_stone": "2024-12-23 07:34:21 +0000"
    },
    "done": true
  },
  "minecraft:recipes/decorations/stonecutter": {
    "criteria": {
      "has_stone": "2024-12-23 07:34:21 +0000"
    },
    "done": true
  },
  "minecraft:recipes/redstone/stone_pressure_plate": {
    "criteria": {
      "has_stone": "2024-12-23 07:34:21 +0000"
    },
    "done": true
  },
  "minecraft:recipes/building_blocks/smooth_stone": {
    "criteria": {
      "has_stone": "2024-12-23 07:34:21 +0000"
    },
    "done": true
  },
  "minecraft:recipes/decorations/stone_brick_walls_from_stone_stonecutting": {
    "criteria": {
      "has_stone": "2024-12-23 07:34:21 +0000"
    },
    "done": true
  },
  "minecraft:recipes/building_blocks/stone_brick_slab_from_stone_stonecutting": {
    "criteria": {
      "has_stone": "2024-12-23 07:34:21 +0000"
    },
    "done": true
  },
  "minecraft:recipes/building_blocks/stone_brick_stairs_from_stone_stonecutting": {
    "criteria": {
      "has_stone": "2024-12-23 07:34:21 +0000"
    },
    "done": true
  },
  "minecraft:recipes/building_blocks/stone_slab_from_stone_stonecutting": {
    "criteria": {
      "has_stone": "2024-12-23 07:34:21 +0000"
    },
    "done": true
  },
  "minecraft:recipes/building_blocks/chiseled_stone_bricks_stone_from_stonecutting": {
    "criteria": {
      "has_stone": "2024-12-23 07:34:21 +0000"
    },
    "done": true
  },
  "minecraft:recipes/building_blocks/stone_stairs": {
    "criteria": {
      "has_stone": "2024-12-23 07:34:21 +0000"
    },
    "done": true
  },
  "minecraft:recipes/decorations/blast_furnace": {
    "criteria": {
      "has_smooth_stone": "2024-12-23 07:34:50 +0000"
    },
    "done": true
  },
  "minecraft:recipes/building_blocks/smooth_stone_slab": {
    "criteria": {
      "has_smooth_stone": "2024-12-23 07:34:50 +0000"
    },
    "done": true
  },
  "minecraft:recipes/building_blocks/smooth_stone_slab_from_smooth_stone_stonecutting": {
    "criteria": {
      "has_smooth_stone": "2024-12-23 07:34:50 +0000"
    },
    "done": true
  },
  "twilightforest:recipes/decorations/wood/jungle_banister": {
    "criteria": {
      "has_item": "2024-12-23 07:56:43 +0000"
    },
    "done": true
  },
  "minecraft:recipes/decorations/torch": {
    "criteria": {
      "has_stone_pickaxe": "2024-12-23 08:07:02 +0000"
    },
    "done": true
  },
  "minecraft:story/upgrade_tools": {
    "criteria": {
      "stone_pickaxe": "2024-12-23 08:07:02 +0000"
    },
    "done": true
  },
  "minecraft:story/lava_bucket": {
    "criteria": {
      "lava_bucket": "2024-12-23 08:07:22 +0000"
    },
    "done": true
  },
  "minecraft:recipes/misc/iron_ingot_from_iron_block": {
    "criteria": {
      "has_iron_block": "2024-12-23 08:09:34 +0000"
    },
    "done": true
  },
  "minecraft:recipes/decorations/anvil": {
    "criteria": {
      "has_iron_block": "2024-12-23 08:09:34 +0000"
    },
    "done": true
  },
  "minecraft:recipes/misc/copper_ingot_from_blasting_raw_copper": {
    "criteria": {
      "has_raw_copper": "2024-12-23 08:15:05 +0000"
    },
    "done": true
  },
  "minecraft:recipes/building_blocks/raw_copper_block": {
    "criteria": {
      "has_raw_copper": "2024-12-23 08:15:05 +0000"
    },
    "done": true
  },
  "minecraft:recipes/misc/copper_ingot_from_smelting_raw_copper": {
    "criteria": {
      "has_raw_copper": "2024-12-23 08:15:05 +0000"
    },
    "done": true
  },
  "iceandfire:recipes/tools/silver_ingot_from_smelting_raw_silver": {
    "criteria": {
      "has_raw_silver": "2024-12-23 08:15:07 +0000"
    },
    "done": true
  },
  "iceandfire:recipes/building_blocks/raw_silver_to_raw_silver_block": {
    "criteria": {
      "has_raw_silver": "2024-12-23 08:15:07 +0000"
    },
    "done": true
  },
  "iceandfire:recipes/tools/silver_ingot_from_blasting_raw_silver": {
    "criteria": {
      "has_raw_silver": "2024-12-23 08:15:07 +0000"
    },
    "done": true
  },
  "minecraft:nether/explore_nether": {
    "criteria": {
      "minecraft:nether_wastes": "2024-12-23 08:16:25 +0000",
      "minecraft:soul_sand_valley": "2024-12-23 08:17:23 +0000"
    },
    "done": false
  },
  "minecraft:story/enter_the_nether": {
    "criteria": {
      "entered_nether": "2024-12-23 08:16:25 +0000"
    },
    "done": true
  },
  "minecraft:nether/root": {
    "criteria": {
      "entered_nether": "2024-12-23 08:16:25 +0000"
    },
    "done": true
  },
  "minecraft:recipes/building_blocks/diorite": {
    "criteria": {
      "has_quartz": "2024-12-23 08:16:32 +0000"
    },
    "done": true
  },
  "minecraft:recipes/building_blocks/granite": {
    "criteria": {
      "has_quartz": "2024-12-23 08:16:32 +0000"
    },
    "done": true
  },
  "minecraft:recipes/building_blocks/quartz_block": {
    "criteria": {
      "has_quartz": "2024-12-23 08:16:32 +0000"
    },
    "done": true
  },
  "minecraft:recipes/redstone/daylight_detector": {
    "criteria": {
      "has_quartz": "2024-12-23 08:16:32 +0000"
    },
    "done": true
  },
  "minecraft:recipes/redstone/observer": {
    "criteria": {
      "has_quartz": "2024-12-23 08:16:32 +0000"
    },
    "done": true
  },
  "minecraft:recipes/redstone/comparator": {
    "criteria": {
      "has_quartz": "2024-12-23 08:16:32 +0000"
    },
    "done": true
  },
  "travelersbackpack:recipes/misc/quartz": {
    "criteria": {
      "has_quartz": "2024-12-23 08:16:32 +0000"
    },
    "done": true
  },
  "minecraft:recipes/misc/nether_brick": {
    "criteria": {
      "has_netherrack": "2024-12-23 08:16:38 +0000"
    },
    "done": true
  },
  "dungeons_arise:find_heavenly_challenger": {
    "criteria": {
      "location0": "2024-12-23 08:18:16 +0000"
    },
    "done": true
  },
  "minecraft:recipes/redstone/dark_oak_fence_gate": {
    "criteria": {
      "has_planks": "2024-12-23 08:18:22 +0000"
    },
    "done": true
  },
  "minecraft:recipes/redstone/dark_oak_trapdoor": {
    "criteria": {
      "has_planks": "2024-12-23 08:18:22 +0000"
    },
    "done": true
  },
  "minecraft:recipes/redstone/dark_oak_button": {
    "criteria": {
      "has_planks": "2024-12-23 08:18:22 +0000"
    },
    "done": true
  },
  "minecraft:recipes/building_blocks/dark_oak_stairs": {
    "criteria": {
      "has_planks": "2024-12-23 08:18:22 +0000"
    },
    "done": true
  },
  "minecraft:recipes/redstone/dark_oak_pressure_plate": {
    "criteria": {
      "has_planks": "2024-12-23 08:18:22 +0000"
    },
    "done": true
  },
  "minecraft:recipes/decorations/dark_oak_fence": {
    "criteria": {
      "has_planks": "2024-12-23 08:18:22 +0000"
    },
    "done": true
  },
  "minecraft:recipes/building_blocks/dark_oak_slab": {
    "criteria": {
      "has_planks": "2024-12-23 08:18:22 +0000"
    },
    "done": true
  },
  "minecraft:recipes/redstone/dark_oak_door": {
    "criteria": {
      "has_planks": "2024-12-23 08:18:22 +0000"
    },
    "done": true
  },
  "minecraft:recipes/decorations/dark_oak_sign": {
    "criteria": {
      "has_planks": "2024-12-23 08:18:22 +0000"
    },
    "done": true
  },
  "minecraft:recipes/combat/netherite_chestplate_smithing": {
    "criteria": {
      "has_netherite_ingot": "2024-12-23 08:35:09 +0000"
    },
    "done": true
  },
  "minecraft:recipes/combat/netherite_sword_smithing": {
    "criteria": {
      "has_netherite_ingot": "2024-12-23 08:35:09 +0000"
    },
    "done": true
  },
  "minecraft:recipes/combat/netherite_leggings_smithing": {
    "criteria": {
      "has_netherite_ingot": "2024-12-23 08:35:09 +0000"
    },
    "done": true
  },
  "minecraft:recipes/tools/netherite_hoe_smithing": {
    "criteria": {
      "has_netherite_ingot": "2024-12-23 08:35:09 +0000"
    },
    "done": true
  },
  "minecraft:recipes/decorations/lodestone": {
    "criteria": {
      "has_netherite_ingot": "2024-12-23 08:35:09 +0000"
    },
    "done": true
  },
  "minecraft:recipes/combat/netherite_helmet_smithing": {
    "criteria": {
      "has_netherite_ingot": "2024-12-23 08:35:09 +0000"
    },
    "done": true
  },
  "minecraft:recipes/building_blocks/netherite_block": {
    "criteria": {
      "has_netherite_ingot": "2024-12-23 08:35:09 +0000"
    },
    "done": true
  },
  "minecraft:recipes/combat/netherite_boots_smithing": {
    "criteria": {
      "has_netherite_ingot": "2024-12-23 08:35:09 +0000"
    },
    "done": true
  },
  "minecraft:recipes/tools/netherite_shovel_smithing": {
    "criteria": {
      "has_netherite_ingot": "2024-12-23 08:35:09 +0000"
    },
    "done": true
  },
  "travelersbackpack:recipes/misc/netherite": {
    "criteria": {
      "has_netherite_ingot": "2024-12-23 08:35:09 +0000"
    },
    "done": true
  },
  "doggytalents:recipes/misc/amnesia_bone": {
    "criteria": {
      "has_netherite_ingot": "2024-12-23 08:35:09 +0000"
    },
    "done": true
  },
  "minecraft:recipes/tools/netherite_axe_smithing": {
    "criteria": {
      "has_netherite_ingot": "2024-12-23 08:35:09 +0000"
    },
    "done": true
  },
  "travelersbackpack:recipes/misc/netherite_tier_upgrade": {
    "criteria": {
      "has_netherite_ingot": "2024-12-23 08:35:09 +0000"
    },
    "done": true
  },
  "minecraft:recipes/tools/netherite_pickaxe_smithing": {
    "criteria": {
      "has_netherite_ingot": "2024-12-23 08:35:09 +0000"
    },
    "done": true
  },
  "travelersbackpack:recipes/misc/enderman": {
    "criteria": {
      "has_ender_pearl": "2024-12-23 08:39:58 +0000"
    },
    "done": true
  },
  "alexsmobs:alexsmobs/seagull_steal": {
    "criteria": {
      "ex": "2024-12-23 09:03:29 +0000"
    },
    "done": true
  },
  "minecraft:recipes/misc/pink_dye_from_pink_tulip": {
    "criteria": {
      "has_pink_tulip": "2024-12-23 09:27:02 +0000"
    },
    "done": true
  },
  "DataVersion": 3465
}